fold,configuration,selector,solver,selected_tickers,objective,optimality_gap,feasibility_rate,turnover,transaction_cost,covariance_method,expected_return_source
0,liquidity_topk_exact,liquidity,exact,VPB|DPM|DGC|MBB,0.02687677607618594,0.0,1.0,0.999999999991218,0.0017977035723435212,ewma,ewma
0,ewma_topk_exact,ewma,exact,ACL|REE|DGC|OGC,-0.10705387492494194,0.0,1.0,0.9999999999977348,0.0017875853251616202,ewma,ewma
0,xgboost_topk_exact,xgboost,exact,PTL|NHA|TIP|TDG,-0.08874223261925619,0.0,1.0,1.0,0.0017516446746106951,ewma,xgboost_calibrated
0,adaptive_exact,adaptive,exact,APG|PVD|SBT|KSB,-0.09914970383138068,0.0,1.0,1.0,0.0015531543288199116,ewma,xgboost_calibrated
0,xgboost_penalty_qaoa,xgboost,penalty_qaoa_ideal_statevector,APG|NHA|SZC|TDG,-0.05815585220097952,0.344665437359022,0.30078125,0.9999999999999986,0.001665605025718525,ewma,xgboost_calibrated
0,xgboost_xy_qaoa,xgboost,xy_qaoa_dicke_ideal_statevector,PTL|NHA|TIP|TDG,-0.08874223261925619,0.0,1.0,1.0,0.0017516446746106951,ewma,xgboost_calibrated
0,adaptive_penalty_qaoa,adaptive,penalty_qaoa_ideal_statevector,APG|PVD|SBT|KSB,-0.09914970383138068,0.0,0.50146484375,1.0,0.0015531543288199116,ewma,xgboost_calibrated
0,adaptive_xy_qaoa,adaptive,xy_qaoa_dicke_ideal_statevector,APG|PVD|SBT|KSB,-0.09914970383138068,0.0,1.0,1.0,0.0015531543288199116,ewma,xgboost_calibrated
0,adaptive_simulated_annealing,adaptive,simulated_annealing,APG|PVD|SBT|KSB,-0.09914970383138068,0.0,1.0,1.0,0.0015531543288199116,ewma,xgboost_calibrated
1,liquidity_topk_exact,liquidity,exact,VPB|STB|DXG|HAG,-0.03935047677413073,0.0,1.0,1.6161994075499373,0.0037427865052094044,ewma,ewma
1,ewma_topk_exact,ewma,exact,CKG|TDC|PTL|VNS,-0.23842829422941988,0.0,1.0,1.9999999999986617,0.004596292101545901,ewma,ewma
1,xgboost_topk_exact,xgboost,exact,SKG|C32|HDB|DRC,0.10505058752442767,0.0,1.0,2.0,0.00443415354465715,ewma,xgboost_calibrated
1,adaptive_exact,adaptive,exact,MSB|MBB|BVH|HDB,0.103668730165118,0.0,1.0,1.999999999999976,0.0043056121223874946,ewma,xgboost_calibrated
1,xgboost_penalty_qaoa,xgboost,penalty_qaoa_ideal_statevector,MSB|C32|HDB|DRC,0.10515437180790344,0.0009879457689910124,0.2861328125,1.9999999999999998,0.0044604517158445545,ewma,xgboost_calibrated
1,xgboost_xy_qaoa,xgboost,xy_qaoa_dicke_ideal_statevector,MSB|C32|HDB|DRC,0.10515437180790344,0.0009879457689910124,1.0,1.9999999999999998,0.004448044857967242,ewma,xgboost_calibrated
1,adaptive_penalty_qaoa,adaptive,penalty_qaoa_ideal_statevector,MSB|MBB|BVH|HDB,0.103668730165118,0.0,0.484375,1.999999999999976,0.0043056121223874946,ewma,xgboost_calibrated
1,adaptive_xy_qaoa,adaptive,xy_qaoa_dicke_ideal_statevector,MSB|MBB|BVH|HDB,0.103668730165118,0.0,1.0,1.999999999999976,0.0043056121223874946,ewma,xgboost_calibrated
1,adaptive_simulated_annealing,adaptive,simulated_annealing,MSB|MBB|BVH|HDB,0.103668730165118,0.0,1.0,1.999999999999976,0.0043056121223874946,ewma,xgboost_calibrated
2,liquidity_topk_exact,liquidity,exact,HPG|STB|VPB|SHB,0.12097132384910061,0.0,1.0,1.6007920370543924,0.003671950663134028,ewma,ewma
2,ewma_topk_exact,ewma,exact,MCG|CTF|NNC|OCB,-0.15844560526641324,0.0,1.0,2.0,0.004590953682818043,ewma,ewma
2,xgboost_topk_exact,xgboost,exact,HPX|NVL|HTN|CTG,0.07757421821671279,0.0,1.0,2.0000000000000093,0.004323199257677095,ewma,xgboost_calibrated
2,adaptive_exact,adaptive,exact,HPX|NVL|HTN|CTG,0.07757421821671279,0.0,1.0,1.9999999999905183,0.004343338438265506,ewma,xgboost_calibrated
2,xgboost_penalty_qaoa,xgboost,penalty_qaoa_ideal_statevector,HPX|NVL|HTN|CTG,0.07757421821671279,0.0,0.298828125,2.0000000000000093,0.004340567151653284,ewma,xgboost_calibrated
2,xgboost_xy_qaoa,xgboost,xy_qaoa_dicke_ideal_statevector,HPX|NVL|HTN|CTG,0.07757421821671279,0.0,1.0,2.0000000000000093,0.004340567151653284,ewma,xgboost_calibrated
2,adaptive_penalty_qaoa,adaptive,penalty_qaoa_ideal_statevector,HPX|HTN|CTG|ACB,0.08207626520326369,0.05803535104815195,0.4921875,1.9999999999961187,0.004412758486839869,ewma,xgboost_calibrated
2,adaptive_xy_qaoa,adaptive,xy_qaoa_dicke_ideal_statevector,HPX|HTN|CTG|ACB,0.08207626520326369,0.05803535104815195,1.0,1.9999999999961187,0.004412758486839869,ewma,xgboost_calibrated
2,adaptive_simulated_annealing,adaptive,simulated_annealing,HPX|NVL|HTN|CTG,0.07757421821671279,0.0,1.0,1.9999999999905183,0.004343338438265506,ewma,xgboost_calibrated
3,liquidity_topk_exact,liquidity,exact,DIG|HPG|SHB|VPB,-0.019123908122224823,0.0,1.0,1.5748638644750683,0.003608661591775747,ewma,ewma
3,ewma_topk_exact,ewma,exact,LSS|CTD|HHP|BMP,-0.28718945287223707,0.0,1.0,1.9999999999999927,0.004577043583960349,ewma,ewma
3,xgboost_topk_exact,xgboost,exact,CSM|SMB|CHP|SHP,0.0048600843226988474,0.0,1.0,2.0,0.004568114083846222,ewma,xgboost_calibrated
3,adaptive_exact,adaptive,exact,BAF|HDB|TCH|CDC,0.022808490474964215,0.0,1.0,1.999999999999996,0.0044081395001081165,ewma,xgboost_calibrated
3,xgboost_penalty_qaoa,xgboost,penalty_qaoa_ideal_statevector,CSM|SMB|CHP|SHP,0.0048600843226988474,0.0,0.28955078125,1.9999999999999998,0.004568114083846222,ewma,xgboost_calibrated
3,xgboost_xy_qaoa,xgboost,xy_qaoa_dicke_ideal_statevector,CSM|SMB|CHP|SHP,0.0048600843226988474,0.0,1.0,1.9999999999999998,0.004568114083846222,ewma,xgboost_calibrated
3,adaptive_penalty_qaoa,adaptive,penalty_qaoa_ideal_statevector,BAF|HDB|TCH|CDC,0.022808490474964215,0.0,0.48974609375,1.9999999999999958,0.004414929368293901,ewma,xgboost_calibrated
3,adaptive_xy_qaoa,adaptive,xy_qaoa_dicke_ideal_statevector,TPB|BAF|HDB|CDC,0.025876126910564658,0.1344953730643922,1.0,1.9999999999999982,0.004389619546822903,ewma,xgboost_calibrated
3,adaptive_simulated_annealing,adaptive,simulated_annealing,BAF|HDB|TCH|CDC,0.022808490474964215,0.0,1.0,1.999999999999996,0.0044081395001081165,ewma,xgboost_calibrated
4,liquidity_topk_exact,liquidity,exact,NVL|SSI|VIX|DXG,-0.18486830829308143,0.0,1.0,1.9999999999976135,0.004596938862151046,ewma,ewma
4,ewma_topk_exact,ewma,exact,MHC|ELC|PIT|VIX,-0.3873205000199703,0.0,1.0,1.9999999999914955,0.004564628926666177,ewma,ewma
4,xgboost_topk_exact,xgboost,exact,PGC|HTI|HMC|NCT,-0.0720009137719749,0.0,1.0,2.0,0.0045578881704104795,ewma,xgboost_calibrated
4,adaptive_exact,adaptive,exact,VSH|TDM|SJD|PGC,-0.07268480608563631,0.0,1.0,1.9999999999999998,0.004582918272259356,ewma,xgboost_calibrated
4,xgboost_penalty_qaoa,xgboost,penalty_qaoa_ideal_statevector,PGC|HTI|HMC|NCT,-0.0720009137719749,0.0,0.3203125,2.0,0.0045578881704104795,ewma,xgboost_calibrated
4,xgboost_xy_qaoa,xgboost,xy_qaoa_dicke_ideal_statevector,NSC|NNC|PGC|NCT,-0.06476294607298091,0.10052605334726615,1.0,2.0,0.0046360624761856255,ewma,xgboost_calibrated
4,adaptive_penalty_qaoa,adaptive,penalty_qaoa_ideal_statevector,VSH|TDM|SJD|PGC,-0.07268480608563631,0.0,0.4970703125,2.0,0.0045829182722593575,ewma,xgboost_calibrated
4,adaptive_xy_qaoa,adaptive,xy_qaoa_dicke_ideal_statevector,VSH|SGN|SCS|PGC,-0.07011295579910037,0.035383602502432616,1.0,2.0,0.004581549751583014,ewma,xgboost_calibrated
4,adaptive_simulated_annealing,adaptive,simulated_annealing,VSH|TDM|SJD|PGC,-0.07268480608563631,0.0,1.0,1.9999999999999998,0.004582918272259356,ewma,xgboost_calibrated
5,liquidity_topk_exact,liquidity,exact,HPG|DIG|GEX|MWG,0.011666960989382339,0.0,1.0,2.0000000000001217,0.004596889210597022,ewma,ewma
5,ewma_topk_exact,ewma,exact,VTB|HAG|YEG|HNG,-0.24549346188570867,0.0,1.0,1.9999999999997804,0.004565625799963106,ewma,ewma
5,xgboost_topk_exact,xgboost,exact,ANV|ORS|CII|HHV,0.06349601671180079,0.0,1.0,1.9999999999999891,0.004351878075348723,ewma,xgboost_calibrated
5,adaptive_exact,adaptive,exact,ANV|ORS|VCG|CII,0.06525802206135506,0.0,1.0,1.9999999999999898,0.00433132262206816,ewma,xgboost_calibrated
5,xgboost_penalty_qaoa,xgboost,penalty_qaoa_ideal_statevector,ANV|VCG|CII|HHV,0.06415262911939551,0.010341001555493633,0.29541015625,1.9999999999999676,0.0043408056358186595,ewma,xgboost_calibrated
5,xgboost_xy_qaoa,xgboost,xy_qaoa_dicke_ideal_statevector,ANV|VCG|CII|HHV,0.06415262911939551,0.010341001555493633,1.0,1.9999999999999676,0.004375167570881152,ewma,xgboost_calibrated
5,adaptive_penalty_qaoa,adaptive,penalty_qaoa_ideal_statevector,ANV|VCI|VCG|CII,0.06550293380007186,0.003752975204838104,0.48095703125,1.9999999999999787,0.004422149105158113,ewma,xgboost_calibrated
5,adaptive_xy_qaoa,adaptive,xy_qaoa_dicke_ideal_statevector,ANV|ORS|VCG|CII,0.06525802206135506,0.0,1.0,1.99999999999999,0.004329621105193257,ewma,xgboost_calibrated
5,adaptive_simulated_annealing,adaptive,simulated_annealing,ANV|ORS|VCG|CII,0.06525802206135506,0.0,1.0,1.9999999999999898,0.00433132262206816,ewma,xgboost_calibrated
6,liquidity_topk_exact,liquidity,exact,SSI|DIG|VIX|MBB,-0.11644480948485039,0.0,1.0,1.1999999999994668,0.0027365801854973763,ewma,ewma
6,ewma_topk_exact,ewma,exact,VRC|HPX|CTR|QCG,-0.3417573279006541,0.0,1.0,1.999999999999235,0.004587456124935437,ewma,ewma
6,xgboost_topk_exact,xgboost,exact,KSB|KBC|VPG|CRE,-0.039291641335497215,0.0,1.0,1.9999999999999325,0.00433652568752317,ewma,xgboost_calibrated
6,adaptive_exact,adaptive,exact,KSB|KBC|VPG|HDG,-0.04010735223598232,0.0,1.0,1.9999999999999336,0.004330402518817778,ewma,xgboost_calibrated
6,xgboost_penalty_qaoa,xgboost,penalty_qaoa_ideal_statevector,KSB|VPG|ADS|CRE,-0.03713434274864412,0.05490477143415296,0.31396484375,1.9999999999999492,0.0043599379117115825,ewma,xgboost_calibrated
6,xgboost_xy_qaoa,xgboost,xy_qaoa_dicke_ideal_statevector,KSB|KBC|VPG|CRE,-0.039291641335497215,0.0,1.0,1.9999999999999327,0.004304136502161639,ewma,xgboost_calibrated
6,adaptive_penalty_qaoa,adaptive,penalty_qaoa_ideal_statevector,KSB|KBC|VPG|HDG,-0.04010735223598232,0.0,0.48876953125,1.9999999999999336,0.004327724108467628,ewma,xgboost_calibrated
6,adaptive_xy_qaoa,adaptive,xy_qaoa_dicke_ideal_statevector,KSB|KBC|VPG|HDG,-0.04010735223598232,0.0,1.0,1.9999999999999336,0.004330402518817778,ewma,xgboost_calibrated
6,adaptive_simulated_annealing,adaptive,simulated_annealing,KSB|KBC|VPG|HDG,-0.04010735223598232,0.0,1.0,1.9999999999999336,0.004330402518817778,ewma,xgboost_calibrated
7,liquidity_topk_exact,liquidity,exact,FPT|MWG|MBB|MSN,-0.014345899089972235,0.0,1.0,1.5822742741316176,0.003626410683589552,ewma,ewma
7,ewma_topk_exact,ewma,exact,CSV|HVH|SAV|NNC,-0.23068192367375284,0.0,1.0,2.000000000000156,0.00459338962939641,ewma,ewma
7,xgboost_topk_exact,xgboost,exact,GIL|HDG|CTS|ELC,-0.004372882202586287,0.0,1.0,1.9999999999999856,0.00439279501280545,ewma,xgboost_calibrated
7,adaptive_exact,adaptive,exact,GIL|HDG|CTS|ELC,-0.004372882202586288,0.0,1.0,1.9999999999999856,0.00439279501280545,ewma,xgboost_calibrated
7,xgboost_penalty_qaoa,xgboost,penalty_qaoa_ideal_statevector,GIL|DBC|HDG|ELC,-0.0008609549211516642,0.8031149978278449,0.27880859375,2.0,0.004357721658394982,ewma,xgboost_calibrated
7,xgboost_xy_qaoa,xgboost,xy_qaoa_dicke_ideal_statevector,GIL|HDG|CTS|ELC,-0.004372882202586287,0.0,1.0,1.9999999999999853,0.00439279501280545,ewma,xgboost_calibrated
7,adaptive_penalty_qaoa,adaptive,penalty_qaoa_ideal_statevector,GIL|HVN|HDG|ELC,-0.0027991220571362014,0.35989081621256896,0.484375,1.9999999999999987,0.004397009958062059,ewma,xgboost_calibrated
7,adaptive_xy_qaoa,adaptive,xy_qaoa_dicke_ideal_statevector,VIX|GIL|HDG|ELC,0.015054149466698034,4.442614908160989,1.0,1.9999999999999882,0.004392288391002871,ewma,xgboost_calibrated
7,adaptive_simulated_annealing,adaptive,simulated_annealing,GIL|HDG|CTS|ELC,-0.004372882202586288,0.0,1.0,1.9999999999999856,0.00439279501280545,ewma,xgboost_calibrated
8,liquidity_topk_exact,liquidity,exact,FPT|TCB|HPG|STB,-0.003851808953362484,0.0,1.0,1.1999999999991091,0.0027407779101016397,ewma,ewma
8,ewma_topk_exact,ewma,exact,VRC|CIG|HTL|MCP,-0.27318143570843295,0.0,1.0,2.0,0.004589772473769277,ewma,ewma
8,xgboost_topk_exact,xgboost,exact,CLC|DVP|PGC|SMB,0.013179743717248562,0.0,1.0,2.0,0.004511040210591913,ewma,xgboost_calibrated
8,adaptive_exact,adaptive,exact,VCB|ACB|VPI|LPB,0.016574837046280974,0.0,1.0,2.0,0.004347928732960501,ewma,xgboost_calibrated
8,xgboost_penalty_qaoa,xgboost,penalty_qaoa_ideal_statevector,HTG|CLC|PGC|SMB,0.015168091502669415,0.150863918747358,0.29248046875,2.0,0.004544776283498219,ewma,xgboost_calibrated
8,xgboost_xy_qaoa,xgboost,xy_qaoa_dicke_ideal_statevector,CLC|DVP|PGC|SMB,0.013179743717248562,0.0,1.0,2.0,0.004511040210591913,ewma,xgboost_calibrated
8,adaptive_penalty_qaoa,adaptive,penalty_qaoa_ideal_statevector,VCB|ACB|VPI|LPB,0.016574837046280974,0.0,0.48974609375,2.0,0.004348505649786314,ewma,xgboost_calibrated
8,adaptive_xy_qaoa,adaptive,xy_qaoa_dicke_ideal_statevector,VCB|ACB|VPI|LPB,0.016574837046280974,0.0,1.0,2.0,0.0043479690183774,ewma,xgboost_calibrated
8,adaptive_simulated_annealing,adaptive,simulated_annealing,VCB|ACB|VPI|LPB,0.016574837046280974,0.0,1.0,2.0,0.004347928732960501,ewma,xgboost_calibrated
9,liquidity_topk_exact,liquidity,exact,TCB|VHM|VIX|SHB,-0.15821099206649442,0.0,1.0,1.999999999998048,0.004596762290926991,ewma,ewma
9,ewma_topk_exact,ewma,exact,VIC|DTA|HVH|SHB,-0.25569802564894306,0.0,1.0,2.0,0.004581761576368871,ewma,ewma
9,xgboost_topk_exact,xgboost,exact,ORS|C32|ADP|HUB,-0.0708623789819009,0.0,1.0,1.9999999999999758,0.004710483605813327,ewma,xgboost_calibrated
9,adaptive_exact,adaptive,exact,ORS|ACB|C32|SMB,-0.06974811445418955,0.0,1.0,1.8143247783857632,0.004116322996348983,ewma,xgboost_calibrated
9,xgboost_penalty_qaoa,xgboost,penalty_qaoa_ideal_statevector,SMB|C32|ADP|HUB,-0.06894445267431516,0.027065508315047265,0.30615234375,1.4655745347805311,0.003467086912959317,ewma,xgboost_calibrated
9,xgboost_xy_qaoa,xgboost,xy_qaoa_dicke_ideal_statevector,ORS|C32|ADP|HUB,-0.0708623789819009,0.0,1.0,1.9999999999999758,0.004710483605813327,ewma,xgboost_calibrated
9,adaptive_penalty_qaoa,adaptive,penalty_qaoa_ideal_statevector,ORS|ACB|C32|SMB,-0.06974811445418955,0.0,0.4951171875,1.814324778385763,0.004116322996348983,ewma,xgboost_calibrated
9,adaptive_xy_qaoa,adaptive,xy_qaoa_dicke_ideal_statevector,ORS|ACB|C32|SMB,-0.06974811445418955,0.0,1.0,1.814324778385763,0.004116322996348983,ewma,xgboost_calibrated
9,adaptive_simulated_annealing,adaptive,simulated_annealing,ORS|ACB|C32|SMB,-0.06974811445418955,0.0,1.0,1.8143247783857632,0.004116322996348983,ewma,xgboost_calibrated
10,liquidity_topk_exact,liquidity,exact,SSI|SHB|HPG|VPB,-0.21775138630601565,0.0,1.0,1.6000000000005323,0.0036747867460230994,ewma,ewma
10,ewma_topk_exact,ewma,exact,LDG|SJS|GEX|HSL,-0.49529062803870916,0.0,1.0,1.9999999999973652,0.004592095560708135,ewma,ewma
10,xgboost_topk_exact,xgboost,exact,CTG|BRC|SZL|SMB,-0.06482324552740337,0.0,1.0,2.0,0.004494051669358883,ewma,xgboost_calibrated
10,adaptive_exact,adaptive,exact,CTG|VNM|IMP|SAB,-0.058420337498852656,0.0,1.0,2.0,0.004333107210940859,ewma,xgboost_calibrated
10,xgboost_penalty_qaoa,xgboost,penalty_qaoa_ideal_statevector,CTG|THG|BRC|SMB,-0.06302338287781979,0.027765697859033316,0.3056640625,1.4556501259041967,0.003231857540324141,ewma,xgboost_calibrated
10,xgboost_xy_qaoa,xgboost,xy_qaoa_dicke_ideal_statevector,CTG|BRC|SZL|SMB,-0.06482324552740337,0.0,1.0,2.0,0.004494051669358883,ewma,xgboost_calibrated
10,adaptive_penalty_qaoa,adaptive,penalty_qaoa_ideal_statevector,CTG|MBB|IMP|SAB,-0.05838669340872113,0.0005758968806301647,0.4970703125,2.0,0.004333107454815108,ewma,xgboost_calibrated
10,adaptive_xy_qaoa,adaptive,xy_qaoa_dicke_ideal_statevector,CTG|VNM|IMP|SAB,-0.058420337498852656,0.0,1.0,2.0,0.004333107210940859,ewma,xgboost_calibrated
10,adaptive_simulated_annealing,adaptive,simulated_annealing,CTG|VNM|IMP|SAB,-0.058420337498852656,0.0,1.0,2.0,0.004333107210940859,ewma,xgboost_calibrated
11,liquidity_topk_exact,liquidity,exact,SHB|FPT|VIC|HDB,-0.06526131276637398,0.0,1.0,1.6000000000049506,0.0037056819069830266,ewma,ewma
11,ewma_topk_exact,ewma,exact,HID|VTB|GEE|VIC,-0.4586752501756531,0.0,1.0,1.9999999999815705,0.004594303240323383,ewma,ewma
11,xgboost_topk_exact,xgboost,exact,STB|SZL|HTG|SMB,-0.0059018287487667565,0.0,1.0,0.986729721993495,0.002160964935678061,ewma,xgboost_calibrated
11,adaptive_exact,adaptive,exact,DXG|STB|GAS|SMB,0.009247979192730663,0.0,1.0,1.9999999999999944,0.004490986455718511,ewma,xgboost_calibrated
11,xgboost_penalty_qaoa,xgboost,penalty_qaoa_ideal_statevector,STB|SZL|HTG|SMB,-0.0059018287487667565,0.0,0.49951171875,1.2379818006718937,0.002737674375540265,ewma,xgboost_calibrated
11,xgboost_xy_qaoa,xgboost,xy_qaoa_dicke_ideal_statevector,STB|SZL|HTG|SMB,-0.0059018287487667565,0.0,1.0,0.986729721993495,0.002160964935678061,ewma,xgboost_calibrated
11,adaptive_penalty_qaoa,adaptive,penalty_qaoa_ideal_statevector,VIX|STB|GAS|SMB,0.011240545825415553,0.2154596794546942,0.474609375,1.9999999999999927,0.004608302530674361,ewma,xgboost_calibrated
11,adaptive_xy_qaoa,adaptive,xy_qaoa_dicke_ideal_statevector,DXG|STB|GAS|SMB,0.009247979192730663,0.0,1.0,1.9999999999999944,0.004490986455718511,ewma,xgboost_calibrated
11,adaptive_simulated_annealing,adaptive,simulated_annealing,DXG|STB|GAS|SMB,0.009247979192730663,0.0,1.0,1.9999999999999944,0.004490986455718511,ewma,xgboost_calibrated
