config_id,fold,date,method,return,selection_score
W_K10P6_CP30,12,2023-04-03,AUR,0.0054455285750491,-0.9746494087276354
W_K10P6_CP30,12,2023-04-04,AUR,0.0012344820559237,-0.9746494087276354
W_K10P6_CP30,12,2023-04-05,AUR,-0.0013623845711361,-0.9746494087276354
W_K10P6_CP30,12,2023-04-06,AUR,0.0059097735872722,-0.9746494087276354
W_K10P6_CP30,12,2023-04-07,AUR,-0.0107968140816621,-0.9746494087276354
W_K10P6_CP30,12,2023-04-10,AUR,0.0005219926780603,-0.9746494087276354
W_K10P6_CP30,12,2023-04-11,AUR,0.0008530691928123,-0.9746494087276354
W_K10P6_CP30,12,2023-04-12,AUR,0.0065453273988129,-0.9746494087276354
W_K10P6_CP30,12,2023-04-13,AUR,2.891796517633604e-05,-0.9746494087276354
W_K10P6_CP30,12,2023-04-14,AUR,-0.0001732980971002,-0.9746494087276354
W_K10P6_CP30,12,2023-04-17,AUR,0.0017898721996656,-0.9746494087276354
W_K10P6_CP30,12,2023-04-18,AUR,-0.0091495840161128,-0.9746494087276354
W_K10P6_CP30,12,2023-04-19,AUR,-0.0011605509591129,-0.9746494087276354
W_K10P6_CP30,12,2023-04-20,AUR,-0.0065477102861789,-0.9746494087276354
W_K10P6_CP30,12,2023-04-21,AUR,0.0021503065470841,-0.9746494087276354
W_K10P6_CP30,12,2023-04-24,AUR,-0.0001652606710243,-0.9746494087276354
W_K10P6_CP30,12,2023-04-25,AUR,-0.0012680811798368,-0.9746494087276354
W_K10P6_CP30,12,2023-04-26,AUR,0.0054298006520244,-0.9746494087276354
W_K10P6_CP30,12,2023-04-27,AUR,0.0040883014379493,-0.9746494087276354
W_K10P6_CP30,12,2023-04-28,AUR,-0.0064610603262637,-0.9746494087276354
W_K10P6_CP30,12,2023-04-03,QAUR,0.0038356973447757,-0.9746494087276354
W_K10P6_CP30,12,2023-04-04,QAUR,0.00576121331699,-0.9746494087276354
W_K10P6_CP30,12,2023-04-05,QAUR,-0.0045499501703122,-0.9746494087276354
W_K10P6_CP30,12,2023-04-06,QAUR,0.00624761142511,-0.9746494087276354
W_K10P6_CP30,12,2023-04-07,QAUR,-0.0091376888931253,-0.9746494087276354
W_K10P6_CP30,12,2023-04-10,QAUR,0.0026899250647981,-0.9746494087276354
W_K10P6_CP30,12,2023-04-11,QAUR,0.000246826446999,-0.9746494087276354
W_K10P6_CP30,12,2023-04-12,QAUR,0.0064751494578233,-0.9746494087276354
W_K10P6_CP30,12,2023-04-13,QAUR,2.891796517642277e-05,-0.9746494087276354
W_K10P6_CP30,12,2023-04-14,QAUR,-0.0011192097801436,-0.9746494087276354
W_K10P6_CP30,12,2023-04-17,QAUR,-0.0009860135858006,-0.9746494087276354
W_K10P6_CP30,12,2023-04-18,QAUR,-0.0049169839421876,-0.9746494087276354
W_K10P6_CP30,12,2023-04-19,QAUR,0.0055027249888753,-0.9746494087276354
W_K10P6_CP30,12,2023-04-20,QAUR,-0.0066097377411403,-0.9746494087276354
W_K10P6_CP30,12,2023-04-21,QAUR,-0.0023090254839516,-0.9746494087276354
W_K10P6_CP30,12,2023-04-24,QAUR,0.0036738254196327,-0.9746494087276354
W_K10P6_CP30,12,2023-04-25,QAUR,-0.0040756609074292,-0.9746494087276354
W_K10P6_CP30,12,2023-04-26,QAUR,0.0112645075873852,-0.9746494087276354
W_K10P6_CP30,12,2023-04-27,QAUR,0.0044076882153367,-0.9746494087276354
W_K10P6_CP30,12,2023-04-28,QAUR,-0.0118161113544753,-0.9746494087276354
W_K10P6_CP30,13,2023-05-04,AUR,0.0032220051367925,-0.4798736419247356
W_K10P6_CP30,13,2023-05-05,AUR,0.0057734918286475,-0.4798736419247356
W_K10P6_CP30,13,2023-05-08,AUR,0.0078973145737258,-0.4798736419247356
W_K10P6_CP30,13,2023-05-09,AUR,0.0184449407292808,-0.4798736419247356
W_K10P6_CP30,13,2023-05-10,AUR,0.0019628087965826,-0.4798736419247356
W_K10P6_CP30,13,2023-05-11,AUR,0.0123532870590355,-0.4798736419247356
W_K10P6_CP30,13,2023-05-12,AUR,0.0020311345429844,-0.4798736419247356
W_K10P6_CP30,13,2023-05-15,AUR,0.007980176016352,-0.4798736419247356
W_K10P6_CP30,13,2023-05-16,AUR,0.0038543354071949,-0.4798736419247356
W_K10P6_CP30,13,2023-05-17,AUR,0.0029958329195422,-0.4798736419247356
W_K10P6_CP30,13,2023-05-18,AUR,-0.0076260378643273,-0.4798736419247356
W_K10P6_CP30,13,2023-05-19,AUR,0.0017719826011166,-0.4798736419247356
W_K10P6_CP30,13,2023-05-22,AUR,0.0080000380725901,-0.4798736419247356
W_K10P6_CP30,13,2023-05-23,AUR,-0.0028491981239313,-0.4798736419247356
W_K10P6_CP30,13,2023-05-24,AUR,0.0056456049582032,-0.4798736419247356
W_K10P6_CP30,13,2023-05-25,AUR,-0.0093040719179779,-0.4798736419247356
W_K10P6_CP30,13,2023-05-26,AUR,0.0146879265302848,-0.4798736419247356
W_K10P6_CP30,13,2023-05-29,AUR,0.0026921570742606,-0.4798736419247356
W_K10P6_CP30,13,2023-05-30,AUR,0.001660725587905,-0.4798736419247356
W_K10P6_CP30,13,2023-05-31,AUR,0.0087961792335504,-0.4798736419247356
W_K10P6_CP30,13,2023-06-01,AUR,0.0024109563688534,-0.4798736419247356
W_K10P6_CP30,13,2023-05-04,QAUR,0.0033513910524521,-0.4798736419247356
W_K10P6_CP30,13,2023-05-05,QAUR,0.0069342775410859,-0.4798736419247356
W_K10P6_CP30,13,2023-05-08,QAUR,0.0080102655027319,-0.4798736419247356
W_K10P6_CP30,13,2023-05-09,QAUR,0.017688825086481,-0.4798736419247356
W_K10P6_CP30,13,2023-05-10,QAUR,0.0026171349925861,-0.4798736419247356
W_K10P6_CP30,13,2023-05-11,QAUR,0.0153669343300853,-0.4798736419247356
W_K10P6_CP30,13,2023-05-12,QAUR,0.0016420192343788,-0.4798736419247356
W_K10P6_CP30,13,2023-05-15,QAUR,0.0077959393460272,-0.4798736419247356
W_K10P6_CP30,13,2023-05-16,QAUR,0.0046116035808602,-0.4798736419247356
W_K10P6_CP30,13,2023-05-17,QAUR,0.0043916354978902,-0.4798736419247356
W_K10P6_CP30,13,2023-05-18,QAUR,-0.0088720305444756,-0.4798736419247356
W_K10P6_CP30,13,2023-05-19,QAUR,0.001941655241871,-0.4798736419247356
W_K10P6_CP30,13,2023-05-22,QAUR,0.0076079498316199,-0.4798736419247356
W_K10P6_CP30,13,2023-05-23,QAUR,-0.0022083787258113,-0.4798736419247356
W_K10P6_CP30,13,2023-05-24,QAUR,0.0076747454591677,-0.4798736419247356
W_K10P6_CP30,13,2023-05-25,QAUR,-0.0096724184655372,-0.4798736419247356
W_K10P6_CP30,13,2023-05-26,QAUR,0.0171781351941615,-0.4798736419247356
W_K10P6_CP30,13,2023-05-29,QAUR,0.0042797627628884,-0.4798736419247356
W_K10P6_CP30,13,2023-05-30,QAUR,0.0016425557022499,-0.4798736419247356
W_K10P6_CP30,13,2023-05-31,QAUR,0.0078819803035221,-0.4798736419247356
W_K10P6_CP30,13,2023-06-01,QAUR,0.00220595391323,-0.4798736419247356
W_K10P6_CP30,14,2023-06-02,AUR,0.0001471388167165,0.8359382198629425
W_K10P6_CP30,14,2023-06-05,AUR,-0.0017812972385521,0.8359382198629425
W_K10P6_CP30,14,2023-06-06,AUR,-0.001221320787084,0.8359382198629425
W_K10P6_CP30,14,2023-06-07,AUR,0.0092069301293529,0.8359382198629425
W_K10P6_CP30,14,2023-06-08,AUR,-0.0002630843364147,0.8359382198629425
W_K10P6_CP30,14,2023-06-09,AUR,-0.0072854794434376,0.8359382198629425
W_K10P6_CP30,14,2023-06-12,AUR,0.0103358606452949,0.8359382198629425
W_K10P6_CP30,14,2023-06-13,AUR,0.0018501929669177,0.8359382198629425
W_K10P6_CP30,14,2023-06-14,AUR,-0.0035793773785608,0.8359382198629425
W_K10P6_CP30,14,2023-06-15,AUR,0.0047239107239691,0.8359382198629425
W_K10P6_CP30,14,2023-06-16,AUR,0.0001582308782135,0.8359382198629425
W_K10P6_CP30,14,2023-06-19,AUR,-0.0021042139908254,0.8359382198629425
W_K10P6_CP30,14,2023-06-20,AUR,-0.0024889152380196,0.8359382198629425
W_K10P6_CP30,14,2023-06-21,AUR,0.0022858557495679,0.8359382198629425
W_K10P6_CP30,14,2023-06-22,AUR,-0.0004793991096078,0.8359382198629425
W_K10P6_CP30,14,2023-06-23,AUR,0.0001246718298459,0.8359382198629425
W_K10P6_CP30,14,2023-06-26,AUR,-0.0011551808174617,0.8359382198629425
W_K10P6_CP30,14,2023-06-27,AUR,0.0101218382974717,0.8359382198629425
W_K10P6_CP30,14,2023-06-28,AUR,0.0012830360326759,0.8359382198629425
W_K10P6_CP30,14,2023-06-29,AUR,-0.0051577196877428,0.8359382198629425
W_K10P6_CP30,14,2023-06-30,AUR,-0.0026589120157626,0.8359382198629425
W_K10P6_CP30,14,2023-06-02,QAUR,0.0001471388158526,0.8359382198629425
W_K10P6_CP30,14,2023-06-05,QAUR,-0.0017812972786108,0.8359382198629425
W_K10P6_CP30,14,2023-06-06,QAUR,-0.0012213206672749,0.8359382198629425
W_K10P6_CP30,14,2023-06-07,QAUR,0.0092069301463474,0.8359382198629425
W_K10P6_CP30,14,2023-06-08,QAUR,-0.0002630843594056,0.8359382198629425
W_K10P6_CP30,14,2023-06-09,QAUR,-0.0072854794338668,0.8359382198629425
W_K10P6_CP30,14,2023-06-12,QAUR,0.0103358604927666,0.8359382198629425
W_K10P6_CP30,14,2023-06-13,QAUR,0.001850192921252,0.8359382198629425
W_K10P6_CP30,14,2023-06-14,QAUR,-0.0035793773992172,0.8359382198629425
W_K10P6_CP30,14,2023-06-15,QAUR,0.0047239107046351,0.8359382198629425
W_K10P6_CP30,14,2023-06-16,QAUR,0.00015823074003,0.8359382198629425
W_K10P6_CP30,14,2023-06-19,QAUR,-0.0021042140355959,0.8359382198629425
W_K10P6_CP30,14,2023-06-20,QAUR,-0.0024889152197624,0.8359382198629425
W_K10P6_CP30,14,2023-06-21,QAUR,0.0022858557523495,0.8359382198629425
W_K10P6_CP30,14,2023-06-22,QAUR,-0.0004793991000582,0.8359382198629425
W_K10P6_CP30,14,2023-06-23,QAUR,0.0001246717573791,0.8359382198629425
W_K10P6_CP30,14,2023-06-26,QAUR,-0.0011551808486305,0.8359382198629425
W_K10P6_CP30,14,2023-06-27,QAUR,0.0101218381674404,0.8359382198629425
W_K10P6_CP30,14,2023-06-28,QAUR,0.0012830360353877,0.8359382198629425
W_K10P6_CP30,14,2023-06-29,QAUR,-0.0051577196942452,0.8359382198629425
W_K10P6_CP30,14,2023-06-30,QAUR,-0.0026589120060841,0.8359382198629425
W_K10P6_CP30,15,2023-07-03,AUR,-0.0009880580239815,0.8719398017142332
W_K10P6_CP30,15,2023-07-04,AUR,0.0005093000275388,0.8719398017142332
W_K10P6_CP30,15,2023-07-05,AUR,0.001220513848578,0.8719398017142332
W_K10P6_CP30,15,2023-07-06,AUR,-0.0045870911752347,0.8719398017142332
W_K10P6_CP30,15,2023-07-07,AUR,0.0070214324617876,0.8719398017142332
W_K10P6_CP30,15,2023-07-10,AUR,0.0061665510238598,0.8719398017142332
W_K10P6_CP30,15,2023-07-11,AUR,0.0007767386134948,0.8719398017142332
W_K10P6_CP30,15,2023-07-12,AUR,0.0009019002297883,0.8719398017142332
W_K10P6_CP30,15,2023-07-13,AUR,0.0025614552020581,0.8719398017142332
W_K10P6_CP30,15,2023-07-14,AUR,-0.0028680446805008,0.8719398017142332
W_K10P6_CP30,15,2023-07-17,AUR,0.0004455140361609,0.8719398017142332
W_K10P6_CP30,15,2023-07-18,AUR,0.0066840292305961,0.8719398017142332
W_K10P6_CP30,15,2023-07-19,AUR,-0.0035373584842159,0.8719398017142332
W_K10P6_CP30,15,2023-07-20,AUR,-0.0037399370801599,0.8719398017142332
W_K10P6_CP30,15,2023-07-21,AUR,0.0046358390082908,0.8719398017142332
W_K10P6_CP30,15,2023-07-24,AUR,0.0015389216770781,0.8719398017142332
W_K10P6_CP30,15,2023-07-25,AUR,-0.0017108894278657,0.8719398017142332
W_K10P6_CP30,15,2023-07-26,AUR,-0.0006529093187115,0.8719398017142332
W_K10P6_CP30,15,2023-07-27,AUR,0.0015658942039658,0.8719398017142332
W_K10P6_CP30,15,2023-07-28,AUR,-0.0007356484784807,0.8719398017142332
W_K10P6_CP30,15,2023-07-31,AUR,-0.0033757655650168,0.8719398017142332
W_K10P6_CP30,15,2023-08-01,AUR,0.0006659284577834,0.8719398017142332
W_K10P6_CP30,15,2023-07-03,QAUR,0.0009587592457807,0.8719398017142332
W_K10P6_CP30,15,2023-07-04,QAUR,-0.0022126558836097,0.8719398017142332
W_K10P6_CP30,15,2023-07-05,QAUR,0.0008358796774803,0.8719398017142332
W_K10P6_CP30,15,2023-07-06,QAUR,1.498569939266392e-05,0.8719398017142332
W_K10P6_CP30,15,2023-07-07,QAUR,0.0044464289833827,0.8719398017142332
W_K10P6_CP30,15,2023-07-10,QAUR,0.0058293512957846,0.8719398017142332
W_K10P6_CP30,15,2023-07-11,QAUR,0.0034101188761604,0.8719398017142332
W_K10P6_CP30,15,2023-07-12,QAUR,-0.001691280803855,0.8719398017142332
W_K10P6_CP30,15,2023-07-13,QAUR,0.0018079099865554,0.8719398017142332
W_K10P6_CP30,15,2023-07-14,QAUR,0.0007135246729524,0.8719398017142332
W_K10P6_CP30,15,2023-07-17,QAUR,1.6343435151195658e-05,0.8719398017142332
W_K10P6_CP30,15,2023-07-18,QAUR,0.0032979241307591,0.8719398017142332
W_K10P6_CP30,15,2023-07-19,QAUR,0.0020118805136529,0.8719398017142332
W_K10P6_CP30,15,2023-07-20,QAUR,-0.0032021526243965,0.8719398017142332
W_K10P6_CP30,15,2023-07-21,QAUR,0.009044130374364,0.8719398017142332
W_K10P6_CP30,15,2023-07-24,QAUR,-0.0004141185972143,0.8719398017142332
W_K10P6_CP30,15,2023-07-25,QAUR,-0.0005178619817562,0.8719398017142332
W_K10P6_CP30,15,2023-07-26,QAUR,0.0004116059302769,0.8719398017142332
W_K10P6_CP30,15,2023-07-27,QAUR,-0.0024647097848465,0.8719398017142332
W_K10P6_CP30,15,2023-07-28,QAUR,-0.0014165860963102,0.8719398017142332
W_K10P6_CP30,15,2023-07-31,QAUR,-0.0043421867376993,0.8719398017142332
W_K10P6_CP30,15,2023-08-01,QAUR,0.005563266009373,0.8719398017142332
W_K10P6_CP30,16,2023-08-02,AUR,-0.0047913514863039,0.9804532142694136
W_K10P6_CP30,16,2023-08-03,AUR,-0.0017022412120692,0.9804532142694136
W_K10P6_CP30,16,2023-08-04,AUR,0.0031084148037874,0.9804532142694136
W_K10P6_CP30,16,2023-08-07,AUR,0.0156061875867871,0.9804532142694136
W_K10P6_CP30,16,2023-08-08,AUR,-0.0017501740148311,0.9804532142694136
W_K10P6_CP30,16,2023-08-09,AUR,-0.0018480805734133,0.9804532142694136
W_K10P6_CP30,16,2023-08-10,AUR,-0.0129655950386336,0.9804532142694136
W_K10P6_CP30,16,2023-08-11,AUR,-0.0078728635493665,0.9804532142694136
W_K10P6_CP30,16,2023-08-14,AUR,0.0023439373392982,0.9804532142694136
W_K10P6_CP30,16,2023-08-15,AUR,-0.0023097456871096,0.9804532142694136
W_K10P6_CP30,16,2023-08-16,AUR,-0.0005308306042062,0.9804532142694136
W_K10P6_CP30,16,2023-08-17,AUR,-0.0043306157517484,0.9804532142694136
W_K10P6_CP30,16,2023-08-18,AUR,-0.0095669299316729,0.9804532142694136
W_K10P6_CP30,16,2023-08-21,AUR,0.0014666348702616,0.9804532142694136
W_K10P6_CP30,16,2023-08-22,AUR,-0.0014043331209911,0.9804532142694136
W_K10P6_CP30,16,2023-08-23,AUR,0.0049506076417478,0.9804532142694136
W_K10P6_CP30,16,2023-08-24,AUR,0.0005586011374529,0.9804532142694136
W_K10P6_CP30,16,2023-08-25,AUR,0.0092483851304843,0.9804532142694136
W_K10P6_CP30,16,2023-08-28,AUR,0.0013276861966677,0.9804532142694136
W_K10P6_CP30,16,2023-08-29,AUR,-0.0086058402175184,0.9804532142694136
W_K10P6_CP30,16,2023-08-30,AUR,0.0020955161612084,0.9804532142694136
W_K10P6_CP30,16,2023-08-31,AUR,-0.0051312505416254,0.9804532142694136
W_K10P6_CP30,16,2023-08-02,QAUR,-0.0055534309446214,0.9804532142694136
W_K10P6_CP30,16,2023-08-03,QAUR,-0.0030280770627372,0.9804532142694136
W_K10P6_CP30,16,2023-08-04,QAUR,0.0032997366298504,0.9804532142694136
W_K10P6_CP30,16,2023-08-07,QAUR,0.0157398561783637,0.9804532142694136
W_K10P6_CP30,16,2023-08-08,QAUR,-0.0010397252247506,0.9804532142694136
W_K10P6_CP30,16,2023-08-09,QAUR,-0.002627563483998,0.9804532142694136
W_K10P6_CP30,16,2023-08-10,QAUR,-0.0118403724078432,0.9804532142694136
W_K10P6_CP30,16,2023-08-11,QAUR,-0.0066055420709575,0.9804532142694136
W_K10P6_CP30,16,2023-08-14,QAUR,0.0021481350643352,0.9804532142694136
W_K10P6_CP30,16,2023-08-15,QAUR,-0.0015812941435807,0.9804532142694136
W_K10P6_CP30,16,2023-08-16,QAUR,-0.0011668795648935,0.9804532142694136
W_K10P6_CP30,16,2023-08-17,QAUR,-0.002740100749908,0.9804532142694136
W_K10P6_CP30,16,2023-08-18,QAUR,-0.0110101252126696,0.9804532142694136
W_K10P6_CP30,16,2023-08-21,QAUR,0.0011517622562171,0.9804532142694136
W_K10P6_CP30,16,2023-08-22,QAUR,-0.0017017153002283,0.9804532142694136
W_K10P6_CP30,16,2023-08-23,QAUR,0.0064729968972186,0.9804532142694136
W_K10P6_CP30,16,2023-08-24,QAUR,-0.0009665188151235,0.9804532142694136
W_K10P6_CP30,16,2023-08-25,QAUR,0.0084786087169799,0.9804532142694136
W_K10P6_CP30,16,2023-08-28,QAUR,0.0030874718302031,0.9804532142694136
W_K10P6_CP30,16,2023-08-29,QAUR,-0.0094425568111982,0.9804532142694136
W_K10P6_CP30,16,2023-08-30,QAUR,0.0019794274872803,0.9804532142694136
W_K10P6_CP30,16,2023-08-31,QAUR,-0.0026533621754176,0.9804532142694136
W_K10P6_CP30,17,2023-09-05,AUR,0.0015508281541619,0.549904182428073
W_K10P6_CP30,17,2023-09-06,AUR,-0.0014244988092016,0.549904182428073
W_K10P6_CP30,17,2023-09-07,AUR,0.0027689624170343,0.549904182428073
W_K10P6_CP30,17,2023-09-08,AUR,0.0034278431547314,0.549904182428073
W_K10P6_CP30,17,2023-09-11,AUR,0.0037177529874226,0.549904182428073
W_K10P6_CP30,17,2023-09-12,AUR,-0.0035192837212229,0.549904182428073
W_K10P6_CP30,17,2023-09-13,AUR,0.0077636441750127,0.549904182428073
W_K10P6_CP30,17,2023-09-14,AUR,-0.0016977817475193,0.549904182428073
W_K10P6_CP30,17,2023-09-15,AUR,-0.0031651031045967,0.549904182428073
W_K10P6_CP30,17,2023-09-18,AUR,-0.0054550513988703,0.549904182428073
W_K10P6_CP30,17,2023-09-19,AUR,-0.0001317310881277,0.549904182428073
W_K10P6_CP30,17,2023-09-20,AUR,0.0059688148299876,0.549904182428073
W_K10P6_CP30,17,2023-09-21,AUR,-0.0090255828166981,0.549904182428073
W_K10P6_CP30,17,2023-09-22,AUR,-0.0042796386378292,0.549904182428073
W_K10P6_CP30,17,2023-09-25,AUR,6.017221007004756e-05,0.549904182428073
W_K10P6_CP30,17,2023-09-26,AUR,-0.0073304079498692,0.549904182428073
W_K10P6_CP30,17,2023-09-27,AUR,0.0047308465500175,0.549904182428073
W_K10P6_CP30,17,2023-09-28,AUR,0.004385033573238,0.549904182428073
W_K10P6_CP30,17,2023-09-29,AUR,0.0023745612268223,0.549904182428073
W_K10P6_CP30,17,2023-09-05,QAUR,0.0026722386711362,0.549904182428073
W_K10P6_CP30,17,2023-09-06,QAUR,0.0070876483622081,0.549904182428073
W_K10P6_CP30,17,2023-09-07,QAUR,-0.004021638161632,0.549904182428073
W_K10P6_CP30,17,2023-09-08,QAUR,-0.0024005572745448,0.549904182428073
W_K10P6_CP30,17,2023-09-11,QAUR,0.0037969675493506,0.549904182428073
W_K10P6_CP30,17,2023-09-12,QAUR,-0.0041414483487078,0.549904182428073
W_K10P6_CP30,17,2023-09-13,QAUR,0.0097084778156654,0.549904182428073
W_K10P6_CP30,17,2023-09-14,QAUR,0.0052343247678897,0.549904182428073
W_K10P6_CP30,17,2023-09-15,QAUR,0.0108249168685257,0.549904182428073
W_K10P6_CP30,17,2023-09-18,QAUR,-0.0067903460756628,0.549904182428073
W_K10P6_CP30,17,2023-09-19,QAUR,0.0004777416652558,0.549904182428073
W_K10P6_CP30,17,2023-09-20,QAUR,0.0001330088297764,0.549904182428073
W_K10P6_CP30,17,2023-09-21,QAUR,-0.0030123376354932,0.549904182428073
W_K10P6_CP30,17,2023-09-22,QAUR,0.005388376557054,0.549904182428073
W_K10P6_CP30,17,2023-09-25,QAUR,-0.0140477427415909,0.549904182428073
W_K10P6_CP30,17,2023-09-26,QAUR,-0.0065416809579222,0.549904182428073
W_K10P6_CP30,17,2023-09-27,QAUR,0.0061079164911326,0.549904182428073
W_K10P6_CP30,17,2023-09-28,QAUR,0.0029319269400898,0.549904182428073
W_K10P6_CP30,17,2023-09-29,QAUR,0.0054691613925063,0.549904182428073
W_K10P6_CP30,18,2023-10-02,AUR,-0.0009162822811761,1.1428042454015828
W_K10P6_CP30,18,2023-10-03,AUR,-0.005814246717427,1.1428042454015828
W_K10P6_CP30,18,2023-10-04,AUR,-0.0022580891694113,1.1428042454015828
W_K10P6_CP30,18,2023-10-05,AUR,0.0032080781904254,1.1428042454015828
W_K10P6_CP30,18,2023-10-06,AUR,0.0048100461759231,1.1428042454015828
W_K10P6_CP30,18,2023-10-09,AUR,-0.0012267959047973,1.1428042454015828
W_K10P6_CP30,18,2023-10-10,AUR,0.0019090245653574,1.1428042454015828
W_K10P6_CP30,18,2023-10-11,AUR,0.0036957412977128,1.1428042454015828
W_K10P6_CP30,18,2023-10-12,AUR,0.0079323880218403,1.1428042454015828
W_K10P6_CP30,18,2023-10-13,AUR,-0.0021493264475997,1.1428042454015828
W_K10P6_CP30,18,2023-10-16,AUR,-0.0017493330102149,1.1428042454015828
W_K10P6_CP30,18,2023-10-17,AUR,0.0003135936373649,1.1428042454015828
W_K10P6_CP30,18,2023-10-18,AUR,-0.008877362779976,1.1428042454015828
W_K10P6_CP30,18,2023-10-19,AUR,-0.0021113773100058,1.1428042454015828
W_K10P6_CP30,18,2023-10-20,AUR,0.0026337305065561,1.1428042454015828
W_K10P6_CP30,18,2023-10-23,AUR,-0.007932296165917,1.1428042454015828
W_K10P6_CP30,18,2023-10-24,AUR,-0.0046893568812807,1.1428042454015828
W_K10P6_CP30,18,2023-10-25,AUR,0.0030453366175783,1.1428042454015828
W_K10P6_CP30,18,2023-10-26,AUR,-0.0303120755307136,1.1428042454015828
W_K10P6_CP30,18,2023-10-27,AUR,-0.0008163397962354,1.1428042454015828
W_K10P6_CP30,18,2023-10-30,AUR,0.0112225034195536,1.1428042454015828
W_K10P6_CP30,18,2023-10-31,AUR,-0.0113888924580897,1.1428042454015828
W_K10P6_CP30,18,2023-11-01,AUR,-0.0116497928653213,1.1428042454015828
W_K10P6_CP30,18,2023-10-02,QAUR,-0.0005805010213575,1.1428042454015828
W_K10P6_CP30,18,2023-10-03,QAUR,-7.917852966681828e-05,1.1428042454015828
W_K10P6_CP30,18,2023-10-04,QAUR,-0.0002265555872168,1.1428042454015828
W_K10P6_CP30,18,2023-10-05,QAUR,0.00356259798703,1.1428042454015828
W_K10P6_CP30,18,2023-10-06,QAUR,0.0098350964794325,1.1428042454015828
W_K10P6_CP30,18,2023-10-09,QAUR,-0.0003147661023981,1.1428042454015828
W_K10P6_CP30,18,2023-10-10,QAUR,-0.0005966951111185,1.1428042454015828
W_K10P6_CP30,18,2023-10-11,QAUR,-0.0011875017330419,1.1428042454015828
W_K10P6_CP30,18,2023-10-12,QAUR,0.0109272604129743,1.1428042454015828
W_K10P6_CP30,18,2023-10-13,QAUR,-0.0066694611939078,1.1428042454015828
W_K10P6_CP30,18,2023-10-16,QAUR,0.0011385763189261,1.1428042454015828
W_K10P6_CP30,18,2023-10-17,QAUR,-0.0001962568417825,1.1428042454015828
W_K10P6_CP30,18,2023-10-18,QAUR,-0.0093754838537418,1.1428042454015828
W_K10P6_CP30,18,2023-10-19,QAUR,-0.0094425434402112,1.1428042454015828
W_K10P6_CP30,18,2023-10-20,QAUR,0.0103807196928302,1.1428042454015828
W_K10P6_CP30,18,2023-10-23,QAUR,-0.0125705290504785,1.1428042454015828
W_K10P6_CP30,18,2023-10-24,QAUR,-0.0045550580473752,1.1428042454015828
W_K10P6_CP30,18,2023-10-25,QAUR,0.0019697628454177,1.1428042454015828
W_K10P6_CP30,18,2023-10-26,QAUR,-0.0208201435008678,1.1428042454015828
W_K10P6_CP30,18,2023-10-27,QAUR,-0.0057208626786061,1.1428042454015828
W_K10P6_CP30,18,2023-10-30,QAUR,0.0077101398458028,1.1428042454015828
W_K10P6_CP30,18,2023-10-31,QAUR,-0.0132632418008636,1.1428042454015828
W_K10P6_CP30,18,2023-11-01,QAUR,-0.0110201562138541,1.1428042454015828
W_K10P6_CP30,19,2023-11-02,AUR,0.0034207770768762,1.1889317810518114
W_K10P6_CP30,19,2023-11-03,AUR,0.0025830403135461,1.1889317810518114
W_K10P6_CP30,19,2023-11-06,AUR,-0.0020088755692991,1.1889317810518114
W_K10P6_CP30,19,2023-11-07,AUR,0.0032750805985267,1.1889317810518114
W_K10P6_CP30,19,2023-11-08,AUR,0.0068778034615723,1.1889317810518114
W_K10P6_CP30,19,2023-11-09,AUR,-0.0098622055356719,1.1889317810518114
W_K10P6_CP30,19,2023-11-10,AUR,0.0066777248241497,1.1889317810518114
W_K10P6_CP30,19,2023-11-13,AUR,0.001674564712748,1.1889317810518114
W_K10P6_CP30,19,2023-11-14,AUR,-0.0035434743762655,1.1889317810518114
W_K10P6_CP30,19,2023-11-15,AUR,-0.0001317751050778,1.1889317810518114
W_K10P6_CP30,19,2023-11-16,AUR,0.0016201947034455,1.1889317810518114
W_K10P6_CP30,19,2023-11-17,AUR,-0.0063471111709997,1.1889317810518114
W_K10P6_CP30,19,2023-11-20,AUR,0.00166891685731,1.1889317810518114
W_K10P6_CP30,19,2023-11-21,AUR,-0.0073804501611169,1.1889317810518114
W_K10P6_CP30,19,2023-11-22,AUR,0.004420992044648,1.1889317810518114
W_K10P6_CP30,19,2023-11-23,AUR,-0.0006247162980318,1.1889317810518114
W_K10P6_CP30,19,2023-11-24,AUR,-0.0033365370907368,1.1889317810518114
W_K10P6_CP30,19,2023-11-27,AUR,-0.0021761129554027,1.1889317810518114
W_K10P6_CP30,19,2023-11-28,AUR,0.0040061863402419,1.1889317810518114
W_K10P6_CP30,19,2023-11-29,AUR,-0.0014504012863947,1.1889317810518114
W_K10P6_CP30,19,2023-11-30,AUR,-6.13814092666129e-05,1.1889317810518114
W_K10P6_CP30,19,2023-12-01,AUR,-0.0013599584761365,1.1889317810518114
W_K10P6_CP30,19,2023-11-02,QAUR,0.0036228490538806,1.1889317810518114
W_K10P6_CP30,19,2023-11-03,QAUR,0.0025830403127475,1.1889317810518114
W_K10P6_CP30,19,2023-11-06,QAUR,-0.002008875533889,1.1889317810518114
W_K10P6_CP30,19,2023-11-07,QAUR,0.0032750805766457,1.1889317810518114
W_K10P6_CP30,19,2023-11-08,QAUR,0.0068778034343086,1.1889317810518114
W_K10P6_CP30,19,2023-11-09,QAUR,-0.0098622055054504,1.1889317810518114
W_K10P6_CP30,19,2023-11-10,QAUR,0.0066777247979275,1.1889317810518114
W_K10P6_CP30,19,2023-11-13,QAUR,0.0016745647061058,1.1889317810518114
W_K10P6_CP30,19,2023-11-14,QAUR,-0.003543474343401,1.1889317810518114
W_K10P6_CP30,19,2023-11-15,QAUR,-0.0001317751006128,1.1889317810518114
W_K10P6_CP30,19,2023-11-16,QAUR,0.0016201946685255,1.1889317810518114
W_K10P6_CP30,19,2023-11-17,QAUR,-0.0063471111538588,1.1889317810518114
W_K10P6_CP30,19,2023-11-20,QAUR,0.0016689168612245,1.1889317810518114
W_K10P6_CP30,19,2023-11-21,QAUR,-0.0073804501380267,1.1889317810518114
W_K10P6_CP30,19,2023-11-22,QAUR,0.0044209920226274,1.1889317810518114
W_K10P6_CP30,19,2023-11-23,QAUR,-0.0006247163072847,1.1889317810518114
W_K10P6_CP30,19,2023-11-24,QAUR,-0.0033365370532742,1.1889317810518114
W_K10P6_CP30,19,2023-11-27,QAUR,-0.0021761129206272,1.1889317810518114
W_K10P6_CP30,19,2023-11-28,QAUR,0.0040061863093562,1.1889317810518114
W_K10P6_CP30,19,2023-11-29,QAUR,-0.0014504013015479,1.1889317810518114
W_K10P6_CP30,19,2023-11-30,QAUR,-6.138143178574317e-05,1.1889317810518114
W_K10P6_CP30,19,2023-12-01,QAUR,-0.0013599584767267,1.1889317810518114
W_K10P6_CP30,20,2023-12-04,AUR,0.0005848275814552,1.7585503573726002
W_K10P6_CP30,20,2023-12-05,AUR,0.0096486669196304,1.7585503573726002
W_K10P6_CP30,20,2023-12-06,AUR,-0.0041763256900784,1.7585503573726002
W_K10P6_CP30,20,2023-12-07,AUR,-0.0044345001130393,1.7585503573726002
W_K10P6_CP30,20,2023-12-08,AUR,0.0096561499594825,1.7585503573726002
W_K10P6_CP30,20,2023-12-11,AUR,-4.3956043956043846e-05,1.7585503573726002
W_K10P6_CP30,20,2023-12-12,AUR,0.002887738279415,1.7585503573726002
W_K10P6_CP30,20,2023-12-13,AUR,0.0028094788826478,1.7585503573726002
W_K10P6_CP30,20,2023-12-14,AUR,0.0008561225987739,1.7585503573726002
W_K10P6_CP30,20,2023-12-15,AUR,0.0027198454228383,1.7585503573726002
W_K10P6_CP30,20,2023-12-18,AUR,-0.0103920581733204,1.7585503573726002
W_K10P6_CP30,20,2023-12-19,AUR,0.0034527490790184,1.7585503573726002
W_K10P6_CP30,20,2023-12-20,AUR,0.0102983881806808,1.7585503573726002
W_K10P6_CP30,20,2023-12-21,AUR,-0.0029519223506093,1.7585503573726002
W_K10P6_CP30,20,2023-12-22,AUR,0.0027190038425993,1.7585503573726002
W_K10P6_CP30,20,2023-12-25,AUR,-8.302407779242166e-05,1.7585503573726002
W_K10P6_CP30,20,2023-12-26,AUR,-0.0019913760577863,1.7585503573726002
W_K10P6_CP30,20,2023-12-27,AUR,0.0029478520351218,1.7585503573726002
W_K10P6_CP30,20,2023-12-28,AUR,0.0035176679530824,1.7585503573726002
W_K10P6_CP30,20,2023-12-29,AUR,0.0025904863700759,1.7585503573726002
W_K10P6_CP30,20,2023-12-04,QAUR,0.0005848275814552,1.7585503573726002
W_K10P6_CP30,20,2023-12-05,QAUR,0.0096486669196304,1.7585503573726002
W_K10P6_CP30,20,2023-12-06,QAUR,-0.0041763256900784,1.7585503573726002
W_K10P6_CP30,20,2023-12-07,QAUR,-0.0044345001130393,1.7585503573726002
W_K10P6_CP30,20,2023-12-08,QAUR,0.0096561499594825,1.7585503573726002
W_K10P6_CP30,20,2023-12-11,QAUR,-4.3956043956043846e-05,1.7585503573726002
W_K10P6_CP30,20,2023-12-12,QAUR,0.002887738279415,1.7585503573726002
W_K10P6_CP30,20,2023-12-13,QAUR,0.0028094788826478,1.7585503573726002
W_K10P6_CP30,20,2023-12-14,QAUR,0.0008561225987739,1.7585503573726002
W_K10P6_CP30,20,2023-12-15,QAUR,0.0027198454228383,1.7585503573726002
W_K10P6_CP30,20,2023-12-18,QAUR,-0.0103920581733204,1.7585503573726002
W_K10P6_CP30,20,2023-12-19,QAUR,0.0034527490790184,1.7585503573726002
W_K10P6_CP30,20,2023-12-20,QAUR,0.0102983881806808,1.7585503573726002
W_K10P6_CP30,20,2023-12-21,QAUR,-0.0029519223506093,1.7585503573726002
W_K10P6_CP30,20,2023-12-22,QAUR,0.0027190038425993,1.7585503573726002
W_K10P6_CP30,20,2023-12-25,QAUR,-8.302407779242166e-05,1.7585503573726002
W_K10P6_CP30,20,2023-12-26,QAUR,-0.0019913760577863,1.7585503573726002
W_K10P6_CP30,20,2023-12-27,QAUR,0.0029478520351218,1.7585503573726002
W_K10P6_CP30,20,2023-12-28,QAUR,0.0035176679530824,1.7585503573726002
W_K10P6_CP30,20,2023-12-29,QAUR,0.0025904863700759,1.7585503573726002
W_K10P6_CP30,21,2024-01-02,AUR,-0.0024280114831841,1.7205264867582661
W_K10P6_CP30,21,2024-01-03,AUR,-0.0093160580119546,1.7205264867582661
W_K10P6_CP30,21,2024-01-04,AUR,0.0050032766283827,1.7205264867582661
W_K10P6_CP30,21,2024-01-05,AUR,-0.0008788794303847,1.7205264867582661
W_K10P6_CP30,21,2024-01-08,AUR,-0.0038114924372531,1.7205264867582661
W_K10P6_CP30,21,2024-01-09,AUR,-0.0009428752899441,1.7205264867582661
W_K10P6_CP30,21,2024-01-10,AUR,0.0024558723908734,1.7205264867582661
W_K10P6_CP30,21,2024-01-11,AUR,0.0010210929906112,1.7205264867582661
W_K10P6_CP30,21,2024-01-12,AUR,-0.0063800424111986,1.7205264867582661
W_K10P6_CP30,21,2024-01-15,AUR,0.008614395779827,1.7205264867582661
W_K10P6_CP30,21,2024-01-16,AUR,0.004109909983357,1.7205264867582661
W_K10P6_CP30,21,2024-01-17,AUR,-0.0025137325239667,1.7205264867582661
W_K10P6_CP30,21,2024-01-18,AUR,-0.000560692637242,1.7205264867582661
W_K10P6_CP30,21,2024-01-19,AUR,0.0087246222715333,1.7205264867582661
W_K10P6_CP30,21,2024-01-22,AUR,0.0003425254284696,1.7205264867582661
W_K10P6_CP30,21,2024-01-23,AUR,0.0063652977500157,1.7205264867582661
W_K10P6_CP30,21,2024-01-24,AUR,3.581119900161311e-05,1.7205264867582661
W_K10P6_CP30,21,2024-01-25,AUR,-0.0078088045662453,1.7205264867582661
W_K10P6_CP30,21,2024-01-26,AUR,0.0018698821856577,1.7205264867582661
W_K10P6_CP30,21,2024-01-29,AUR,0.0025502961323911,1.7205264867582661
W_K10P6_CP30,21,2024-01-30,AUR,0.013923146621103,1.7205264867582661
W_K10P6_CP30,21,2024-01-31,AUR,-0.001094239200868,1.7205264867582661
W_K10P6_CP30,21,2024-02-01,AUR,-0.0008080689558078,1.7205264867582661
W_K10P6_CP30,21,2024-01-02,QAUR,-0.0024280114831841,1.7205264867582661
W_K10P6_CP30,21,2024-01-03,QAUR,-0.0093160580119546,1.7205264867582661
W_K10P6_CP30,21,2024-01-04,QAUR,0.0050032766283827,1.7205264867582661
W_K10P6_CP30,21,2024-01-05,QAUR,-0.0008788794303847,1.7205264867582661
W_K10P6_CP30,21,2024-01-08,QAUR,-0.0038114924372531,1.7205264867582661
W_K10P6_CP30,21,2024-01-09,QAUR,-0.0009428752899441,1.7205264867582661
W_K10P6_CP30,21,2024-01-10,QAUR,0.0024558723908734,1.7205264867582661
W_K10P6_CP30,21,2024-01-11,QAUR,0.0010210929906112,1.7205264867582661
W_K10P6_CP30,21,2024-01-12,QAUR,-0.0063800424111986,1.7205264867582661
W_K10P6_CP30,21,2024-01-15,QAUR,0.008614395779827,1.7205264867582661
W_K10P6_CP30,21,2024-01-16,QAUR,0.004109909983357,1.7205264867582661
W_K10P6_CP30,21,2024-01-17,QAUR,-0.0025137325239667,1.7205264867582661
W_K10P6_CP30,21,2024-01-18,QAUR,-0.000560692637242,1.7205264867582661
W_K10P6_CP30,21,2024-01-19,QAUR,0.0087246222715333,1.7205264867582661
W_K10P6_CP30,21,2024-01-22,QAUR,0.0003425254284696,1.7205264867582661
W_K10P6_CP30,21,2024-01-23,QAUR,0.0063652977500157,1.7205264867582661
W_K10P6_CP30,21,2024-01-24,QAUR,3.581119900161311e-05,1.7205264867582661
W_K10P6_CP30,21,2024-01-25,QAUR,-0.0078088045662453,1.7205264867582661
W_K10P6_CP30,21,2024-01-26,QAUR,0.0018698821856577,1.7205264867582661
W_K10P6_CP30,21,2024-01-29,QAUR,0.0025502961323911,1.7205264867582661
W_K10P6_CP30,21,2024-01-30,QAUR,0.013923146621103,1.7205264867582661
W_K10P6_CP30,21,2024-01-31,QAUR,-0.001094239200868,1.7205264867582661
W_K10P6_CP30,21,2024-02-01,QAUR,-0.0008080689558078,1.7205264867582661
W_K10P6_CP30,22,2024-02-02,AUR,-0.0008899938196138,1.264405694797976
W_K10P6_CP30,22,2024-02-05,AUR,-0.0003473830781048,1.264405694797976
W_K10P6_CP30,22,2024-02-06,AUR,-0.0023458123356794,1.264405694797976
W_K10P6_CP30,22,2024-02-07,AUR,0.0023785075450488,1.264405694797976
W_K10P6_CP30,22,2024-02-15,AUR,0.0010144435773253,1.264405694797976
W_K10P6_CP30,22,2024-02-16,AUR,0.0014234146179018,1.264405694797976
W_K10P6_CP30,22,2024-02-19,AUR,0.0023677980401314,1.264405694797976
W_K10P6_CP30,22,2024-02-20,AUR,0.0039587389441462,1.264405694797976
W_K10P6_CP30,22,2024-02-21,AUR,0.0006166508114897,1.264405694797976
W_K10P6_CP30,22,2024-02-22,AUR,-0.0041674042761055,1.264405694797976
W_K10P6_CP30,22,2024-02-23,AUR,-0.0025892735468216,1.264405694797976
W_K10P6_CP30,22,2024-02-26,AUR,0.0067643071064984,1.264405694797976
W_K10P6_CP30,22,2024-02-27,AUR,0.0060600857263049,1.264405694797976
W_K10P6_CP30,22,2024-02-28,AUR,0.0141853549208445,1.264405694797976
W_K10P6_CP30,22,2024-02-29,AUR,0.0005654159406175,1.264405694797976
W_K10P6_CP30,22,2024-03-01,AUR,0.001537512793647,1.264405694797976
W_K10P6_CP30,22,2024-02-02,QAUR,-0.0008899938196138,1.264405694797976
W_K10P6_CP30,22,2024-02-05,QAUR,-0.0003473830781048,1.264405694797976
W_K10P6_CP30,22,2024-02-06,QAUR,-0.0023458123356794,1.264405694797976
W_K10P6_CP30,22,2024-02-07,QAUR,0.0023785075450488,1.264405694797976
W_K10P6_CP30,22,2024-02-15,QAUR,0.0010144435773253,1.264405694797976
W_K10P6_CP30,22,2024-02-16,QAUR,0.0014234146179018,1.264405694797976
W_K10P6_CP30,22,2024-02-19,QAUR,0.0023677980401314,1.264405694797976
W_K10P6_CP30,22,2024-02-20,QAUR,0.0039587389441462,1.264405694797976
W_K10P6_CP30,22,2024-02-21,QAUR,0.0006166508114897,1.264405694797976
W_K10P6_CP30,22,2024-02-22,QAUR,-0.0041674042761055,1.264405694797976
W_K10P6_CP30,22,2024-02-23,QAUR,-0.0025892735468216,1.264405694797976
W_K10P6_CP30,22,2024-02-26,QAUR,0.0067643071064984,1.264405694797976
W_K10P6_CP30,22,2024-02-27,QAUR,0.0060600857263049,1.264405694797976
W_K10P6_CP30,22,2024-02-28,QAUR,0.0141853549208445,1.264405694797976
W_K10P6_CP30,22,2024-02-29,QAUR,0.0005654159406175,1.264405694797976
W_K10P6_CP30,22,2024-03-01,QAUR,0.001537512793647,1.264405694797976
W_K10P6_CP30,23,2024-03-04,AUR,0.0175716513768297,1.5542374908559795
W_K10P6_CP30,23,2024-03-05,AUR,-0.0028074419571116,1.5542374908559795
W_K10P6_CP30,23,2024-03-06,AUR,-0.0062145255474795,1.5542374908559795
W_K10P6_CP30,23,2024-03-07,AUR,0.0041994330578178,1.5542374908559795
W_K10P6_CP30,23,2024-03-08,AUR,-0.0011700790585642,1.5542374908559795
W_K10P6_CP30,23,2024-03-11,AUR,6.0975609756100326e-05,1.5542374908559795
W_K10P6_CP30,23,2024-03-12,AUR,4.979766563057781e-05,1.5542374908559795
W_K10P6_CP30,23,2024-03-13,AUR,0.0140921719340084,1.5542374908559795
W_K10P6_CP30,23,2024-03-14,AUR,0.0043267391288976,1.5542374908559795
W_K10P6_CP30,23,2024-03-15,AUR,0.0056622388413244,1.5542374908559795
W_K10P6_CP30,23,2024-03-18,AUR,-0.006667382965521,1.5542374908559795
W_K10P6_CP30,23,2024-03-19,AUR,0.003027613090494,1.5542374908559795
W_K10P6_CP30,23,2024-03-20,AUR,0.0010600695653917,1.5542374908559795
W_K10P6_CP30,23,2024-03-21,AUR,0.0024719217233978,1.5542374908559795
W_K10P6_CP30,23,2024-03-22,AUR,0.0045180747577363,1.5542374908559795
W_K10P6_CP30,23,2024-03-25,AUR,-0.0032913512341435,1.5542374908559795
W_K10P6_CP30,23,2024-03-26,AUR,0.0026098515818416,1.5542374908559795
W_K10P6_CP30,23,2024-03-27,AUR,0.0016315609494501,1.5542374908559795
W_K10P6_CP30,23,2024-03-28,AUR,-0.0013688436494255,1.5542374908559795
W_K10P6_CP30,23,2024-03-29,AUR,0.0007079042511182,1.5542374908559795
W_K10P6_CP30,23,2024-04-01,AUR,0.0086074289325108,1.5542374908559795
W_K10P6_CP30,23,2024-03-04,QAUR,0.0175716513768297,1.5542374908559795
W_K10P6_CP30,23,2024-03-05,QAUR,-0.0028074419571116,1.5542374908559795
W_K10P6_CP30,23,2024-03-06,QAUR,-0.0062145255474795,1.5542374908559795
W_K10P6_CP30,23,2024-03-07,QAUR,0.0041994330578178,1.5542374908559795
W_K10P6_CP30,23,2024-03-08,QAUR,-0.0011700790585642,1.5542374908559795
W_K10P6_CP30,23,2024-03-11,QAUR,6.0975609756100326e-05,1.5542374908559795
W_K10P6_CP30,23,2024-03-12,QAUR,4.979766563057781e-05,1.5542374908559795
W_K10P6_CP30,23,2024-03-13,QAUR,0.0140921719340084,1.5542374908559795
W_K10P6_CP30,23,2024-03-14,QAUR,0.0043267391288976,1.5542374908559795
W_K10P6_CP30,23,2024-03-15,QAUR,0.0056622388413244,1.5542374908559795
W_K10P6_CP30,23,2024-03-18,QAUR,-0.006667382965521,1.5542374908559795
W_K10P6_CP30,23,2024-03-19,QAUR,0.003027613090494,1.5542374908559795
W_K10P6_CP30,23,2024-03-20,QAUR,0.0010600695653917,1.5542374908559795
W_K10P6_CP30,23,2024-03-21,QAUR,0.0024719217233978,1.5542374908559795
W_K10P6_CP30,23,2024-03-22,QAUR,0.0045180747577363,1.5542374908559795
W_K10P6_CP30,23,2024-03-25,QAUR,-0.0032913512341435,1.5542374908559795
W_K10P6_CP30,23,2024-03-26,QAUR,0.0026098515818416,1.5542374908559795
W_K10P6_CP30,23,2024-03-27,QAUR,0.0016315609494501,1.5542374908559795
W_K10P6_CP30,23,2024-03-28,QAUR,-0.0013688436494255,1.5542374908559795
W_K10P6_CP30,23,2024-03-29,QAUR,0.0007079042511182,1.5542374908559795
W_K10P6_CP30,23,2024-04-01,QAUR,0.0086074289325108,1.5542374908559795
W_K10P6_CP30,24,2024-04-02,AUR,-0.0032621145785205,2.1058423470439545
W_K10P6_CP30,24,2024-04-03,AUR,-0.0001282230885301,2.1058423470439545
W_K10P6_CP30,24,2024-04-04,AUR,-0.0011845770463212,2.1058423470439545
W_K10P6_CP30,24,2024-04-05,AUR,-0.0044552172535487,2.1058423470439545
W_K10P6_CP30,24,2024-04-08,AUR,-0.00536000590512,2.1058423470439545
W_K10P6_CP30,24,2024-04-09,AUR,0.002480532115726,2.1058423470439545
W_K10P6_CP30,24,2024-04-10,AUR,-0.0006553170377586,2.1058423470439545
W_K10P6_CP30,24,2024-04-11,AUR,-0.0038248762370399,2.1058423470439545
W_K10P6_CP30,24,2024-04-12,AUR,0.0009218426568162,2.1058423470439545
W_K10P6_CP30,24,2024-04-15,AUR,-0.007907680970906,2.1058423470439545
W_K10P6_CP30,24,2024-04-16,AUR,-0.0058359890054546,2.1058423470439545
W_K10P6_CP30,24,2024-04-17,AUR,0.0014418091945439,2.1058423470439545
W_K10P6_CP30,24,2024-04-19,AUR,-0.0083313512371343,2.1058423470439545
W_K10P6_CP30,24,2024-04-22,AUR,0.0063157017850881,2.1058423470439545
W_K10P6_CP30,24,2024-04-23,AUR,-0.0081474862435117,2.1058423470439545
W_K10P6_CP30,24,2024-04-24,AUR,0.0061162151398699,2.1058423470439545
W_K10P6_CP30,24,2024-04-25,AUR,0.001868283618723,2.1058423470439545
W_K10P6_CP30,24,2024-04-26,AUR,1.7159515816426454e-05,2.1058423470439545
W_K10P6_CP30,24,2024-04-02,QAUR,-0.0032621145785205,2.1058423470439545
W_K10P6_CP30,24,2024-04-03,QAUR,-0.0001282230885301,2.1058423470439545
W_K10P6_CP30,24,2024-04-04,QAUR,-0.0011845770463212,2.1058423470439545
W_K10P6_CP30,24,2024-04-05,QAUR,-0.0044552172535487,2.1058423470439545
W_K10P6_CP30,24,2024-04-08,QAUR,-0.00536000590512,2.1058423470439545
W_K10P6_CP30,24,2024-04-09,QAUR,0.002480532115726,2.1058423470439545
W_K10P6_CP30,24,2024-04-10,QAUR,-0.0006553170377586,2.1058423470439545
W_K10P6_CP30,24,2024-04-11,QAUR,-0.0038248762370399,2.1058423470439545
W_K10P6_CP30,24,2024-04-12,QAUR,0.0009218426568162,2.1058423470439545
W_K10P6_CP30,24,2024-04-15,QAUR,-0.007907680970906,2.1058423470439545
W_K10P6_CP30,24,2024-04-16,QAUR,-0.0058359890054546,2.1058423470439545
W_K10P6_CP30,24,2024-04-17,QAUR,0.0014418091945439,2.1058423470439545
W_K10P6_CP30,24,2024-04-19,QAUR,-0.0083313512371343,2.1058423470439545
W_K10P6_CP30,24,2024-04-22,QAUR,0.0063157017850881,2.1058423470439545
W_K10P6_CP30,24,2024-04-23,QAUR,-0.0081474862435117,2.1058423470439545
W_K10P6_CP30,24,2024-04-24,QAUR,0.0061162151398699,2.1058423470439545
W_K10P6_CP30,24,2024-04-25,QAUR,0.001868283618723,2.1058423470439545
W_K10P6_CP30,24,2024-04-26,QAUR,1.7159515816426454e-05,2.1058423470439545
W_K8P4_CP30,25,2024-05-02,AUR,0.0017807523894759,1.7919805224565573
W_K8P4_CP30,25,2024-05-03,AUR,-0.001974192377492,1.7919805224565573
W_K8P4_CP30,25,2024-05-06,AUR,0.0060219562259656,1.7919805224565573
W_K8P4_CP30,25,2024-05-07,AUR,0.0205324621650623,1.7919805224565573
W_K8P4_CP30,25,2024-05-08,AUR,0.0018006667767471,1.7919805224565573
W_K8P4_CP30,25,2024-05-09,AUR,0.0003485834180578,1.7919805224565573
W_K8P4_CP30,25,2024-05-10,AUR,0.0075816825560013,1.7919805224565573
W_K8P4_CP30,25,2024-05-13,AUR,0.0159059636243982,1.7919805224565573
W_K8P4_CP30,25,2024-05-14,AUR,0.0106249362444999,1.7919805224565573
W_K8P4_CP30,25,2024-05-15,AUR,0.0191003834434923,1.7919805224565573
W_K8P4_CP30,25,2024-05-16,AUR,-0.0059718776009157,1.7919805224565573
W_K8P4_CP30,25,2024-05-17,AUR,-0.0126201205711398,1.7919805224565573
W_K8P4_CP30,25,2024-05-20,AUR,0.0041941674340422,1.7919805224565573
W_K8P4_CP30,25,2024-05-21,AUR,-0.0058319061785905,1.7919805224565573
W_K8P4_CP30,25,2024-05-22,AUR,-0.0083621648097173,1.7919805224565573
W_K8P4_CP30,25,2024-05-23,AUR,0.0030274945183946,1.7919805224565573
W_K8P4_CP30,25,2024-05-24,AUR,-5.216695356274001e-05,1.7919805224565573
W_K8P4_CP30,25,2024-05-27,AUR,0.0012738075389369,1.7919805224565573
W_K8P4_CP30,25,2024-05-28,AUR,0.00525293148846,1.7919805224565573
W_K8P4_CP30,25,2024-05-29,AUR,-0.0079740833640468,1.7919805224565573
W_K8P4_CP30,25,2024-05-30,AUR,-0.0074311037059936,1.7919805224565573
W_K8P4_CP30,25,2024-05-31,AUR,0.0048155995837687,1.7919805224565573
W_K8P4_CP30,25,2024-05-02,QAUR,0.001780752402588,1.7919805224565573
W_K8P4_CP30,25,2024-05-03,QAUR,-0.0019741923693759,1.7919805224565573
W_K8P4_CP30,25,2024-05-06,QAUR,0.0060219562293773,1.7919805224565573
W_K8P4_CP30,25,2024-05-07,QAUR,0.020532462159745,1.7919805224565573
W_K8P4_CP30,25,2024-05-08,QAUR,0.001800666773724,1.7919805224565573
W_K8P4_CP30,25,2024-05-09,QAUR,0.0003485834156779,1.7919805224565573
W_K8P4_CP30,25,2024-05-10,QAUR,0.0075816825326235,1.7919805224565573
W_K8P4_CP30,25,2024-05-13,QAUR,0.0159059636065826,1.7919805224565573
W_K8P4_CP30,25,2024-05-14,QAUR,0.0106249362284159,1.7919805224565573
W_K8P4_CP30,25,2024-05-15,QAUR,0.0191003834176677,1.7919805224565573
W_K8P4_CP30,25,2024-05-16,QAUR,-0.0059718775903219,1.7919805224565573
W_K8P4_CP30,25,2024-05-17,QAUR,-0.0126201205598601,1.7919805224565573
W_K8P4_CP30,25,2024-05-20,QAUR,0.0041941674308141,1.7919805224565573
W_K8P4_CP30,25,2024-05-21,QAUR,-0.005831906160354,1.7919805224565573
W_K8P4_CP30,25,2024-05-22,QAUR,-0.00836216479671,1.7919805224565573
W_K8P4_CP30,25,2024-05-23,QAUR,0.0030274945155844,1.7919805224565573
W_K8P4_CP30,25,2024-05-24,QAUR,-5.216695506160711e-05,1.7919805224565573
W_K8P4_CP30,25,2024-05-27,QAUR,0.0012738075330428,1.7919805224565573
W_K8P4_CP30,25,2024-05-28,QAUR,0.0052529314798303,1.7919805224565573
W_K8P4_CP30,25,2024-05-29,QAUR,-0.0079740833565458,1.7919805224565573
W_K8P4_CP30,25,2024-05-30,QAUR,-0.0074311036958169,1.7919805224565573
W_K8P4_CP30,25,2024-05-31,QAUR,0.0048155995743672,1.7919805224565573
W_K8P4_CP30,26,2024-06-03,AUR,0.0087560168402158,1.3197453561781065
W_K8P4_CP30,26,2024-06-04,AUR,0.0049082689558296,1.3197453561781065
W_K8P4_CP30,26,2024-06-05,AUR,-0.0013712447735389,1.3197453561781065
W_K8P4_CP30,26,2024-06-06,AUR,0.0092712376024148,1.3197453561781065
W_K8P4_CP30,26,2024-06-07,AUR,0.0071250904603421,1.3197453561781065
W_K8P4_CP30,26,2024-06-10,AUR,0.0138557310201306,1.3197453561781065
W_K8P4_CP30,26,2024-06-11,AUR,0.001976299134748,1.3197453561781065
W_K8P4_CP30,26,2024-06-12,AUR,0.0030419785104216,1.3197453561781065
W_K8P4_CP30,26,2024-06-13,AUR,0.001956925881975,1.3197453561781065
W_K8P4_CP30,26,2024-06-14,AUR,0.001460270119702,1.3197453561781065
W_K8P4_CP30,26,2024-06-17,AUR,-0.0001911233807602,1.3197453561781065
W_K8P4_CP30,26,2024-06-18,AUR,0.0023310484556248,1.3197453561781065
W_K8P4_CP30,26,2024-06-19,AUR,0.0007604017396597,1.3197453561781065
W_K8P4_CP30,26,2024-06-20,AUR,0.0033502053163663,1.3197453561781065
W_K8P4_CP30,26,2024-06-21,AUR,0.0088891201556298,1.3197453561781065
W_K8P4_CP30,26,2024-06-24,AUR,0.0036514055561904,1.3197453561781065
W_K8P4_CP30,26,2024-06-25,AUR,-0.003452960367158,1.3197453561781065
W_K8P4_CP30,26,2024-06-26,AUR,-0.004425472707014,1.3197453561781065
W_K8P4_CP30,26,2024-06-27,AUR,-0.0012925384059877,1.3197453561781065
W_K8P4_CP30,26,2024-06-28,AUR,-0.0009306901693531,1.3197453561781065
W_K8P4_CP30,26,2024-07-01,AUR,0.0034287267897117,1.3197453561781065
W_K8P4_CP30,26,2024-06-03,QAUR,0.0087560168412631,1.3197453561781065
W_K8P4_CP30,26,2024-06-04,QAUR,0.0049082689558296,1.3197453561781065
W_K8P4_CP30,26,2024-06-05,QAUR,-0.0013712447735389,1.3197453561781065
W_K8P4_CP30,26,2024-06-06,QAUR,0.0092712376024148,1.3197453561781065
W_K8P4_CP30,26,2024-06-07,QAUR,0.0071250904603421,1.3197453561781065
W_K8P4_CP30,26,2024-06-10,QAUR,0.0138557310201306,1.3197453561781065
W_K8P4_CP30,26,2024-06-11,QAUR,0.001976299134748,1.3197453561781065
W_K8P4_CP30,26,2024-06-12,QAUR,0.0030419785104216,1.3197453561781065
W_K8P4_CP30,26,2024-06-13,QAUR,0.001956925881975,1.3197453561781065
W_K8P4_CP30,26,2024-06-14,QAUR,0.001460270119702,1.3197453561781065
W_K8P4_CP30,26,2024-06-17,QAUR,-0.0001911233807602,1.3197453561781065
W_K8P4_CP30,26,2024-06-18,QAUR,0.0023310484556248,1.3197453561781065
W_K8P4_CP30,26,2024-06-19,QAUR,0.0007604017396597,1.3197453561781065
W_K8P4_CP30,26,2024-06-20,QAUR,0.0033502053163663,1.3197453561781065
W_K8P4_CP30,26,2024-06-21,QAUR,0.0088891201556298,1.3197453561781065
W_K8P4_CP30,26,2024-06-24,QAUR,0.0036514055561904,1.3197453561781065
W_K8P4_CP30,26,2024-06-25,QAUR,-0.003452960367158,1.3197453561781065
W_K8P4_CP30,26,2024-06-26,QAUR,-0.004425472707014,1.3197453561781065
W_K8P4_CP30,26,2024-06-27,QAUR,-0.0012925384059877,1.3197453561781065
W_K8P4_CP30,26,2024-06-28,QAUR,-0.0009306901693531,1.3197453561781065
W_K8P4_CP30,26,2024-07-01,QAUR,0.0034287267897117,1.3197453561781065
W_K8P4_CP30,27,2024-07-02,AUR,0.0198124085217108,1.7037007009339997
W_K8P4_CP30,27,2024-07-03,AUR,0.0023585865358147,1.7037007009339997
W_K8P4_CP30,27,2024-07-04,AUR,-0.0020322753918729,1.7037007009339997
W_K8P4_CP30,27,2024-07-05,AUR,-0.0069708745409679,1.7037007009339997
W_K8P4_CP30,27,2024-07-08,AUR,0.0028928366796479,1.7037007009339997
W_K8P4_CP30,27,2024-07-09,AUR,-0.0008085268650119,1.7037007009339997
W_K8P4_CP30,27,2024-07-10,AUR,0.0047956227731868,1.7037007009339997
W_K8P4_CP30,27,2024-07-11,AUR,-0.0052877625781827,1.7037007009339997
W_K8P4_CP30,27,2024-07-12,AUR,-0.0013406051378125,1.7037007009339997
W_K8P4_CP30,27,2024-07-15,AUR,0.0111794507220215,1.7037007009339997
W_K8P4_CP30,27,2024-07-16,AUR,0.0020605964506435,1.7037007009339997
W_K8P4_CP30,27,2024-07-17,AUR,-0.0004404547076976,1.7037007009339997
W_K8P4_CP30,27,2024-07-18,AUR,0.0012884183916317,1.7037007009339997
W_K8P4_CP30,27,2024-07-19,AUR,-0.0032801605240021,1.7037007009339997
W_K8P4_CP30,27,2024-07-22,AUR,-0.0015692481392092,1.7037007009339997
W_K8P4_CP30,27,2024-07-23,AUR,-0.0120278174127595,1.7037007009339997
W_K8P4_CP30,27,2024-07-24,AUR,-0.0010541308283319,1.7037007009339997
W_K8P4_CP30,27,2024-07-25,AUR,-0.0031154288479972,1.7037007009339997
W_K8P4_CP30,27,2024-07-26,AUR,0.0,1.7037007009339997
W_K8P4_CP30,27,2024-07-29,AUR,0.0010328630881793,1.7037007009339997
W_K8P4_CP30,27,2024-07-30,AUR,-0.0001106752221547,1.7037007009339997
W_K8P4_CP30,27,2024-07-31,AUR,0.0047306396219257,1.7037007009339997
W_K8P4_CP30,27,2024-08-01,AUR,-0.0028368693605372,1.7037007009339997
W_K8P4_CP30,27,2024-07-02,QAUR,0.0198124085217108,1.7037007009339997
W_K8P4_CP30,27,2024-07-03,QAUR,0.0023585865358147,1.7037007009339997
W_K8P4_CP30,27,2024-07-04,QAUR,-0.0020322753918729,1.7037007009339997
W_K8P4_CP30,27,2024-07-05,QAUR,-0.0069708745409679,1.7037007009339997
W_K8P4_CP30,27,2024-07-08,QAUR,0.002892836679648,1.7037007009339997
W_K8P4_CP30,27,2024-07-09,QAUR,-0.0008085268650119,1.7037007009339997
W_K8P4_CP30,27,2024-07-10,QAUR,0.0047956227731868,1.7037007009339997
W_K8P4_CP30,27,2024-07-11,QAUR,-0.0052877625781827,1.7037007009339997
W_K8P4_CP30,27,2024-07-12,QAUR,-0.0013406051378125,1.7037007009339997
W_K8P4_CP30,27,2024-07-15,QAUR,0.0111794507220216,1.7037007009339997
W_K8P4_CP30,27,2024-07-16,QAUR,0.0020605964506435,1.7037007009339997
W_K8P4_CP30,27,2024-07-17,QAUR,-0.0004404547076976,1.7037007009339997
W_K8P4_CP30,27,2024-07-18,QAUR,0.0012884183916317,1.7037007009339997
W_K8P4_CP30,27,2024-07-19,QAUR,-0.0032801605240021,1.7037007009339997
W_K8P4_CP30,27,2024-07-22,QAUR,-0.0015692481392092,1.7037007009339997
W_K8P4_CP30,27,2024-07-23,QAUR,-0.0120278174127595,1.7037007009339997
W_K8P4_CP30,27,2024-07-24,QAUR,-0.0010541308283319,1.7037007009339997
W_K8P4_CP30,27,2024-07-25,QAUR,-0.0031154288479972,1.7037007009339997
W_K8P4_CP30,27,2024-07-26,QAUR,0.0,1.7037007009339997
W_K8P4_CP30,27,2024-07-29,QAUR,0.0010328630881793,1.7037007009339997
W_K8P4_CP30,27,2024-07-30,QAUR,-0.0001106752221547,1.7037007009339997
W_K8P4_CP30,27,2024-07-31,QAUR,0.0047306396219257,1.7037007009339997
W_K8P4_CP30,27,2024-08-01,QAUR,-0.0028368693605372,1.7037007009339997
W_K8P4_CP30,28,2024-08-02,AUR,-0.0043594597829181,1.603624561772568
W_K8P4_CP30,28,2024-08-05,AUR,-0.0103290394466702,1.603624561772568
W_K8P4_CP30,28,2024-08-06,AUR,0.0072141587863863,1.603624561772568
W_K8P4_CP30,28,2024-08-07,AUR,0.0027985860063381,1.603624561772568
W_K8P4_CP30,28,2024-08-08,AUR,-0.0039385324483835,1.603624561772568
W_K8P4_CP30,28,2024-08-09,AUR,0.0050027703157245,1.603624561772568
W_K8P4_CP30,28,2024-08-12,AUR,0.0029624982331702,1.603624561772568
W_K8P4_CP30,28,2024-08-13,AUR,0.0062947722192115,1.603624561772568
W_K8P4_CP30,28,2024-08-14,AUR,-0.0062950048241083,1.603624561772568
W_K8P4_CP30,28,2024-08-15,AUR,-0.0025184497886649,1.603624561772568
W_K8P4_CP30,28,2024-08-16,AUR,0.0042524649070757,1.603624561772568
W_K8P4_CP30,28,2024-08-19,AUR,0.002745916029061,1.603624561772568
W_K8P4_CP30,28,2024-08-20,AUR,0.0040004135751115,1.603624561772568
W_K8P4_CP30,28,2024-08-21,AUR,0.008117353451336,1.603624561772568
W_K8P4_CP30,28,2024-08-22,AUR,0.0001058758572381,1.603624561772568
W_K8P4_CP30,28,2024-08-23,AUR,0.0011839604278661,1.603624561772568
W_K8P4_CP30,28,2024-08-26,AUR,0.0058580944291441,1.603624561772568
W_K8P4_CP30,28,2024-08-27,AUR,0.0006667560107039,1.603624561772568
W_K8P4_CP30,28,2024-08-28,AUR,0.0035803939522332,1.603624561772568
W_K8P4_CP30,28,2024-08-29,AUR,0.0042382521274534,1.603624561772568
W_K8P4_CP30,28,2024-08-30,AUR,0.0062010833374256,1.603624561772568
W_K8P4_CP30,28,2024-08-02,QAUR,-0.0043594597829181,1.603624561772568
W_K8P4_CP30,28,2024-08-05,QAUR,-0.0103290394466702,1.603624561772568
W_K8P4_CP30,28,2024-08-06,QAUR,0.0072141587863863,1.603624561772568
W_K8P4_CP30,28,2024-08-07,QAUR,0.0027985860063381,1.603624561772568
W_K8P4_CP30,28,2024-08-08,QAUR,-0.0039385324483835,1.603624561772568
W_K8P4_CP30,28,2024-08-09,QAUR,0.0050027703157245,1.603624561772568
W_K8P4_CP30,28,2024-08-12,QAUR,0.0029624982331702,1.603624561772568
W_K8P4_CP30,28,2024-08-13,QAUR,0.0062947722192115,1.603624561772568
W_K8P4_CP30,28,2024-08-14,QAUR,-0.0062950048241083,1.603624561772568
W_K8P4_CP30,28,2024-08-15,QAUR,-0.0025184497886649,1.603624561772568
W_K8P4_CP30,28,2024-08-16,QAUR,0.0042524649070757,1.603624561772568
W_K8P4_CP30,28,2024-08-19,QAUR,0.002745916029061,1.603624561772568
W_K8P4_CP30,28,2024-08-20,QAUR,0.0040004135751115,1.603624561772568
W_K8P4_CP30,28,2024-08-21,QAUR,0.008117353451336,1.603624561772568
W_K8P4_CP30,28,2024-08-22,QAUR,0.0001058758572381,1.603624561772568
W_K8P4_CP30,28,2024-08-23,QAUR,0.0011839604278661,1.603624561772568
W_K8P4_CP30,28,2024-08-26,QAUR,0.0058580944291441,1.603624561772568
W_K8P4_CP30,28,2024-08-27,QAUR,0.0006667560107039,1.603624561772568
W_K8P4_CP30,28,2024-08-28,QAUR,0.0035803939522332,1.603624561772568
W_K8P4_CP30,28,2024-08-29,QAUR,0.0042382521274534,1.603624561772568
W_K8P4_CP30,28,2024-08-30,QAUR,0.0062010833374256,1.603624561772568
W_K8P4_CP30,29,2024-09-04,AUR,-0.0028396624393902,2.1968376991321996
W_K8P4_CP30,29,2024-09-05,AUR,-8.849151645853263e-05,2.1968376991321996
W_K8P4_CP30,29,2024-09-06,AUR,0.0007249305641918,2.1968376991321996
W_K8P4_CP30,29,2024-09-09,AUR,-0.0004500001852517,2.1968376991321996
W_K8P4_CP30,29,2024-09-10,AUR,-0.0014249223648624,2.1968376991321996
W_K8P4_CP30,29,2024-09-11,AUR,-0.0010931960619214,2.1968376991321996
W_K8P4_CP30,29,2024-09-12,AUR,0.0048806973409832,2.1968376991321996
W_K8P4_CP30,29,2024-09-13,AUR,0.0011502863671758,2.1968376991321996
W_K8P4_CP30,29,2024-09-16,AUR,-0.0029756168370476,2.1968376991321996
W_K8P4_CP30,29,2024-09-17,AUR,0.0109698936547768,2.1968376991321996
W_K8P4_CP30,29,2024-09-18,AUR,0.0058356606501946,2.1968376991321996
W_K8P4_CP30,29,2024-09-19,AUR,0.0183307191598384,2.1968376991321996
W_K8P4_CP30,29,2024-09-20,AUR,0.0036650789762914,2.1968376991321996
W_K8P4_CP30,29,2024-09-23,AUR,-0.003205839339754,2.1968376991321996
W_K8P4_CP30,29,2024-09-24,AUR,0.0117132232851752,2.1968376991321996
W_K8P4_CP30,29,2024-09-25,AUR,0.0147222937699976,2.1968376991321996
W_K8P4_CP30,29,2024-09-26,AUR,-0.0141556843883178,2.1968376991321996
W_K8P4_CP30,29,2024-09-27,AUR,0.0,2.1968376991321996
W_K8P4_CP30,29,2024-09-30,AUR,-0.0082853335955863,2.1968376991321996
W_K8P4_CP30,29,2024-10-01,AUR,0.0021312160468031,2.1968376991321996
W_K8P4_CP30,29,2024-09-04,QAUR,-0.0028396624393902,2.1968376991321996
W_K8P4_CP30,29,2024-09-05,QAUR,-8.84915164585348e-05,2.1968376991321996
W_K8P4_CP30,29,2024-09-06,QAUR,0.0007249305641918,2.1968376991321996
W_K8P4_CP30,29,2024-09-09,QAUR,-0.0004500001852517,2.1968376991321996
W_K8P4_CP30,29,2024-09-10,QAUR,-0.0014249223648624,2.1968376991321996
W_K8P4_CP30,29,2024-09-11,QAUR,-0.0010931960619214,2.1968376991321996
W_K8P4_CP30,29,2024-09-12,QAUR,0.0048806973409832,2.1968376991321996
W_K8P4_CP30,29,2024-09-13,QAUR,0.0011502863671758,2.1968376991321996
W_K8P4_CP30,29,2024-09-16,QAUR,-0.0029756168370476,2.1968376991321996
W_K8P4_CP30,29,2024-09-17,QAUR,0.0109698936547768,2.1968376991321996
W_K8P4_CP30,29,2024-09-18,QAUR,0.0058356606501946,2.1968376991321996
W_K8P4_CP30,29,2024-09-19,QAUR,0.0183307191598385,2.1968376991321996
W_K8P4_CP30,29,2024-09-20,QAUR,0.0036650789762914,2.1968376991321996
W_K8P4_CP30,29,2024-09-23,QAUR,-0.003205839339754,2.1968376991321996
W_K8P4_CP30,29,2024-09-24,QAUR,0.0117132232851752,2.1968376991321996
W_K8P4_CP30,29,2024-09-25,QAUR,0.0147222937699976,2.1968376991321996
W_K8P4_CP30,29,2024-09-26,QAUR,-0.0141556843883178,2.1968376991321996
W_K8P4_CP30,29,2024-09-27,QAUR,0.0,2.1968376991321996
W_K8P4_CP30,29,2024-09-30,QAUR,-0.0082853335955863,2.1968376991321996
W_K8P4_CP30,29,2024-10-01,QAUR,0.0021312160468031,2.1968376991321996
W_K8P4_CP30,30,2024-10-02,AUR,-0.0002542797026293,2.469699427630723
W_K8P4_CP30,30,2024-10-03,AUR,0.0010849240114649,2.469699427630723
W_K8P4_CP30,30,2024-10-04,AUR,-0.0030764594697172,2.469699427630723
W_K8P4_CP30,30,2024-10-07,AUR,-0.0023196605765739,2.469699427630723
W_K8P4_CP30,30,2024-10-08,AUR,-0.0013350797968981,2.469699427630723
W_K8P4_CP30,30,2024-10-09,AUR,-0.0014603256136104,2.469699427630723
W_K8P4_CP30,30,2024-10-10,AUR,0.0033540399235955,2.469699427630723
W_K8P4_CP30,30,2024-10-11,AUR,0.0008029130524204,2.469699427630723
W_K8P4_CP30,30,2024-10-14,AUR,-0.0010518136679907,2.469699427630723
W_K8P4_CP30,30,2024-10-15,AUR,-0.0007460394636757,2.469699427630723
W_K8P4_CP30,30,2024-10-16,AUR,-0.0006596621878965,2.469699427630723
W_K8P4_CP30,30,2024-10-17,AUR,0.0051452024540844,2.469699427630723
W_K8P4_CP30,30,2024-10-18,AUR,0.0087090959390748,2.469699427630723
W_K8P4_CP30,30,2024-10-21,AUR,-0.0097591726870081,2.469699427630723
W_K8P4_CP30,30,2024-10-22,AUR,-0.0018025848756275,2.469699427630723
W_K8P4_CP30,30,2024-10-23,AUR,0.0033356117864129,2.469699427630723
W_K8P4_CP30,30,2024-10-24,AUR,-0.0004530816119471,2.469699427630723
W_K8P4_CP30,30,2024-10-25,AUR,-0.0039834055681087,2.469699427630723
W_K8P4_CP30,30,2024-10-28,AUR,0.0038232735365428,2.469699427630723
W_K8P4_CP30,30,2024-10-29,AUR,-0.0023779699455306,2.469699427630723
W_K8P4_CP30,30,2024-10-30,AUR,0.0034815589683585,2.469699427630723
W_K8P4_CP30,30,2024-10-31,AUR,0.003582528709978,2.469699427630723
W_K8P4_CP30,30,2024-11-01,AUR,-0.0014139818061302,2.469699427630723
W_K8P4_CP30,30,2024-10-02,QAUR,-0.0002542797023102,2.469699427630723
W_K8P4_CP30,30,2024-10-03,QAUR,0.0010849240099898,2.469699427630723
W_K8P4_CP30,30,2024-10-04,QAUR,-0.0030764594701962,2.469699427630723
W_K8P4_CP30,30,2024-10-07,QAUR,-0.0023196605767815,2.469699427630723
W_K8P4_CP30,30,2024-10-08,QAUR,-0.0013350797958053,2.469699427630723
W_K8P4_CP30,30,2024-10-09,QAUR,-0.0014603256175991,2.469699427630723
W_K8P4_CP30,30,2024-10-10,QAUR,0.0033540399224674,2.469699427630723
W_K8P4_CP30,30,2024-10-11,QAUR,0.0008029130440657,2.469699427630723
W_K8P4_CP30,30,2024-10-14,QAUR,-0.0010518136635052,2.469699427630723
W_K8P4_CP30,30,2024-10-15,QAUR,-0.0007460394580673,2.469699427630723
W_K8P4_CP30,30,2024-10-16,QAUR,-0.0006596621875965,2.469699427630723
W_K8P4_CP30,30,2024-10-17,QAUR,0.00514520245715,2.469699427630723
W_K8P4_CP30,30,2024-10-18,QAUR,0.0087090959378231,2.469699427630723
W_K8P4_CP30,30,2024-10-21,QAUR,-0.0097591726893567,2.469699427630723
W_K8P4_CP30,30,2024-10-22,QAUR,-0.0018025848698551,2.469699427630723
W_K8P4_CP30,30,2024-10-23,QAUR,0.0033356117897027,2.469699427630723
W_K8P4_CP30,30,2024-10-24,QAUR,-0.0004530816113765,2.469699427630723
W_K8P4_CP30,30,2024-10-25,QAUR,-0.0039834055736024,2.469699427630723
W_K8P4_CP30,30,2024-10-28,QAUR,0.0038232735382958,2.469699427630723
W_K8P4_CP30,30,2024-10-29,QAUR,-0.0023779699452934,2.469699427630723
W_K8P4_CP30,30,2024-10-30,QAUR,0.0034815589699979,2.469699427630723
W_K8P4_CP30,30,2024-10-31,QAUR,0.0035825287067676,2.469699427630723
W_K8P4_CP30,30,2024-11-01,QAUR,-0.0014139818079998,2.469699427630723
W_K8P4_CP30,31,2024-11-04,AUR,-0.0049679078384314,3.3135980828875446
W_K8P4_CP30,31,2024-11-05,AUR,-0.000836452048053,3.3135980828875446
W_K8P4_CP30,31,2024-11-06,AUR,0.0042221867580693,3.3135980828875446
W_K8P4_CP30,31,2024-11-07,AUR,-0.0011074053542022,3.3135980828875446
W_K8P4_CP30,31,2024-11-08,AUR,-0.0017921038879984,3.3135980828875446
W_K8P4_CP30,31,2024-11-11,AUR,0.0009009009009009,3.3135980828875446
W_K8P4_CP30,31,2024-11-12,AUR,0.0025806583353753,3.3135980828875446
W_K8P4_CP30,31,2024-11-13,AUR,0.0017463418282461,3.3135980828875446
W_K8P4_CP30,31,2024-11-14,AUR,-0.0014524886265164,3.3135980828875446
W_K8P4_CP30,31,2024-11-15,AUR,-0.0076191696517923,3.3135980828875446
W_K8P4_CP30,31,2024-11-18,AUR,0.0034236431340176,3.3135980828875446
W_K8P4_CP30,31,2024-11-19,AUR,-0.0011169513797634,3.3135980828875446
W_K8P4_CP30,31,2024-11-20,AUR,-0.0003885663188902,3.3135980828875446
W_K8P4_CP30,31,2024-11-21,AUR,-0.0006092310341858,3.3135980828875446
W_K8P4_CP30,31,2024-11-22,AUR,-0.0004284338120157,3.3135980828875446
W_K8P4_CP30,31,2024-11-25,AUR,0.004086213286817,3.3135980828875446
W_K8P4_CP30,31,2024-11-26,AUR,-0.0009847987264613,3.3135980828875446
W_K8P4_CP30,31,2024-11-27,AUR,-0.0019238446184553,3.3135980828875446
W_K8P4_CP30,31,2024-11-28,AUR,0.0044933555087191,3.3135980828875446
W_K8P4_CP30,31,2024-11-29,AUR,-0.0009445426681358,3.3135980828875446
W_K8P4_CP30,31,2024-11-04,QAUR,-0.0060408691410308,3.3135980828875446
W_K8P4_CP30,31,2024-11-05,QAUR,0.0005781494197337,3.3135980828875446
W_K8P4_CP30,31,2024-11-06,QAUR,0.0020577179782806,3.3135980828875446
W_K8P4_CP30,31,2024-11-07,QAUR,0.0003496027817009,3.3135980828875446
W_K8P4_CP30,31,2024-11-08,QAUR,0.0012785146172345,3.3135980828875446
W_K8P4_CP30,31,2024-11-11,QAUR,0.0016084480707122,3.3135980828875446
W_K8P4_CP30,31,2024-11-12,QAUR,-0.0015404012754733,3.3135980828875446
W_K8P4_CP30,31,2024-11-13,QAUR,-0.0026806371829546,3.3135980828875446
W_K8P4_CP30,31,2024-11-14,QAUR,-0.0024624920813698,3.3135980828875446
W_K8P4_CP30,31,2024-11-15,QAUR,-0.0120007477396239,3.3135980828875446
W_K8P4_CP30,31,2024-11-18,QAUR,0.0007390836414185,3.3135980828875446
W_K8P4_CP30,31,2024-11-19,QAUR,0.0045306601655705,3.3135980828875446
W_K8P4_CP30,31,2024-11-20,QAUR,0.0035762622013135,3.3135980828875446
W_K8P4_CP30,31,2024-11-21,QAUR,-0.0007972643640349,3.3135980828875446
W_K8P4_CP30,31,2024-11-22,QAUR,-0.0017487669680884,3.3135980828875446
W_K8P4_CP30,31,2024-11-25,QAUR,0.0042611611983309,3.3135980828875446
W_K8P4_CP30,31,2024-11-26,QAUR,0.002598138451853,3.3135980828875446
W_K8P4_CP30,31,2024-11-27,QAUR,0.0004625030197423,3.3135980828875446
W_K8P4_CP30,31,2024-11-28,QAUR,0.0004061716239696,3.3135980828875446
W_K8P4_CP30,31,2024-11-29,QAUR,0.0179020482159226,3.3135980828875446
W_K8P4_CP30,32,2024-12-02,AUR,-0.0022537950981723,3.3375582054614332
W_K8P4_CP30,32,2024-12-03,AUR,-0.0096895652930517,3.3375582054614332
W_K8P4_CP30,32,2024-12-04,AUR,0.0054486105545431,3.3375582054614332
W_K8P4_CP30,32,2024-12-05,AUR,0.0067859048084234,3.3375582054614332
W_K8P4_CP30,32,2024-12-06,AUR,0.0024913563509368,3.3375582054614332
W_K8P4_CP30,32,2024-12-09,AUR,0.0200183362931589,3.3375582054614332
W_K8P4_CP30,32,2024-12-10,AUR,0.0174237285036205,3.3375582054614332
W_K8P4_CP30,32,2024-12-11,AUR,-0.0131876365079516,3.3375582054614332
W_K8P4_CP30,32,2024-12-12,AUR,0.0010982683217225,3.3375582054614332
W_K8P4_CP30,32,2024-12-13,AUR,0.0007519748438793,3.3375582054614332
W_K8P4_CP30,32,2024-12-16,AUR,0.000942655145326,3.3375582054614332
W_K8P4_CP30,32,2024-12-17,AUR,-0.005318025248655,3.3375582054614332
W_K8P4_CP30,32,2024-12-18,AUR,0.0053029789190451,3.3375582054614332
W_K8P4_CP30,32,2024-12-19,AUR,-0.0077331485300338,3.3375582054614332
W_K8P4_CP30,32,2024-12-20,AUR,0.0081080234283873,3.3375582054614332
W_K8P4_CP30,32,2024-12-23,AUR,0.0040224168306153,3.3375582054614332
W_K8P4_CP30,32,2024-12-24,AUR,-0.0005968471573326,3.3375582054614332
W_K8P4_CP30,32,2024-12-25,AUR,0.0107391031125507,3.3375582054614332
W_K8P4_CP30,32,2024-12-26,AUR,-0.0084878975197926,3.3375582054614332
W_K8P4_CP30,32,2024-12-27,AUR,-0.0052271663814222,3.3375582054614332
W_K8P4_CP30,32,2024-12-30,AUR,0.0018284445524035,3.3375582054614332
W_K8P4_CP30,32,2024-12-31,AUR,-0.0023738189040184,3.3375582054614332
W_K8P4_CP30,32,2024-12-02,QAUR,-0.0026586751357361,3.3375582054614332
W_K8P4_CP30,32,2024-12-03,QAUR,-0.0096895652930517,3.3375582054614332
W_K8P4_CP30,32,2024-12-04,QAUR,0.0054486105545431,3.3375582054614332
W_K8P4_CP30,32,2024-12-05,QAUR,0.0067859048084234,3.3375582054614332
W_K8P4_CP30,32,2024-12-06,QAUR,0.0024913563509368,3.3375582054614332
W_K8P4_CP30,32,2024-12-09,QAUR,0.0200183362931589,3.3375582054614332
W_K8P4_CP30,32,2024-12-10,QAUR,0.0174237285036205,3.3375582054614332
W_K8P4_CP30,32,2024-12-11,QAUR,-0.0131876365079516,3.3375582054614332
W_K8P4_CP30,32,2024-12-12,QAUR,0.0010982683217225,3.3375582054614332
W_K8P4_CP30,32,2024-12-13,QAUR,0.0007519748438793,3.3375582054614332
W_K8P4_CP30,32,2024-12-16,QAUR,0.000942655145326,3.3375582054614332
W_K8P4_CP30,32,2024-12-17,QAUR,-0.0053180252486551,3.3375582054614332
W_K8P4_CP30,32,2024-12-18,QAUR,0.0053029789190451,3.3375582054614332
W_K8P4_CP30,32,2024-12-19,QAUR,-0.0077331485300338,3.3375582054614332
W_K8P4_CP30,32,2024-12-20,QAUR,0.0081080234283873,3.3375582054614332
W_K8P4_CP30,32,2024-12-23,QAUR,0.0040224168306153,3.3375582054614332
W_K8P4_CP30,32,2024-12-24,QAUR,-0.0005968471573326,3.3375582054614332
W_K8P4_CP30,32,2024-12-25,QAUR,0.0107391031125507,3.3375582054614332
W_K8P4_CP30,32,2024-12-26,QAUR,-0.0084878975197926,3.3375582054614332
W_K8P4_CP30,32,2024-12-27,QAUR,-0.0052271663814222,3.3375582054614332
W_K8P4_CP30,32,2024-12-30,QAUR,0.0018284445524035,3.3375582054614332
W_K8P4_CP30,32,2024-12-31,QAUR,-0.0023738189040184,3.3375582054614332
W_K8P4_CP30,33,2025-01-02,AUR,-0.0087429287430647,3.2260177291139183
W_K8P4_CP30,33,2025-01-03,AUR,-0.0053809023501722,3.2260177291139183
W_K8P4_CP30,33,2025-01-06,AUR,-0.0034384625699704,3.2260177291139183
W_K8P4_CP30,33,2025-01-07,AUR,0.0063212413879264,3.2260177291139183
W_K8P4_CP30,33,2025-01-08,AUR,-0.0029638083007054,3.2260177291139183
W_K8P4_CP30,33,2025-01-09,AUR,-0.0008438857488101,3.2260177291139183
W_K8P4_CP30,33,2025-01-10,AUR,-0.0036308599750747,3.2260177291139183
W_K8P4_CP30,33,2025-01-13,AUR,-0.0002471749239955,3.2260177291139183
W_K8P4_CP30,33,2025-01-14,AUR,-0.0012303507975298,3.2260177291139183
W_K8P4_CP30,33,2025-01-15,AUR,0.0030090480340206,3.2260177291139183
W_K8P4_CP30,33,2025-01-16,AUR,0.001409844641405,3.2260177291139183
W_K8P4_CP30,33,2025-01-17,AUR,0.0015671932438124,3.2260177291139183
W_K8P4_CP30,33,2025-01-20,AUR,-0.003315852273675,3.2260177291139183
W_K8P4_CP30,33,2025-01-21,AUR,-0.0001521997187689,3.2260177291139183
W_K8P4_CP30,33,2025-01-22,AUR,0.002789998813306,3.2260177291139183
W_K8P4_CP30,33,2025-01-23,AUR,0.0001643643253861,3.2260177291139183
W_K8P4_CP30,33,2025-01-24,AUR,0.0184420937418914,3.2260177291139183
W_K8P4_CP30,33,2025-01-02,QAUR,-0.0087429287430647,3.2260177291139183
W_K8P4_CP30,33,2025-01-03,QAUR,-0.0053809023501722,3.2260177291139183
W_K8P4_CP30,33,2025-01-06,QAUR,-0.0034384625699704,3.2260177291139183
W_K8P4_CP30,33,2025-01-07,QAUR,0.0063212413879264,3.2260177291139183
W_K8P4_CP30,33,2025-01-08,QAUR,-0.0029638083007054,3.2260177291139183
W_K8P4_CP30,33,2025-01-09,QAUR,-0.0008438857488101,3.2260177291139183
W_K8P4_CP30,33,2025-01-10,QAUR,-0.0036308599750747,3.2260177291139183
W_K8P4_CP30,33,2025-01-13,QAUR,-0.0002471749239955,3.2260177291139183
W_K8P4_CP30,33,2025-01-14,QAUR,-0.0012303507975298,3.2260177291139183
W_K8P4_CP30,33,2025-01-15,QAUR,0.0030090480340206,3.2260177291139183
W_K8P4_CP30,33,2025-01-16,QAUR,0.001409844641405,3.2260177291139183
W_K8P4_CP30,33,2025-01-17,QAUR,0.0015671932438124,3.2260177291139183
W_K8P4_CP30,33,2025-01-20,QAUR,-0.003315852273675,3.2260177291139183
W_K8P4_CP30,33,2025-01-21,QAUR,-0.0001521997187689,3.2260177291139183
W_K8P4_CP30,33,2025-01-22,QAUR,0.002789998813306,3.2260177291139183
W_K8P4_CP30,33,2025-01-23,QAUR,0.0001643643253861,3.2260177291139183
W_K8P4_CP30,33,2025-01-24,QAUR,0.0184420937418914,3.2260177291139183
W_K8P4_CP30,34,2025-02-03,AUR,-0.0107691998570282,2.9580115359182293
W_K8P4_CP30,34,2025-02-04,AUR,0.0009636473422707,2.9580115359182293
W_K8P4_CP30,34,2025-02-05,AUR,0.0020736620394103,2.9580115359182293
W_K8P4_CP30,34,2025-02-06,AUR,0.0046589457693944,2.9580115359182293
W_K8P4_CP30,34,2025-02-07,AUR,-0.0022874181772349,2.9580115359182293
W_K8P4_CP30,34,2025-02-10,AUR,-0.0062328926468804,2.9580115359182293
W_K8P4_CP30,34,2025-02-11,AUR,-0.0063859820239971,2.9580115359182293
W_K8P4_CP30,34,2025-02-12,AUR,-0.002715305672944,2.9580115359182293
W_K8P4_CP30,34,2025-02-13,AUR,0.0036749329943805,2.9580115359182293
W_K8P4_CP30,34,2025-02-14,AUR,-0.0007370612994795,2.9580115359182293
W_K8P4_CP30,34,2025-02-17,AUR,0.001454955881474,2.9580115359182293
W_K8P4_CP30,34,2025-02-18,AUR,0.0007524446061464,2.9580115359182293
W_K8P4_CP30,34,2025-02-19,AUR,0.0079667440846437,2.9580115359182293
W_K8P4_CP30,34,2025-02-20,AUR,0.0001631417285358,2.9580115359182293
W_K8P4_CP30,34,2025-02-21,AUR,0.0042322542709725,2.9580115359182293
W_K8P4_CP30,34,2025-02-24,AUR,0.0012703506571839,2.9580115359182293
W_K8P4_CP30,34,2025-02-25,AUR,-0.0037252799723899,2.9580115359182293
W_K8P4_CP30,34,2025-02-26,AUR,-0.0004285105071999,2.9580115359182293
W_K8P4_CP30,34,2025-02-27,AUR,0.0090204600322648,2.9580115359182293
W_K8P4_CP30,34,2025-02-28,AUR,-0.0015069267666266,2.9580115359182293
W_K8P4_CP30,34,2025-02-03,QAUR,-0.0080393505424316,2.9580115359182293
W_K8P4_CP30,34,2025-02-04,QAUR,9.446920009227892e-05,2.9580115359182293
W_K8P4_CP30,34,2025-02-05,QAUR,0.0020436071394013,2.9580115359182293
W_K8P4_CP30,34,2025-02-06,QAUR,0.0031746964504335,2.9580115359182293
W_K8P4_CP30,34,2025-02-07,QAUR,-0.0034474045293476,2.9580115359182293
W_K8P4_CP30,34,2025-02-10,QAUR,-0.0049414414050476,2.9580115359182293
W_K8P4_CP30,34,2025-02-11,QAUR,-0.0006899255987935,2.9580115359182293
W_K8P4_CP30,34,2025-02-12,QAUR,-0.0004343140598571,2.9580115359182293
W_K8P4_CP30,34,2025-02-13,QAUR,0.0063586341218139,2.9580115359182293
W_K8P4_CP30,34,2025-02-14,QAUR,0.0034823689330343,2.9580115359182293
W_K8P4_CP30,34,2025-02-17,QAUR,-0.0007401502052986,2.9580115359182293
W_K8P4_CP30,34,2025-02-18,QAUR,-5.0978194202357455e-05,2.9580115359182293
W_K8P4_CP30,34,2025-02-19,QAUR,0.0069050613970045,2.9580115359182293
W_K8P4_CP30,34,2025-02-20,QAUR,0.0006271178215073,2.9580115359182293
W_K8P4_CP30,34,2025-02-21,QAUR,0.010908333080205,2.9580115359182293
W_K8P4_CP30,34,2025-02-24,QAUR,0.0033220478166349,2.9580115359182293
W_K8P4_CP30,34,2025-02-25,QAUR,-0.0035477329898416,2.9580115359182293
W_K8P4_CP30,34,2025-02-26,QAUR,0.0029341527461462,2.9580115359182293
W_K8P4_CP30,34,2025-02-27,QAUR,0.0069689591245546,2.9580115359182293
W_K8P4_CP30,34,2025-02-28,QAUR,-0.0045300121794321,2.9580115359182293
W_K10P6_CP75,35,2025-03-03,AUR,0.0042591285670091,2.7050077370636956
W_K10P6_CP75,35,2025-03-04,AUR,0.0042679501101472,2.7050077370636956
W_K10P6_CP75,35,2025-03-05,AUR,0.0024327660410868,2.7050077370636956
W_K10P6_CP75,35,2025-03-06,AUR,0.002553374527707,2.7050077370636956
W_K10P6_CP75,35,2025-03-07,AUR,-0.0087658558499281,2.7050077370636956
W_K10P6_CP75,35,2025-03-10,AUR,-0.0038307463837728,2.7050077370636956
W_K10P6_CP75,35,2025-03-11,AUR,0.0036863361979174,2.7050077370636956
W_K10P6_CP75,35,2025-03-12,AUR,0.0058786799870893,2.7050077370636956
W_K10P6_CP75,35,2025-03-13,AUR,-0.01578648670259,2.7050077370636956
W_K10P6_CP75,35,2025-03-14,AUR,0.0049710833607177,2.7050077370636956
W_K10P6_CP75,35,2025-03-17,AUR,0.0086390129577564,2.7050077370636956
W_K10P6_CP75,35,2025-03-18,AUR,-0.005921023140357,2.7050077370636956
W_K10P6_CP75,35,2025-03-19,AUR,-0.0035535787160552,2.7050077370636956
W_K10P6_CP75,35,2025-03-20,AUR,0.0047055181225882,2.7050077370636956
W_K10P6_CP75,35,2025-03-21,AUR,-0.0040065282305754,2.7050077370636956
W_K10P6_CP75,35,2025-03-24,AUR,0.0083726222678969,2.7050077370636956
W_K10P6_CP75,35,2025-03-25,AUR,-0.00500330769178,2.7050077370636956
W_K10P6_CP75,35,2025-03-26,AUR,-0.0048456650136623,2.7050077370636956
W_K10P6_CP75,35,2025-03-27,AUR,-0.0072471966249078,2.7050077370636956
W_K10P6_CP75,35,2025-03-28,AUR,-0.0035617362663742,2.7050077370636956
W_K10P6_CP75,35,2025-03-31,AUR,-0.0047927972984752,2.7050077370636956
W_K10P6_CP75,35,2025-04-01,AUR,0.0047274141017737,2.7050077370636956
W_K10P6_CP75,35,2025-03-03,QAUR,0.0042591285772012,2.7050077370636956
W_K10P6_CP75,35,2025-03-04,QAUR,0.0042679501101471,2.7050077370636956
W_K10P6_CP75,35,2025-03-05,QAUR,0.0024327660410868,2.7050077370636956
W_K10P6_CP75,35,2025-03-06,QAUR,0.002553374527707,2.7050077370636956
W_K10P6_CP75,35,2025-03-07,QAUR,-0.0087658558499281,2.7050077370636956
W_K10P6_CP75,35,2025-03-10,QAUR,-0.0038307463837728,2.7050077370636956
W_K10P6_CP75,35,2025-03-11,QAUR,0.0036863361979174,2.7050077370636956
W_K10P6_CP75,35,2025-03-12,QAUR,0.0058786799870893,2.7050077370636956
W_K10P6_CP75,35,2025-03-13,QAUR,-0.01578648670259,2.7050077370636956
W_K10P6_CP75,35,2025-03-14,QAUR,0.0049710833607177,2.7050077370636956
W_K10P6_CP75,35,2025-03-17,QAUR,0.0086390129577564,2.7050077370636956
W_K10P6_CP75,35,2025-03-18,QAUR,-0.005921023140357,2.7050077370636956
W_K10P6_CP75,35,2025-03-19,QAUR,-0.0035535787160552,2.7050077370636956
W_K10P6_CP75,35,2025-03-20,QAUR,0.0047055181225882,2.7050077370636956
W_K10P6_CP75,35,2025-03-21,QAUR,-0.0040065282305754,2.7050077370636956
W_K10P6_CP75,35,2025-03-24,QAUR,0.0083726222678969,2.7050077370636956
W_K10P6_CP75,35,2025-03-25,QAUR,-0.0050033076917799,2.7050077370636956
W_K10P6_CP75,35,2025-03-26,QAUR,-0.0048456650136623,2.7050077370636956
W_K10P6_CP75,35,2025-03-27,QAUR,-0.0072471966249078,2.7050077370636956
W_K10P6_CP75,35,2025-03-28,QAUR,-0.0035617362663742,2.7050077370636956
W_K10P6_CP75,35,2025-03-31,QAUR,-0.0047927972984752,2.7050077370636956
W_K10P6_CP75,35,2025-04-01,QAUR,0.0047274141017737,2.7050077370636956
W_K8P4_CP30,36,2025-04-02,AUR,0.0033544171813716,2.399627812367508
W_K8P4_CP30,36,2025-04-03,AUR,-0.0519159640469649,2.399627812367508
W_K8P4_CP30,36,2025-04-04,AUR,-0.0046155431002181,2.399627812367508
W_K8P4_CP30,36,2025-04-08,AUR,-0.0398387004479047,2.399627812367508
W_K8P4_CP30,36,2025-04-09,AUR,-0.0187182555588426,2.399627812367508
W_K8P4_CP30,36,2025-04-10,AUR,0.0620590822938841,2.399627812367508
W_K8P4_CP30,36,2025-04-11,AUR,0.0227204040235093,2.399627812367508
W_K8P4_CP30,36,2025-04-14,AUR,-0.001781030148332,2.399627812367508
W_K8P4_CP30,36,2025-04-15,AUR,0.001708499096298,2.399627812367508
W_K8P4_CP30,36,2025-04-16,AUR,-0.0010435040079512,2.399627812367508
W_K8P4_CP30,36,2025-04-17,AUR,-0.0115688790550985,2.399627812367508
W_K8P4_CP30,36,2025-04-18,AUR,0.0002176342231538,2.399627812367508
W_K8P4_CP30,36,2025-04-21,AUR,-0.0055581911258141,2.399627812367508
W_K8P4_CP30,36,2025-04-22,AUR,-0.0115422522768121,2.399627812367508
W_K8P4_CP30,36,2025-04-23,AUR,0.0057794018995405,2.399627812367508
W_K8P4_CP30,36,2025-04-24,AUR,0.0060085303109143,2.399627812367508
W_K8P4_CP30,36,2025-04-25,AUR,-0.0021694284041412,2.399627812367508
W_K8P4_CP30,36,2025-04-28,AUR,-0.0052254170888682,2.399627812367508
W_K8P4_CP30,36,2025-04-29,AUR,0.0024142907520543,2.399627812367508
W_K8P4_CP30,36,2025-04-02,QAUR,0.0031171290553902,2.399627812367508
W_K8P4_CP30,36,2025-04-03,QAUR,-0.0529465188579983,2.399627812367508
W_K8P4_CP30,36,2025-04-04,QAUR,-0.0039906700405352,2.399627812367508
W_K8P4_CP30,36,2025-04-08,QAUR,-0.0378471394763966,2.399627812367508
W_K8P4_CP30,36,2025-04-09,QAUR,-0.0204287819321459,2.399627812367508
W_K8P4_CP30,36,2025-04-10,QAUR,0.0619579071906097,2.399627812367508
W_K8P4_CP30,36,2025-04-11,QAUR,0.0230824540981731,2.399627812367508
W_K8P4_CP30,36,2025-04-14,QAUR,-0.0020283350913032,2.399627812367508
W_K8P4_CP30,36,2025-04-15,QAUR,0.0020620682337908,2.399627812367508
W_K8P4_CP30,36,2025-04-16,QAUR,-0.0044766021868151,2.399627812367508
W_K8P4_CP30,36,2025-04-17,QAUR,-0.0128929630879743,2.399627812367508
W_K8P4_CP30,36,2025-04-18,QAUR,0.0005291509900746,2.399627812367508
W_K8P4_CP30,36,2025-04-21,QAUR,-0.0055834973025129,2.399627812367508
W_K8P4_CP30,36,2025-04-22,QAUR,-0.0121552136976963,2.399627812367508
W_K8P4_CP30,36,2025-04-23,QAUR,0.0088460442855865,2.399627812367508
W_K8P4_CP30,36,2025-04-24,QAUR,0.0040938701141149,2.399627812367508
W_K8P4_CP30,36,2025-04-25,QAUR,-0.0021002351170307,2.399627812367508
W_K8P4_CP30,36,2025-04-28,QAUR,-0.0044106316254641,2.399627812367508
W_K8P4_CP30,36,2025-04-29,QAUR,0.0021791026183603,2.399627812367508
W_K8P4_CP30,37,2025-05-05,AUR,0.0177673896164716,1.53004002085677
W_K8P4_CP30,37,2025-05-06,AUR,-0.0010262492605668,1.53004002085677
W_K8P4_CP30,37,2025-05-07,AUR,0.0017137054243689,1.53004002085677
W_K8P4_CP30,37,2025-05-08,AUR,-0.0090840642687648,1.53004002085677
W_K8P4_CP30,37,2025-05-09,AUR,-0.0021614937684815,1.53004002085677
W_K8P4_CP30,37,2025-05-12,AUR,-0.0049321505595691,1.53004002085677
W_K8P4_CP30,37,2025-05-13,AUR,0.0024702323914909,1.53004002085677
W_K8P4_CP30,37,2025-05-14,AUR,0.0119352678040022,1.53004002085677
W_K8P4_CP30,37,2025-05-15,AUR,0.0065123997934991,1.53004002085677
W_K8P4_CP30,37,2025-05-16,AUR,-0.0043411976208086,1.53004002085677
W_K8P4_CP30,37,2025-05-19,AUR,-0.0067131503184323,1.53004002085677
W_K8P4_CP30,37,2025-05-20,AUR,0.0021367449354103,1.53004002085677
W_K8P4_CP30,37,2025-05-21,AUR,0.008110971816862,1.53004002085677
W_K8P4_CP30,37,2025-05-22,AUR,-0.0047920792013547,1.53004002085677
W_K8P4_CP30,37,2025-05-23,AUR,0.0027101155139342,1.53004002085677
W_K8P4_CP30,37,2025-05-26,AUR,0.0023918094385552,1.53004002085677
W_K8P4_CP30,37,2025-05-27,AUR,0.0062087385915833,1.53004002085677
W_K8P4_CP30,37,2025-05-28,AUR,0.0054411042331525,1.53004002085677
W_K8P4_CP30,37,2025-05-29,AUR,0.0039339064175377,1.53004002085677
W_K8P4_CP30,37,2025-05-30,AUR,-0.017770759981742,1.53004002085677
W_K8P4_CP30,37,2025-05-05,QAUR,0.0196024773673705,1.53004002085677
W_K8P4_CP30,37,2025-05-06,QAUR,-0.0053925148877127,1.53004002085677
W_K8P4_CP30,37,2025-05-07,QAUR,0.0055928246794636,1.53004002085677
W_K8P4_CP30,37,2025-05-08,QAUR,0.0122523963952672,1.53004002085677
W_K8P4_CP30,37,2025-05-09,QAUR,-0.0021709641923654,1.53004002085677
W_K8P4_CP30,37,2025-05-12,QAUR,-0.0023671172576514,1.53004002085677
W_K8P4_CP30,37,2025-05-13,QAUR,-0.0004377570967355,1.53004002085677
W_K8P4_CP30,37,2025-05-14,QAUR,-8.166581422159626e-05,1.53004002085677
W_K8P4_CP30,37,2025-05-15,QAUR,0.0015073702596496,1.53004002085677
W_K8P4_CP30,37,2025-05-16,QAUR,0.0015403318399031,1.53004002085677
W_K8P4_CP30,37,2025-05-19,QAUR,0.000422813130293,1.53004002085677
W_K8P4_CP30,37,2025-05-20,QAUR,-0.0003528846082457,1.53004002085677
W_K8P4_CP30,37,2025-05-21,QAUR,0.0105644642108879,1.53004002085677
W_K8P4_CP30,37,2025-05-22,QAUR,-0.0087856232561038,1.53004002085677
W_K8P4_CP30,37,2025-05-23,QAUR,0.0027320046194246,1.53004002085677
W_K8P4_CP30,37,2025-05-26,QAUR,0.0015907953220493,1.53004002085677
W_K8P4_CP30,37,2025-05-27,QAUR,0.0148709422141921,1.53004002085677
W_K8P4_CP30,37,2025-05-28,QAUR,-0.0073845445313582,1.53004002085677
W_K8P4_CP30,37,2025-05-29,QAUR,-0.0019374893053698,1.53004002085677
W_K8P4_CP30,37,2025-05-30,QAUR,-0.0106789751866359,1.53004002085677
W_K10P6_CP30,38,2025-06-02,AUR,-0.0028480233793331,1.4701095747371187
W_K10P6_CP30,38,2025-06-03,AUR,0.0044320063843666,1.4701095747371187
W_K10P6_CP30,38,2025-06-04,AUR,0.01042258088146,1.4701095747371187
W_K10P6_CP30,38,2025-06-05,AUR,-0.0022025691933653,1.4701095747371187
W_K10P6_CP30,38,2025-06-06,AUR,-0.0020668492371536,1.4701095747371187
W_K10P6_CP30,38,2025-06-09,AUR,-0.0138337500136408,1.4701095747371187
W_K10P6_CP30,38,2025-06-10,AUR,0.0006088637714122,1.4701095747371187
W_K10P6_CP30,38,2025-06-11,AUR,0.0086409726443218,1.4701095747371187
W_K10P6_CP30,38,2025-06-12,AUR,-0.0001432166353511,1.4701095747371187
W_K10P6_CP30,38,2025-06-13,AUR,3.0834190778932674e-05,1.4701095747371187
W_K10P6_CP30,38,2025-06-16,AUR,0.00561505896807,1.4701095747371187
W_K10P6_CP30,38,2025-06-17,AUR,-0.0017902557762042,1.4701095747371187
W_K10P6_CP30,38,2025-06-18,AUR,0.0044017343265413,1.4701095747371187
W_K10P6_CP30,38,2025-06-19,AUR,0.0003552528837697,1.4701095747371187
W_K10P6_CP30,38,2025-06-20,AUR,0.0093321081923827,1.4701095747371187
W_K10P6_CP30,38,2025-06-23,AUR,0.0063081416637824,1.4701095747371187
W_K10P6_CP30,38,2025-06-24,AUR,-0.0026366771164367,1.4701095747371187
W_K10P6_CP30,38,2025-06-25,AUR,-0.0072573342464901,1.4701095747371187
W_K10P6_CP30,38,2025-06-26,AUR,0.0029776013299008,1.4701095747371187
W_K10P6_CP30,38,2025-06-27,AUR,-0.0047045527879523,1.4701095747371187
W_K10P6_CP30,38,2025-06-30,AUR,0.0088382025706236,1.4701095747371187
W_K10P6_CP30,38,2025-07-01,AUR,0.0105852111056939,1.4701095747371187
W_K10P6_CP30,38,2025-06-02,QAUR,-0.0085500036267155,1.4701095747371187
W_K10P6_CP30,38,2025-06-03,QAUR,0.0068881526273429,1.4701095747371187
W_K10P6_CP30,38,2025-06-04,QAUR,0.0043204023534291,1.4701095747371187
W_K10P6_CP30,38,2025-06-05,QAUR,-0.0125385426487397,1.4701095747371187
W_K10P6_CP30,38,2025-06-06,QAUR,0.0006398728615628,1.4701095747371187
W_K10P6_CP30,38,2025-06-09,QAUR,-0.0114894660754362,1.4701095747371187
W_K10P6_CP30,38,2025-06-10,QAUR,0.0096067699602417,1.4701095747371187
W_K10P6_CP30,38,2025-06-11,QAUR,0.0069099456820325,1.4701095747371187
W_K10P6_CP30,38,2025-06-12,QAUR,0.0020069255014432,1.4701095747371187
W_K10P6_CP30,38,2025-06-13,QAUR,-0.0026650356458525,1.4701095747371187
W_K10P6_CP30,38,2025-06-16,QAUR,0.0010464808509711,1.4701095747371187
W_K10P6_CP30,38,2025-06-17,QAUR,0.0042318452353494,1.4701095747371187
W_K10P6_CP30,38,2025-06-18,QAUR,0.0019647911209368,1.4701095747371187
W_K10P6_CP30,38,2025-06-19,QAUR,0.0031235053394115,1.4701095747371187
W_K10P6_CP30,38,2025-06-20,QAUR,0.0127583708308505,1.4701095747371187
W_K10P6_CP30,38,2025-06-23,QAUR,-0.0029451732429121,1.4701095747371187
W_K10P6_CP30,38,2025-06-24,QAUR,0.0022362907764024,1.4701095747371187
W_K10P6_CP30,38,2025-06-25,QAUR,-0.0036124927990763,1.4701095747371187
W_K10P6_CP30,38,2025-06-26,QAUR,0.0047617577506898,1.4701095747371187
W_K10P6_CP30,38,2025-06-27,QAUR,-0.0068965472270027,1.4701095747371187
W_K10P6_CP30,38,2025-06-30,QAUR,0.0064394826199474,1.4701095747371187
W_K10P6_CP30,38,2025-07-01,QAUR,0.009207920506786,1.4701095747371187
W_K10P6_CP30,39,2025-07-02,AUR,0.0125016715777941,1.2801026720657616
W_K10P6_CP30,39,2025-07-03,AUR,-0.0046223584636376,1.2801026720657616
W_K10P6_CP30,39,2025-07-04,AUR,-0.0064037030892961,1.2801026720657616
W_K10P6_CP30,39,2025-07-07,AUR,-0.0021075695187636,1.2801026720657616
W_K10P6_CP30,39,2025-07-08,AUR,0.0116800853602643,1.2801026720657616
W_K10P6_CP30,39,2025-07-09,AUR,-0.0043765544193166,1.2801026720657616
W_K10P6_CP30,39,2025-07-10,AUR,0.0012276912134167,1.2801026720657616
W_K10P6_CP30,39,2025-07-11,AUR,-0.007488748340703,1.2801026720657616
W_K10P6_CP30,39,2025-07-14,AUR,-0.0070927743018376,1.2801026720657616
W_K10P6_CP30,39,2025-07-15,AUR,-0.007175201750131,1.2801026720657616
W_K10P6_CP30,39,2025-07-16,AUR,0.0039634596798256,1.2801026720657616
W_K10P6_CP30,39,2025-07-17,AUR,-0.007878903159276,1.2801026720657616
W_K10P6_CP30,39,2025-07-18,AUR,-0.0003713770798135,1.2801026720657616
W_K10P6_CP30,39,2025-07-21,AUR,0.0094971099907222,1.2801026720657616
W_K10P6_CP30,39,2025-07-22,AUR,0.0036124153030133,1.2801026720657616
W_K10P6_CP30,39,2025-07-23,AUR,0.0019994708906333,1.2801026720657616
W_K10P6_CP30,39,2025-07-24,AUR,0.0001769450527616,1.2801026720657616
W_K10P6_CP30,39,2025-07-25,AUR,0.0059095993930942,1.2801026720657616
W_K10P6_CP30,39,2025-07-28,AUR,0.0006038862719086,1.2801026720657616
W_K10P6_CP30,39,2025-07-29,AUR,0.0059757303098336,1.2801026720657616
W_K10P6_CP30,39,2025-07-30,AUR,0.0192263616346329,1.2801026720657616
W_K10P6_CP30,39,2025-07-31,AUR,0.0100748322143726,1.2801026720657616
W_K10P6_CP30,39,2025-08-01,AUR,0.0107013512652967,1.2801026720657616
W_K10P6_CP30,39,2025-07-02,QAUR,0.0120962133576467,1.2801026720657616
W_K10P6_CP30,39,2025-07-03,QAUR,0.001483656931752,1.2801026720657616
W_K10P6_CP30,39,2025-07-04,QAUR,-0.0136684904792766,1.2801026720657616
W_K10P6_CP30,39,2025-07-07,QAUR,-0.0049294343173136,1.2801026720657616
W_K10P6_CP30,39,2025-07-08,QAUR,0.0062430537375795,1.2801026720657616
W_K10P6_CP30,39,2025-07-09,QAUR,-0.0065568506135926,1.2801026720657616
W_K10P6_CP30,39,2025-07-10,QAUR,0.0026048140550646,1.2801026720657616
W_K10P6_CP30,39,2025-07-11,QAUR,-0.00692928721913,1.2801026720657616
W_K10P6_CP30,39,2025-07-14,QAUR,-0.0069095197191693,1.2801026720657616
W_K10P6_CP30,39,2025-07-15,QAUR,-0.0010522889419863,1.2801026720657616
W_K10P6_CP30,39,2025-07-16,QAUR,0.0028656712786796,1.2801026720657616
W_K10P6_CP30,39,2025-07-17,QAUR,-0.0052976509116312,1.2801026720657616
W_K10P6_CP30,39,2025-07-18,QAUR,0.0073529639486206,1.2801026720657616
W_K10P6_CP30,39,2025-07-21,QAUR,-0.0005308560976401,1.2801026720657616
W_K10P6_CP30,39,2025-07-22,QAUR,0.0011965463942533,1.2801026720657616
W_K10P6_CP30,39,2025-07-23,QAUR,-0.0055201577739159,1.2801026720657616
W_K10P6_CP30,39,2025-07-24,QAUR,0.0003469369284495,1.2801026720657616
W_K10P6_CP30,39,2025-07-25,QAUR,0.0032270768880101,1.2801026720657616
W_K10P6_CP30,39,2025-07-28,QAUR,0.0071049613888077,1.2801026720657616
W_K10P6_CP30,39,2025-07-29,QAUR,-0.0030649934509883,1.2801026720657616
W_K10P6_CP30,39,2025-07-30,QAUR,0.0220671672196247,1.2801026720657616
W_K10P6_CP30,39,2025-07-31,QAUR,0.0234709764592615,1.2801026720657616
W_K10P6_CP30,39,2025-08-01,QAUR,0.0110992733536889,1.2801026720657616
W_K10P6_CP30,40,2025-08-04,AUR,0.0104465970540968,1.4813975397920296
W_K10P6_CP30,40,2025-08-05,AUR,-0.0198081255413774,1.4813975397920296
W_K10P6_CP30,40,2025-08-06,AUR,0.0275663158243948,1.4813975397920296
W_K10P6_CP30,40,2025-08-07,AUR,0.0092739426667671,1.4813975397920296
W_K10P6_CP30,40,2025-08-08,AUR,0.0115688737400845,1.4813975397920296
W_K10P6_CP30,40,2025-08-11,AUR,0.0016664901314327,1.4813975397920296
W_K10P6_CP30,40,2025-08-12,AUR,0.0146333845459828,1.4813975397920296
W_K10P6_CP30,40,2025-08-13,AUR,-0.0015808573293534,1.4813975397920296
W_K10P6_CP30,40,2025-08-14,AUR,0.0026605063376894,1.4813975397920296
W_K10P6_CP30,40,2025-08-15,AUR,0.0152132349185715,1.4813975397920296
W_K10P6_CP30,40,2025-08-18,AUR,0.0319898188074399,1.4813975397920296
W_K10P6_CP30,40,2025-08-19,AUR,0.0084520188434066,1.4813975397920296
W_K10P6_CP30,40,2025-08-20,AUR,-0.0008057338306196,1.4813975397920296
W_K10P6_CP30,40,2025-08-21,AUR,-0.0084456824533833,1.4813975397920296
W_K10P6_CP30,40,2025-08-22,AUR,-0.0340050505993946,1.4813975397920296
W_K10P6_CP30,40,2025-08-25,AUR,-0.0196467574001442,1.4813975397920296
W_K10P6_CP30,40,2025-08-26,AUR,0.0214710304198874,1.4813975397920296
W_K10P6_CP30,40,2025-08-27,AUR,0.000741183602955,1.4813975397920296
W_K10P6_CP30,40,2025-08-28,AUR,-0.0033947725630507,1.4813975397920296
W_K10P6_CP30,40,2025-08-29,AUR,-0.0015764725538511,1.4813975397920296
W_K10P6_CP30,40,2025-08-04,QAUR,-0.0004919432893562,1.4813975397920296
W_K10P6_CP30,40,2025-08-05,QAUR,-0.0130903043996455,1.4813975397920296
W_K10P6_CP30,40,2025-08-06,QAUR,0.0147713953640142,1.4813975397920296
W_K10P6_CP30,40,2025-08-07,QAUR,0.000358633759171,1.4813975397920296
W_K10P6_CP30,40,2025-08-08,QAUR,0.0079296305513189,1.4813975397920296
W_K10P6_CP30,40,2025-08-11,QAUR,0.0057842726229696,1.4813975397920296
W_K10P6_CP30,40,2025-08-12,QAUR,0.011102745716698,1.4813975397920296
W_K10P6_CP30,40,2025-08-13,QAUR,-0.0005178496366811,1.4813975397920296
W_K10P6_CP30,40,2025-08-14,QAUR,0.0079164188821462,1.4813975397920296
W_K10P6_CP30,40,2025-08-15,QAUR,0.0100337464689262,1.4813975397920296
W_K10P6_CP30,40,2025-08-18,QAUR,0.0165133023248465,1.4813975397920296
W_K10P6_CP30,40,2025-08-19,QAUR,0.0152961108401885,1.4813975397920296
W_K10P6_CP30,40,2025-08-20,QAUR,0.0035986464489117,1.4813975397920296
W_K10P6_CP30,40,2025-08-21,QAUR,-0.0101129678954578,1.4813975397920296
W_K10P6_CP30,40,2025-08-22,QAUR,-0.0258186485109732,1.4813975397920296
W_K10P6_CP30,40,2025-08-25,QAUR,-0.0087717987254192,1.4813975397920296
W_K10P6_CP30,40,2025-08-26,QAUR,0.0033839773409745,1.4813975397920296
W_K10P6_CP30,40,2025-08-27,QAUR,0.0120319810870282,1.4813975397920296
W_K10P6_CP30,40,2025-08-28,QAUR,-0.0027386263698314,1.4813975397920296
W_K10P6_CP30,40,2025-08-29,QAUR,-0.004826943901958,1.4813975397920296
W_K8P4_CP50,41,2025-09-03,AUR,0.0021268485735689,1.7118644108786232
W_K8P4_CP50,41,2025-09-04,AUR,-0.0024917846059457,1.7118644108786232
W_K8P4_CP50,41,2025-09-05,AUR,0.0022512997322514,1.7118644108786232
W_K8P4_CP50,41,2025-09-08,AUR,0.0029310093898334,1.7118644108786232
W_K8P4_CP50,41,2025-09-09,AUR,-0.0066069494300523,1.7118644108786232
W_K8P4_CP50,41,2025-09-10,AUR,0.0076110623579455,1.7118644108786232
W_K8P4_CP50,41,2025-09-11,AUR,0.0019412396824435,1.7118644108786232
W_K8P4_CP50,41,2025-09-12,AUR,-0.0007883677918586,1.7118644108786232
W_K8P4_CP50,41,2025-09-15,AUR,0.0033418980629446,1.7118644108786232
W_K8P4_CP50,41,2025-09-16,AUR,-0.0047587273233516,1.7118644108786232
W_K8P4_CP50,41,2025-09-17,AUR,-0.0010665328633499,1.7118644108786232
W_K8P4_CP50,41,2025-09-18,AUR,-0.0035466363788123,1.7118644108786232
W_K8P4_CP50,41,2025-09-19,AUR,-0.0029139935834663,1.7118644108786232
W_K8P4_CP50,41,2025-09-22,AUR,-0.0014564901614337,1.7118644108786232
W_K8P4_CP50,41,2025-09-23,AUR,0.0014694173806423,1.7118644108786232
W_K8P4_CP50,41,2025-09-24,AUR,0.0115452494658614,1.7118644108786232
W_K8P4_CP50,41,2025-09-25,AUR,0.0031240758926713,1.7118644108786232
W_K8P4_CP50,41,2025-09-26,AUR,-0.0039115071348,1.7118644108786232
W_K8P4_CP50,41,2025-09-29,AUR,-0.0067497147082767,1.7118644108786232
W_K8P4_CP50,41,2025-09-30,AUR,0.000550465758731,1.7118644108786232
W_K8P4_CP50,41,2025-10-01,AUR,0.0037823634743429,1.7118644108786232
W_K8P4_CP50,41,2025-09-03,QAUR,0.015284050036164,1.7118644108786232
W_K8P4_CP50,41,2025-09-04,QAUR,6.083562091193512e-06,1.7118644108786232
W_K8P4_CP50,41,2025-09-05,QAUR,-6.574967251570885e-05,1.7118644108786232
W_K8P4_CP50,41,2025-09-08,QAUR,0.0010577189727982,1.7118644108786232
W_K8P4_CP50,41,2025-09-09,QAUR,-0.0102749797466586,1.7118644108786232
W_K8P4_CP50,41,2025-09-10,QAUR,0.0091163981855157,1.7118644108786232
W_K8P4_CP50,41,2025-09-11,QAUR,-0.0015169483072431,1.7118644108786232
W_K8P4_CP50,41,2025-09-12,QAUR,0.0006283742382635,1.7118644108786232
W_K8P4_CP50,41,2025-09-15,QAUR,0.008591675588561,1.7118644108786232
W_K8P4_CP50,41,2025-09-16,QAUR,-0.0038102345179943,1.7118644108786232
W_K8P4_CP50,41,2025-09-17,QAUR,-0.0004528362809684,1.7118644108786232
W_K8P4_CP50,41,2025-09-18,QAUR,-0.0108433782791027,1.7118644108786232
W_K8P4_CP50,41,2025-09-19,QAUR,0.0119713190877374,1.7118644108786232
W_K8P4_CP50,41,2025-09-22,QAUR,-0.0028069864386358,1.7118644108786232
W_K8P4_CP50,41,2025-09-23,QAUR,0.004550176859169,1.7118644108786232
W_K8P4_CP50,41,2025-09-24,QAUR,-0.0041386514189129,1.7118644108786232
W_K8P4_CP50,41,2025-09-25,QAUR,0.0059700348377033,1.7118644108786232
W_K8P4_CP50,41,2025-09-26,QAUR,-0.008372506259329,1.7118644108786232
W_K8P4_CP50,41,2025-09-29,QAUR,0.0011873658701356,1.7118644108786232
W_K8P4_CP50,41,2025-09-30,QAUR,-0.0001821852605924,1.7118644108786232
W_K8P4_CP50,41,2025-10-01,QAUR,0.0029354997518224,1.7118644108786232
W_K8P4_CP50,42,2025-10-02,AUR,-0.0066119450589846,1.5472730295532564
W_K8P4_CP50,42,2025-10-03,AUR,0.0109799644618681,1.5472730295532564
W_K8P4_CP50,42,2025-10-06,AUR,-0.0023908507738022,1.5472730295532564
W_K8P4_CP50,42,2025-10-07,AUR,-0.0031201445491356,1.5472730295532564
W_K8P4_CP50,42,2025-10-08,AUR,-0.0006974176046225,1.5472730295532564
W_K8P4_CP50,42,2025-10-09,AUR,0.0070522684167392,1.5472730295532564
W_K8P4_CP50,42,2025-10-10,AUR,-0.0010356454720616,1.5472730295532564
W_K8P4_CP50,42,2025-10-13,AUR,0.0088235294117646,1.5472730295532564
W_K8P4_CP50,42,2025-10-14,AUR,-0.0111841314215551,1.5472730295532564
W_K8P4_CP50,42,2025-10-15,AUR,-0.0060857062325825,1.5472730295532564
W_K8P4_CP50,42,2025-10-16,AUR,0.0079956278401109,1.5472730295532564
W_K8P4_CP50,42,2025-10-17,AUR,8.032922230698355e-05,1.5472730295532564
W_K8P4_CP50,42,2025-10-20,AUR,-0.0183564039361334,1.5472730295532564
W_K8P4_CP50,42,2025-10-21,AUR,0.0055909172274457,1.5472730295532564
W_K8P4_CP50,42,2025-10-22,AUR,-0.0006539563797027,1.5472730295532564
W_K8P4_CP50,42,2025-10-23,AUR,0.0099270979921224,1.5472730295532564
W_K8P4_CP50,42,2025-10-24,AUR,-0.0036313229729066,1.5472730295532564
W_K8P4_CP50,42,2025-10-27,AUR,-0.0048796734128533,1.5472730295532564
W_K8P4_CP50,42,2025-10-28,AUR,0.0044586032532514,1.5472730295532564
W_K8P4_CP50,42,2025-10-29,AUR,0.0159955919010348,1.5472730295532564
W_K8P4_CP50,42,2025-10-30,AUR,-0.0018650451750598,1.5472730295532564
W_K8P4_CP50,42,2025-10-31,AUR,-0.0018099716054108,1.5472730295532564
W_K8P4_CP50,42,2025-10-02,QAUR,-0.0102720598295145,1.5472730295532564
W_K8P4_CP50,42,2025-10-03,QAUR,0.0043127502961945,1.5472730295532564
W_K8P4_CP50,42,2025-10-06,QAUR,0.0139199508886992,1.5472730295532564
W_K8P4_CP50,42,2025-10-07,QAUR,-0.005411593763632,1.5472730295532564
W_K8P4_CP50,42,2025-10-08,QAUR,-0.0029013450008829,1.5472730295532564
W_K8P4_CP50,42,2025-10-09,QAUR,-0.0006099940859455,1.5472730295532564
W_K8P4_CP50,42,2025-10-10,QAUR,0.0015994599897926,1.5472730295532564
W_K8P4_CP50,42,2025-10-13,QAUR,-0.0015509881479673,1.5472730295532564
W_K8P4_CP50,42,2025-10-14,QAUR,-0.009661767989285,1.5472730295532564
W_K8P4_CP50,42,2025-10-15,QAUR,-0.0035886074499694,1.5472730295532564
W_K8P4_CP50,42,2025-10-16,QAUR,0.0019133961826837,1.5472730295532564
W_K8P4_CP50,42,2025-10-17,QAUR,0.0031392838948338,1.5472730295532564
W_K8P4_CP50,42,2025-10-20,QAUR,-0.0153376818410234,1.5472730295532564
W_K8P4_CP50,42,2025-10-21,QAUR,0.014007924840535,1.5472730295532564
W_K8P4_CP50,42,2025-10-22,QAUR,0.0044241085690384,1.5472730295532564
W_K8P4_CP50,42,2025-10-23,QAUR,0.0070444851077158,1.5472730295532564
W_K8P4_CP50,42,2025-10-24,QAUR,-0.0060437464189649,1.5472730295532564
W_K8P4_CP50,42,2025-10-27,QAUR,0.0027690833915313,1.5472730295532564
W_K8P4_CP50,42,2025-10-28,QAUR,0.0015258945137502,1.5472730295532564
W_K8P4_CP50,42,2025-10-29,QAUR,0.0157780206983786,1.5472730295532564
W_K8P4_CP50,42,2025-10-30,QAUR,-0.0020446722429913,1.5472730295532564
W_K8P4_CP50,42,2025-10-31,QAUR,-0.0009288441458988,1.5472730295532564
W_K8P4_CP50,43,2025-11-03,AUR,-0.0086442988484463,1.5334325455876754
W_K8P4_CP50,43,2025-11-04,AUR,-0.0099202537846518,1.5334325455876754
W_K8P4_CP50,43,2025-11-05,AUR,0.0006419842385255,1.5334325455876754
W_K8P4_CP50,43,2025-11-06,AUR,0.0047395958637931,1.5334325455876754
W_K8P4_CP50,43,2025-11-07,AUR,-0.0025167557575139,1.5334325455876754
W_K8P4_CP50,43,2025-11-10,AUR,-0.0143289387464991,1.5334325455876754
W_K8P4_CP50,43,2025-11-11,AUR,0.0022336913482504,1.5334325455876754
W_K8P4_CP50,43,2025-11-12,AUR,9.949144812258304e-05,1.5334325455876754
W_K8P4_CP50,43,2025-11-13,AUR,0.0072068372908198,1.5334325455876754
W_K8P4_CP50,43,2025-11-14,AUR,-0.0019952993238337,1.5334325455876754
W_K8P4_CP50,43,2025-11-17,AUR,0.0115521472865234,1.5334325455876754
W_K8P4_CP50,43,2025-11-18,AUR,0.0029801348250143,1.5334325455876754
W_K8P4_CP50,43,2025-11-19,AUR,0.0030879828605127,1.5334325455876754
W_K8P4_CP50,43,2025-11-20,AUR,-0.0077984682363798,1.5334325455876754
W_K8P4_CP50,43,2025-11-21,AUR,-0.0129298211121213,1.5334325455876754
W_K8P4_CP50,43,2025-11-24,AUR,0.0113757323699472,1.5334325455876754
W_K8P4_CP50,43,2025-11-25,AUR,-0.0149372934323421,1.5334325455876754
W_K8P4_CP50,43,2025-11-26,AUR,0.0029503127715262,1.5334325455876754
W_K8P4_CP50,43,2025-11-27,AUR,-0.001106373982282,1.5334325455876754
W_K8P4_CP50,43,2025-11-28,AUR,-0.0115153843327071,1.5334325455876754
W_K8P4_CP50,43,2025-12-01,AUR,0.0157613877419007,1.5334325455876754
W_K8P4_CP50,43,2025-11-03,QAUR,-0.0086826472921325,1.5334325455876754
W_K8P4_CP50,43,2025-11-04,QAUR,-0.000260756191354,1.5334325455876754
W_K8P4_CP50,43,2025-11-05,QAUR,0.0004731459206415,1.5334325455876754
W_K8P4_CP50,43,2025-11-06,QAUR,-0.0042929878727887,1.5334325455876754
W_K8P4_CP50,43,2025-11-07,QAUR,-0.0023549354651521,1.5334325455876754
W_K8P4_CP50,43,2025-11-10,QAUR,-0.0151489239071906,1.5334325455876754
W_K8P4_CP50,43,2025-11-11,QAUR,0.0012793458829273,1.5334325455876754
W_K8P4_CP50,43,2025-11-12,QAUR,-0.0029983837903132,1.5334325455876754
W_K8P4_CP50,43,2025-11-13,QAUR,0.0058163588985418,1.5334325455876754
W_K8P4_CP50,43,2025-11-14,QAUR,0.000598759262542,1.5334325455876754
W_K8P4_CP50,43,2025-11-17,QAUR,0.015196747823222,1.5334325455876754
W_K8P4_CP50,43,2025-11-18,QAUR,0.0001482402773677,1.5334325455876754
W_K8P4_CP50,43,2025-11-19,QAUR,-0.0040805037971164,1.5334325455876754
W_K8P4_CP50,43,2025-11-20,QAUR,0.0124288742996037,1.5334325455876754
W_K8P4_CP50,43,2025-11-21,QAUR,-0.0006849702015537,1.5334325455876754
W_K8P4_CP50,43,2025-11-24,QAUR,0.0197880475569739,1.5334325455876754
W_K8P4_CP50,43,2025-11-25,QAUR,0.0121699360024647,1.5334325455876754
W_K8P4_CP50,43,2025-11-26,QAUR,-0.0118245892056773,1.5334325455876754
W_K8P4_CP50,43,2025-11-27,QAUR,-0.0076222057711654,1.5334325455876754
W_K8P4_CP50,43,2025-11-28,QAUR,-0.0046207074510055,1.5334325455876754
W_K8P4_CP50,43,2025-12-01,QAUR,0.0095473170007715,1.5334325455876754
