fold,feature,training_coverage,active
0,return_5d,0.9991172731980603,True
0,return_20d,0.995992420319194,True
0,return_60d,0.9101325267171979,True
0,return_120d,0.7820724071371404,True
0,sma_ratio_20,0.9962690080504685,True
0,ema_ratio_20,1.0,True
0,rsi_14,0.9810625676757215,True
0,macd,1.0,True
0,atr_14,0.9977343345416883,True
0,volatility_20d,0.995992420319194,True
0,downside_volatility_20d,0.9962690080504685,True
0,drawdown_60d,0.9122746104232381,True
0,liquidity_20d,0.9962690080504685,True
0,beta_60d,0.9101325267171979,True
0,roe_pit,0.0,False
0,revenue_growth_yoy_pit,0.0,False
0,policy_rate_pit,0.0,False
1,return_5d,0.9991181243091973,True
1,return_20d,0.9964724972367895,True
1,return_60d,0.9534722385532536,True
1,return_120d,0.8253827340498083,True
1,sma_ratio_20,0.99664887237495,True
1,ema_ratio_20,1.0,True
1,rsi_14,0.9813395103826165,True
1,macd,1.0,True
1,atr_14,0.9977071232039132,True
1,volatility_20d,0.9964724972367895,True
1,downside_volatility_20d,0.99664887237495,True
1,drawdown_60d,0.9556181360675399,True
1,liquidity_20d,0.99664887237495,True
1,beta_60d,0.9534722385532536,True
1,roe_pit,0.0,False
1,revenue_growth_yoy_pit,0.0,False
1,policy_rate_pit,0.0,False
2,return_5d,0.9990798975075704,True
2,return_20d,0.9962497088283252,True
2,return_60d,0.9889296529233637,True
2,return_120d,0.8636675984160261,True
2,sma_ratio_20,0.9964360587002097,True
2,ema_ratio_20,1.0,True
2,rsi_14,0.9810097833682739,True
2,macd,1.0,True
2,atr_14,0.9975599813650128,True
2,volatility_20d,0.9962497088283252,True
2,downside_volatility_20d,0.9964360587002097,True
2,drawdown_60d,0.9892033542976939,True
2,liquidity_20d,0.9964360587002097,True
2,beta_60d,0.9889296529233637,True
2,roe_pit,0.0,False
2,revenue_growth_yoy_pit,0.0,False
2,policy_rate_pit,0.0,False
3,return_5d,0.9990118117559523,True
3,return_20d,0.9961751302083334,True
3,return_60d,0.9889381045386905,True
3,return_120d,0.9080752418154762,True
3,sma_ratio_20,0.9963611421130952,True
3,ema_ratio_20,1.0,True
3,rsi_14,0.9808872767857143,True
3,macd,1.0,True
3,atr_14,0.9974772135416666,True
3,volatility_20d,0.9961751302083334,True
3,downside_volatility_20d,0.9963611421130952,True
3,drawdown_60d,0.9891124906994048,True
3,liquidity_20d,0.9963611421130952,True
3,beta_60d,0.9889381045386905,True
3,roe_pit,0.0,False
3,revenue_growth_yoy_pit,0.0,False
3,policy_rate_pit,0.0,False
4,return_5d,0.9990155599437132,True
4,return_20d,0.9960622397748528,True
4,return_60d,0.9885167962846074,True
4,return_120d,0.9502741955097952,True
4,sma_ratio_20,0.9962591277861101,True
4,ema_ratio_20,1.0,True
4,rsi_14,0.9811566591578984,True
4,macd,1.0,True
4,atr_14,0.9974404558536543,True
4,volatility_20d,0.9960622397748528,True
4,downside_volatility_20d,0.9962591277861101,True
4,drawdown_60d,0.9887021026481437,True
4,liquidity_20d,0.9962591277861101,True
4,beta_60d,0.9885167962846074,True
4,roe_pit,0.0,False
4,revenue_growth_yoy_pit,0.0,False
4,policy_rate_pit,0.0,False
5,return_5d,0.99902092908071,True
5,return_20d,0.99608371632284,True
5,return_60d,0.9883317783383438,True
5,return_120d,0.977538961263347,True
5,sma_ratio_20,0.996279530506698,True
5,ema_ratio_20,1.0,True
5,rsi_14,0.9810233018878791,True
5,macd,1.0,True
5,atr_14,0.997454415609846,True
5,volatility_20d,0.99608371632284,True
5,downside_volatility_20d,0.996279530506698,True
5,drawdown_60d,0.9885160740407984,True
5,liquidity_20d,0.996279530506698,True
5,beta_60d,0.9883317783383438,True
5,roe_pit,0.0,False
5,revenue_growth_yoy_pit,0.0,False
5,policy_rate_pit,0.0,False
6,return_5d,0.9990433599963118,True
6,return_20d,0.9961042852861852,True
6,return_60d,0.9882667527258477,True
6,return_120d,0.977196237984371,True
6,sma_ratio_20,0.9963002236001937,True
6,ema_ratio_20,1.0,True
6,rsi_14,0.9811726331804246,True
6,macd,1.0,True
6,atr_14,0.9974758534842443,True
6,volatility_20d,0.9961042852861852,True
6,downside_volatility_20d,0.9963002236001937,True
6,drawdown_60d,0.9884626910398562,True
6,liquidity_20d,0.9963002236001937,True
6,beta_60d,0.9882667527258477,True
6,roe_pit,0.0,False
6,revenue_growth_yoy_pit,0.0,False
6,policy_rate_pit,0.0,False
7,return_5d,0.9990826950419667,True
7,return_20d,0.9963307801678668,True
7,return_60d,0.98856808696051,True
7,return_120d,0.9771591065449708,True
7,sma_ratio_20,0.9965142411594735,True
7,ema_ratio_20,1.0,True
7,rsi_14,0.9815392377195798,True
7,macd,1.0,True
7,atr_14,0.9976150071091134,True
7,volatility_20d,0.9963307801678668,True
7,downside_volatility_20d,0.9965142411594735,True
7,drawdown_60d,0.9887630142640921,True
7,liquidity_20d,0.9965142411594735,True
7,beta_60d,0.98856808696051,True
7,roe_pit,0.0,False
7,revenue_growth_yoy_pit,0.0,False
7,policy_rate_pit,0.0,False
8,return_5d,0.9991330287526451,True
8,return_20d,0.9964066323300422,True
8,return_60d,0.9889347090798127,True
8,return_120d,0.9773218573718223,True
8,sma_ratio_20,0.9965891525926432,True
8,ema_ratio_20,1.0,True
8,rsi_14,0.9816510098503904,True
8,macd,1.0,True
8,atr_14,0.9976842741682495,True
8,volatility_20d,0.9964066323300422,True
8,downside_volatility_20d,0.9965891525926432,True
8,drawdown_60d,0.9891286368588262,True
8,liquidity_20d,0.9965891525926432,True
8,beta_60d,0.9889347090798127,True
8,roe_pit,0.0,False
8,revenue_growth_yoy_pit,0.0,False
8,policy_rate_pit,0.0,False
9,return_5d,0.9991832538481309,True
9,return_20d,0.9966644772539053,True
9,return_60d,0.9894451266527686,True
9,return_120d,0.9778850272724676,True
9,sma_ratio_20,0.9968358226004512,True
9,ema_ratio_20,1.0,True
9,rsi_14,0.9816660479195819,True
9,macd,1.0,True
9,atr_14,0.9978581831681754,True
9,volatility_20d,0.9966644772539053,True
9,downside_volatility_20d,0.9968358226004512,True
9,drawdown_60d,0.9896278950224177,True
9,liquidity_20d,0.9968358226004512,True
9,beta_60d,0.9894451266527686,True
9,roe_pit,0.0,False
9,revenue_growth_yoy_pit,0.0,False
9,policy_rate_pit,0.0,False
10,return_5d,0.9992590861682786,True
10,return_20d,0.9969622532899424,True
10,return_60d,0.9900774539921007,True
10,return_120d,0.9787699690525992,True
10,sma_ratio_20,0.9971218347306209,True
10,ema_ratio_20,1.0,True
10,rsi_14,0.9822408653873554,True
10,macd,1.0,True
10,atr_14,0.9980736240375244,True
10,volatility_20d,0.9969622532899424,True
10,downside_volatility_20d,0.9971218347306209,True
10,drawdown_60d,0.9902598327814475,True
10,liquidity_20d,0.9971218347306209,True
10,beta_60d,0.9900774539921007,True
10,roe_pit,0.0,False
10,revenue_growth_yoy_pit,0.0,False
10,policy_rate_pit,0.0,False
11,return_5d,0.999296413980935,True
11,return_20d,0.9970551520653654,True
11,return_60d,0.9907625964593736,True
11,return_120d,0.9798910576486609,True
11,sma_ratio_20,0.997208352246936,True
11,ema_ratio_20,1.0,True
11,rsi_14,0.981916704493872,True
11,macd,1.0,True
11,atr_14,0.9981162051747617,True
11,volatility_20d,0.9970551520653654,True
11,downside_volatility_20d,0.997208352246936,True
11,drawdown_60d,0.990932818883341,True
11,liquidity_20d,0.997208352246936,True
11,beta_60d,0.9907625964593736,True
11,roe_pit,0.0,False
11,revenue_growth_yoy_pit,0.0,False
11,policy_rate_pit,0.0,False
12,return_5d,0.9994664214475872,True
12,return_20d,0.9976443074547735,True
12,return_60d,0.9917408851727603,True
12,return_120d,0.9813644852386061,True
12,sma_ratio_20,0.9977748639090873,True
12,ema_ratio_20,1.0,True
12,rsi_14,0.9818356237476514,True
12,macd,1.0,True
12,atr_14,0.9985241444294967,True
12,volatility_20d,0.9976443074547735,True
12,downside_volatility_20d,0.9977748639090873,True
12,drawdown_60d,0.9918998234649683,True
12,liquidity_20d,0.9977748639090873,True
12,beta_60d,0.9917408851727603,True
12,roe_pit,0.0,False
12,revenue_growth_yoy_pit,0.0,False
12,policy_rate_pit,0.0,False
13,return_5d,0.9995304340938792,True
13,return_20d,0.9980764770110716,True
13,return_60d,0.9928320481559638,True
13,return_120d,0.9831182570618752,True
13,sma_ratio_20,0.9981783105810736,True
13,ema_ratio_20,1.0,True
13,rsi_14,0.9826656634174215,True
13,macd,1.0,True
13,atr_14,0.9987610248983079,True
13,volatility_20d,0.9980764770110716,True
13,downside_volatility_20d,0.9981783105810736,True
13,drawdown_60d,0.9929847985109669,True
13,liquidity_20d,0.9981783105810736,True
13,beta_60d,0.9928320481559638,True
13,roe_pit,0.0,False
13,revenue_growth_yoy_pit,0.0,False
13,policy_rate_pit,0.0,False
14,return_5d,0.9996107720252265,True
14,return_20d,0.9982964224872232,True
14,return_60d,0.9940769656012726,True
14,return_120d,0.9850006205083656,True
14,sma_ratio_20,0.9983866782494895,True
14,ema_ratio_20,1.0,True
14,rsi_14,0.9818867967101774,True
14,macd,1.0,True
14,atr_14,0.9989225718379457,True
14,volatility_20d,0.9982964224872232,True
14,downside_volatility_20d,0.9983866782494895,True
14,drawdown_60d,0.9942067082595304,True
14,liquidity_20d,0.9983866782494895,True
14,beta_60d,0.9940769656012726,True
14,roe_pit,0.0,False
14,revenue_growth_yoy_pit,0.0,False
14,policy_rate_pit,0.0,False
15,return_5d,0.9996320844960407,True
15,return_20d,0.9985283379841626,True
15,return_60d,0.9949906889076305,True
15,return_120d,0.9869644706827946,True
15,sma_ratio_20,0.9986019210849545,True
15,ema_ratio_20,1.0,True
15,rsi_14,0.9820740245993966,True
15,macd,1.0,True
15,atr_14,0.9990434196897057,True
15,volatility_20d,0.9985283379841626,True
15,downside_volatility_20d,0.9986019210849545,True
15,drawdown_60d,0.9950869129625123,True
15,liquidity_20d,0.9986019210849545,True
15,beta_60d,0.9949906889076305,True
15,roe_pit,0.0,False
15,revenue_growth_yoy_pit,0.0,False
15,policy_rate_pit,0.0,False
16,return_5d,0.9996338461365134,True
16,return_20d,0.9985353845460537,True
16,return_60d,0.9954315264109598,True
16,return_120d,0.9885985320046642,True
16,sma_ratio_20,0.998608615318751,True
16,ema_ratio_20,1.0,True
16,rsi_14,0.983094957779643,True
16,macd,1.0,True
16,atr_14,0.9990479999549349,True
16,volatility_20d,0.9985353845460537,True
16,downside_volatility_20d,0.998608615318751,True
16,drawdown_60d,0.9955216565927412,True
16,liquidity_20d,0.998608615318751,True
16,beta_60d,0.9954315264109598,True
16,roe_pit,0.0,False
16,revenue_growth_yoy_pit,0.0,False
16,policy_rate_pit,0.0,False
17,return_5d,0.9996339884002478,True
17,return_20d,0.998535953600991,True
17,return_60d,0.9956078608029731,True
17,return_120d,0.9899994369052312,True
17,sma_ratio_20,0.9986091559209415,True
17,ema_ratio_20,1.0,True
17,rsi_14,0.9839799538262289,True
17,macd,1.0,True
17,atr_14,0.9990483698406442,True
17,volatility_20d,0.998535953600991,True
17,downside_volatility_20d,0.9986091559209415,True
17,drawdown_60d,0.9956810631229236,True
17,liquidity_20d,0.9986091559209415,True
17,beta_60d,0.9956078608029731,True
17,roe_pit,0.0,False
17,revenue_growth_yoy_pit,0.0,False
17,policy_rate_pit,0.0,False
18,return_5d,0.9996326251476564,True
18,return_20d,0.9985305005906258,True
18,return_60d,0.9955915017718772,True
18,return_120d,0.9907251979585262,True
18,sma_ratio_20,0.9986039755610945,True
18,ema_ratio_20,1.0,True
18,rsi_14,0.9851467521237093,True
18,macd,1.0,True
18,atr_14,0.9990448253839067,True
18,volatility_20d,0.9985305005906258,True
18,downside_volatility_20d,0.9986039755610945,True
18,drawdown_60d,0.9956649767423459,True
18,liquidity_20d,0.9986039755610945,True
18,beta_60d,0.9955915017718772,True
18,roe_pit,0.0,False
18,revenue_growth_yoy_pit,0.0,False
18,policy_rate_pit,0.0,False
19,return_5d,0.9996342540752536,True
19,return_20d,0.9985370163010145,True
19,return_60d,0.9956110489030435,True
19,return_120d,0.9911320680399958,True
19,sma_ratio_20,0.9986101654859638,True
19,ema_ratio_20,1.0,True
19,rsi_14,0.9863942515994351,True
19,macd,1.0,True
19,atr_14,0.9990490605956595,True
19,volatility_20d,0.9985370163010145,True
19,downside_volatility_20d,0.9986101654859638,True
19,drawdown_60d,0.9956841980879928,True
19,liquidity_20d,0.9986101654859638,True
19,beta_60d,0.9956110489030435,True
19,roe_pit,0.0,False
19,revenue_growth_yoy_pit,0.0,False
19,policy_rate_pit,0.0,False
20,return_5d,0.9996111471160077,True
20,return_20d,0.9985460283468117,True
20,return_60d,0.9956155428442616,True
20,return_120d,0.9912198145904365,True
20,sma_ratio_20,0.9986192904843755,True
20,ema_ratio_20,1.0,True
20,rsi_14,0.9873087435543407,True
20,macd,1.0,True
20,atr_14,0.9990363211135845,True
20,volatility_20d,0.9985460283468117,True
20,downside_volatility_20d,0.9986192904843755,True
20,drawdown_60d,0.9956888049818253,True
20,liquidity_20d,0.9986192904843755,True
20,beta_60d,0.9956155428442616,True
20,roe_pit,0.0,False
20,revenue_growth_yoy_pit,0.0,False
20,policy_rate_pit,0.0,False
21,return_5d,0.999633839948625,True
21,return_20d,0.9985071936367016,True
21,return_60d,0.9955779132257011,True
21,return_120d,0.9911839926092002,True
21,sma_ratio_20,0.9985860588785362,True
21,ema_ratio_20,1.0,True
21,rsi_14,0.9877871539787515,True
21,macd,1.0,True
21,atr_14,0.9990479838664248,True
21,volatility_20d,0.9985071936367016,True
21,downside_volatility_20d,0.9985860588785362,True
21,drawdown_60d,0.9956511452359761,True
21,liquidity_20d,0.9985860588785362,True
21,beta_60d,0.9955779132257011,True
21,roe_pit,0.0,False
21,revenue_growth_yoy_pit,0.0,False
21,policy_rate_pit,0.0,False
22,return_5d,0.9996913216484546,True
22,return_20d,0.9986867139225161,True
22,return_60d,0.9957177894140162,True
22,return_120d,0.9913401691557366,True
22,sma_ratio_20,0.9987596742601541,True
22,ema_ratio_20,1.0,True
22,rsi_14,0.9882197116382964,True
22,macd,1.0,True
22,atr_14,0.9991918239523176,True
22,volatility_20d,0.9986867139225161,True
22,downside_volatility_20d,0.9987596742601541,True
22,drawdown_60d,0.9957907497516543,True
22,liquidity_20d,0.9987596742601541,True
22,beta_60d,0.9957177894140162,True
22,roe_pit,0.0,False
22,revenue_growth_yoy_pit,0.0,False
22,policy_rate_pit,0.0,False
23,return_5d,0.9997126436781609,True
23,return_20d,0.9988618435880099,True
23,return_60d,0.9961122379986478,True
23,return_120d,0.9917004732927653,True
23,sma_ratio_20,0.9989238224025242,True
23,ema_ratio_20,1.0,True
23,rsi_14,0.987998647734956,True
23,macd,1.0,True
23,atr_14,0.9992618886635114,True
23,volatility_20d,0.9988618435880099,True
23,downside_volatility_20d,0.9989238224025242,True
23,drawdown_60d,0.9961911201262114,True
23,liquidity_20d,0.9989238224025242,True
23,beta_60d,0.9961122379986478,True
23,roe_pit,0.0,False
23,revenue_growth_yoy_pit,0.0,False
23,policy_rate_pit,0.0,False
24,return_5d,0.999747013352073,True
24,return_20d,0.9988924806746311,True
24,return_60d,0.9964919184820801,True
24,return_120d,0.9920674631061138,True
24,sma_ratio_20,0.9989543218552355,True
24,ema_ratio_20,1.0,True
24,rsi_14,0.9877217146872804,True
24,macd,1.0,True
24,atr_14,0.9993253689388616,True
24,volatility_20d,0.9988924806746311,True
24,downside_volatility_20d,0.9989543218552355,True
24,drawdown_60d,0.9965650035137035,True
24,liquidity_20d,0.9989543218552355,True
24,beta_60d,0.9964919184820801,True
24,roe_pit,0.0,False
24,revenue_growth_yoy_pit,0.0,False
24,policy_rate_pit,0.0,False
25,return_5d,0.9997873209718312,True
25,return_20d,0.9990653316393635,True
25,return_60d,0.9968042177609375,True
25,return_120d,0.9925618308306235,True
25,sma_ratio_20,0.9991157029881403,True
25,ema_ratio_20,1.0,True
25,rsi_14,0.9880284094407101,True
25,macd,1.0,True
25,atr_14,0.9994179310808012,True
25,volatility_20d,0.9990653316393635,True
25,downside_volatility_20d,0.9991157029881403,True
25,drawdown_60d,0.9968601859262451,True
25,liquidity_20d,0.9991157029881403,True
25,beta_60d,0.9968042177609375,True
25,roe_pit,0.0,False
25,revenue_growth_yoy_pit,0.0,False
25,policy_rate_pit,0.0,False
26,return_5d,0.9997466073540177,True
26,return_20d,0.9991046793175291,True
26,return_60d,0.9970944309927361,True
26,return_120d,0.9932428627738048,True
26,sma_ratio_20,0.9991440959513486,True
26,ema_ratio_20,1.0,True
26,rsi_14,0.9876119150853089,True
26,macd,1.0,True
26,atr_14,0.999374964806577,True
26,volatility_20d,0.9991046793175291,True
26,downside_volatility_20d,0.9991440959513486,True
26,drawdown_60d,0.9971563714173095,True
26,liquidity_20d,0.9991440959513486,True
26,beta_60d,0.9970944309927361,True
26,roe_pit,0.0,False
26,revenue_growth_yoy_pit,0.0,False
26,policy_rate_pit,0.0,False
27,return_5d,0.9997349350026788,True
27,return_20d,0.9989735780954798,True
27,return_60d,0.9971745199221724,True
27,return_120d,0.9937343146377915,True
27,sma_ratio_20,0.9990243352226263,True
27,ema_ratio_20,1.0,True
27,rsi_14,0.9868708231114119,True
27,macd,1.0,True
27,atr_14,0.9993288779855061,True
27,volatility_20d,0.9989735780954798,True
27,downside_volatility_20d,0.9990243352226263,True
27,drawdown_60d,0.997225277049319,True
27,liquidity_20d,0.9990243352226263,True
27,beta_60d,0.9971745199221724,True
27,roe_pit,0.0,False
27,revenue_growth_yoy_pit,0.0,False
27,policy_rate_pit,0.0,False
28,return_5d,0.9996905157133613,True
28,return_20d,0.9987620628534452,True
28,return_60d,0.9967588554708381,True
28,return_120d,0.9936583856174211,True
28,sma_ratio_20,0.9988239597107729,True
28,ema_ratio_20,1.0,True
28,rsi_14,0.9866471597782968,True
28,macd,1.0,True
28,atr_14,0.9991953408547394,True
28,volatility_20d,0.9987620628534452,True
28,downside_volatility_20d,0.9988239597107729,True
28,drawdown_60d,0.9967982443800467,True
28,liquidity_20d,0.9988239597107729,True
28,beta_60d,0.9967588554708381,True
28,roe_pit,0.0,False
28,revenue_growth_yoy_pit,0.0,False
28,policy_rate_pit,0.0,False
29,return_5d,0.9996894497614409,True
29,return_20d,0.9987577990457638,True
29,return_60d,0.996454080912453,True
29,return_120d,0.9936534823974479,True
29,sma_ratio_20,0.9988199090934756,True
29,ema_ratio_20,1.0,True
29,rsi_14,0.9865785833262753,True
29,macd,1.0,True
29,atr_14,0.9991925693797464,True
29,volatility_20d,0.9987577990457638,True
29,downside_volatility_20d,0.9988199090934756,True
29,drawdown_60d,0.9965048982242173,True
29,liquidity_20d,0.9988199090934756,True
29,beta_60d,0.996454080912453,True
29,roe_pit,0.0,False
29,revenue_growth_yoy_pit,0.0,False
29,policy_rate_pit,0.0,False
30,return_5d,0.9996903292644476,True
30,return_20d,0.9987613170577901,True
30,return_60d,0.9962839511733705,True
30,return_120d,0.9933955677672177,True
30,sma_ratio_20,0.9988232512049007,True
30,ema_ratio_20,1.0,True
30,rsi_14,0.9864026395207424,True
30,macd,1.0,True
30,atr_14,0.9991948560875636,True
30,volatility_20d,0.9987613170577901,True
30,downside_volatility_20d,0.9988232512049007,True
30,drawdown_60d,0.9963458853204811,True
30,liquidity_20d,0.9988232512049007,True
30,beta_60d,0.9962839511733705,True
30,roe_pit,0.0,False
30,revenue_growth_yoy_pit,0.0,False
30,policy_rate_pit,0.0,False
31,return_5d,0.999635134831713,True
31,return_20d,0.998641578911916,True
31,return_60d,0.9961717223881267,True
31,return_120d,0.9928318027707299,True
31,sma_ratio_20,0.9987033253250107,True
31,ema_ratio_20,1.0,True
31,rsi_14,0.9862754563621259,True
31,macd,1.0,True
31,atr_14,0.999073803803579,True
31,volatility_20d,0.998641578911916,True
31,downside_volatility_20d,0.9987033253250107,True
31,drawdown_60d,0.9962334688012214,True
31,liquidity_20d,0.9987033253250107,True
31,beta_60d,0.9961717223881267,True
31,roe_pit,0.0,False
31,revenue_growth_yoy_pit,0.0,False
31,policy_rate_pit,0.0,False
32,return_5d,0.9996329612124703,True
32,return_20d,0.9985318448498811,True
32,return_60d,0.9959343395842862,True
32,return_120d,0.9923204192147629,True
32,sma_ratio_20,0.9986052526073871,True
32,ema_ratio_20,1.0,True
32,rsi_14,0.9861936948383053,True
32,macd,1.0,True
32,atr_14,0.9990456991524227,True
32,volatility_20d,0.9985318448498811,True
32,downside_volatility_20d,0.9986052526073871,True
32,drawdown_60d,0.9959964538406374,True
32,liquidity_20d,0.9986052526073871,True
32,beta_60d,0.9959343395842862,True
32,roe_pit,0.0,False
32,revenue_growth_yoy_pit,0.0,False
32,policy_rate_pit,0.0,False
33,return_5d,0.9996348088926844,True
33,return_20d,0.9985055256223699,True
33,return_60d,0.9956570349853081,True
33,return_120d,0.9919489406648726,True
33,sma_ratio_20,0.9985841821685609,True
33,ema_ratio_20,1.0,True
33,rsi_14,0.9860553180252712,True
33,macd,1.0,True
33,atr_14,0.9990505031209794,True
33,volatility_20d,0.9985055256223699,True
33,downside_volatility_20d,0.9985841821685609,True
33,drawdown_60d,0.9957188365573153,True
33,liquidity_20d,0.9985841821685609,True
33,beta_60d,0.9956570349853081,True
33,roe_pit,0.0,False
33,revenue_growth_yoy_pit,0.0,False
33,policy_rate_pit,0.0,False
34,return_5d,0.9996350959136356,True
34,return_20d,0.9985403836545425,True
34,return_60d,0.9955818536004806,True
34,return_120d,0.9917307120120812,True
34,sma_ratio_20,0.9986133644718154,True
34,ema_ratio_20,1.0,True
34,rsi_14,0.9861504864452166,True
34,macd,1.0,True
34,atr_14,0.9990512493754526,True
34,volatility_20d,0.9985403836545425,True
34,downside_volatility_20d,0.9986133644718154,True
34,drawdown_60d,0.9956548344177534,True
34,liquidity_20d,0.9986133644718154,True
34,beta_60d,0.9955818536004806,True
34,roe_pit,0.0,False
34,revenue_growth_yoy_pit,0.0,False
34,policy_rate_pit,0.0,False
35,return_5d,0.9996057937062149,True
35,return_20d,0.998468226972721,True
35,return_60d,0.9955342058432636,True
35,return_120d,0.9913894082400379,True
35,sma_ratio_20,0.9985414367129953,True
35,ema_ratio_20,1.0,True
35,rsi_14,0.986202779717523,True
35,macd,1.0,True
35,atr_14,0.9989806951546415,True
35,volatility_20d,0.998468226972721,True
35,downside_volatility_20d,0.9985414367129953,True
35,drawdown_60d,0.9956130471020206,True
35,liquidity_20d,0.9985414367129953,True
35,beta_60d,0.9955342058432636,True
35,roe_pit,0.0,False
35,revenue_growth_yoy_pit,0.0,False
35,policy_rate_pit,0.0,False
36,return_5d,0.9996353292976442,True
36,return_20d,0.9984739933686035,True
36,return_60d,0.9954780832907885,True
36,return_120d,0.9910964245440214,True
36,sma_ratio_20,0.9985525378275725,True
36,ema_ratio_20,1.0,True
36,rsi_14,0.9867203761157521,True
36,macd,1.0,True
36,atr_14,0.9990238045813861,True
36,volatility_20d,0.9984739933686035,True
36,downside_volatility_20d,0.9985525378275725,True
36,drawdown_60d,0.9955510174312596,True
36,liquidity_20d,0.9985525378275725,True
36,beta_60d,0.9954780832907885,True
36,roe_pit,0.0,False
36,revenue_growth_yoy_pit,0.0,False
36,policy_rate_pit,0.0,False
37,return_5d,0.9996356297998766,True
37,return_20d,0.9985425191995067,True
37,return_60d,0.9954818095184708,True
37,return_120d,0.9910701272492852,True
37,sma_ratio_20,0.9986153932395314,True
37,ema_ratio_20,1.0,True
37,rsi_14,0.9872526486910701,True
37,macd,1.0,True
37,atr_14,0.9990526374796793,True
37,volatility_20d,0.9985425191995067,True
37,downside_volatility_20d,0.9986153932395314,True
37,drawdown_60d,0.9955546835584954,True
37,liquidity_20d,0.9986153932395314,True
37,beta_60d,0.9954818095184708,True
37,roe_pit,0.0,False
37,revenue_growth_yoy_pit,0.0,False
37,policy_rate_pit,0.0,False
38,return_5d,0.9996063279962657,True
38,return_20d,0.9984534314139011,True
38,return_60d,0.9954783958428236,True
38,return_120d,0.9910074066575559,True
38,sma_ratio_20,0.9985265419288804,True
38,ema_ratio_20,1.0,True
38,rsi_14,0.9863227098131183,True
38,macd,1.0,True
38,atr_14,0.9989764527902909,True
38,volatility_20d,0.9984534314139011,True
38,downside_volatility_20d,0.9985265419288804,True
38,drawdown_60d,0.9955571302435705,True
38,liquidity_20d,0.9985265419288804,True
38,beta_60d,0.9954783958428236,True
38,roe_pit,0.0,False
38,revenue_growth_yoy_pit,0.0,False
38,policy_rate_pit,0.0,False
39,return_5d,0.9996070616632519,True
39,return_20d,0.9984282466530073,True
39,return_60d,0.9954082348648573,True
39,return_120d,0.9908894439922535,True
39,sma_ratio_20,0.998506834320357,True
39,ema_ratio_20,1.0,True
39,rsi_14,0.9858486064722557,True
39,macd,1.0,True
39,atr_14,0.9989783603244548,True
39,volatility_20d,0.9984282466530073,True
39,downside_volatility_20d,0.998506834320357,True
39,drawdown_60d,0.9954812091273962,True
39,liquidity_20d,0.998506834320357,True
39,beta_60d,0.9954082348648573,True
39,roe_pit,0.0,False
39,revenue_growth_yoy_pit,0.0,False
39,policy_rate_pit,0.0,False
40,return_5d,0.9996075727251832,True
40,return_20d,0.9984302909007328,True
40,return_60d,0.9952908727021982,True
40,return_120d,0.9907779590418048,True
40,sma_ratio_20,0.9985087763556961,True
40,ema_ratio_20,1.0,True
40,rsi_14,0.9857324655084456,True
40,macd,1.0,True
40,atr_14,0.9989796890854763,True
40,volatility_20d,0.9984302909007328,True
40,downside_volatility_20d,0.9985087763556961,True
40,drawdown_60d,0.9953693581571615,True
40,liquidity_20d,0.9985087763556961,True
40,beta_60d,0.9952908727021982,True
40,roe_pit,0.0,False
40,revenue_growth_yoy_pit,0.0,False
40,policy_rate_pit,0.0,False
41,return_5d,0.9996072027787598,True
41,return_20d,0.9984288111150391,True
41,return_60d,0.9952864333451172,True
41,return_120d,0.9907748766897295,True
41,sma_ratio_20,0.9985073705592872,True
41,ema_ratio_20,1.0,True
41,rsi_14,0.9857582950356043,True
41,macd,1.0,True
41,atr_14,0.9989787272247754,True
41,volatility_20d,0.9984288111150391,True
41,downside_volatility_20d,0.9985073705592872,True
41,drawdown_60d,0.9953649927893653,True
41,liquidity_20d,0.9985073705592872,True
41,beta_60d,0.9952864333451172,True
41,roe_pit,0.0,False
41,revenue_growth_yoy_pit,0.0,False
41,policy_rate_pit,0.0,False
42,return_5d,0.9995870190027067,True
42,return_20d,0.9983313335379636,True
42,return_60d,0.9951893294639619,True
42,return_120d,0.9905907302508581,True
42,sma_ratio_20,0.9984150459022798,True
42,ema_ratio_20,1.0,True
42,rsi_14,0.98516058821888,True
42,macd,1.0,True
42,atr_14,0.998917320088177,True
42,volatility_20d,0.9983313335379636,True
42,downside_volatility_20d,0.9984150459022798,True
42,drawdown_60d,0.9952674610039903,True
42,liquidity_20d,0.9984150459022798,True
42,beta_60d,0.9951893294639619,True
42,roe_pit,0.0,False
42,revenue_growth_yoy_pit,0.0,False
42,policy_rate_pit,0.0,False
43,return_5d,0.9996368999072698,True
43,return_20d,0.9985252550079882,True
43,return_60d,0.9952796987945077,True
43,return_120d,0.9905873283653792,True
43,sma_ratio_20,0.998603461181807,True
43,ema_ratio_20,1.0,True
43,rsi_14,0.9845766252918766,True
43,macd,1.0,True
43,atr_14,0.9990559397589015,True
43,volatility_20d,0.9985252550079882,True
43,downside_volatility_20d,0.998603461181807,True
43,drawdown_60d,0.9953579049683265,True
43,liquidity_20d,0.998603461181807,True
43,beta_60d,0.9952796987945077,True
43,roe_pit,0.0,False
43,revenue_growth_yoy_pit,0.0,False
43,policy_rate_pit,0.0,False
