fold,decision_time,signal_mode,selected_xgboost_weight,selected_technical_weight,validation_mean_daily_rank_ic,validation_rank_ic_standard_error,validation_objective,validation_days,validation_positive_ic_ratio,grid,calibration_method,calibration_slope,calibration_r_squared
0,2022-04-29,validation_blend,1.0,0.0,0.18651353322794073,0.028924311607664885,0.17928245532602452,30,0.8,"[{""technical_weight"": 0.75, ""validation_days"": 30, ""validation_mean_daily_rank_ic"": -0.09981683462362151, ""validation_objective"": -0.1082975646933543, ""validation_positive_ic_ratio"": 0.36666666666666664, ""validation_rank_ic_standard_error"": 0.03392292027893118, ""xgboost_weight"": 0.25}, {""technical_weight"": 0.5, ""validation_days"": 30, ""validation_mean_daily_rank_ic"": 0.06656471770630841, ""validation_objective"": 0.06008581344936845, ""validation_positive_ic_ratio"": 0.7333333333333333, ""validation_rank_ic_standard_error"": 0.025915617027759855, ""xgboost_weight"": 0.5}, {""technical_weight"": 0.25, ""validation_days"": 30, ""validation_mean_daily_rank_ic"": 0.15855219413681423, ""validation_objective"": 0.15163902700886941, ""validation_positive_ic_ratio"": 0.8, ""validation_rank_ic_standard_error"": 0.027652668511779287, ""xgboost_weight"": 0.75}, {""technical_weight"": 0.0, ""validation_days"": 30, ""validation_mean_daily_rank_ic"": 0.18651353322794073, ""validation_objective"": 0.17928245532602452, ""validation_positive_ic_ratio"": 0.8, ""validation_rank_ic_standard_error"": 0.028924311607664885, ""xgboost_weight"": 1.0}]",purged_validation_blended_signal_to_return,0.062122192702316066,0.023291499529301096
1,2022-05-30,validation_blend,0.25,0.75,0.06811443183982566,0.031160495025560363,0.060324308083435564,32,0.53125,"[{""technical_weight"": 0.75, ""validation_days"": 32, ""validation_mean_daily_rank_ic"": 0.06811443183982566, ""validation_objective"": 0.060324308083435564, ""validation_positive_ic_ratio"": 0.53125, ""validation_rank_ic_standard_error"": 0.031160495025560363, ""xgboost_weight"": 0.25}, {""technical_weight"": 0.5, ""validation_days"": 32, ""validation_mean_daily_rank_ic"": 0.05262220834489814, ""validation_objective"": 0.04850049963157242, ""validation_positive_ic_ratio"": 0.71875, ""validation_rank_ic_standard_error"": 0.016486834853302882, ""xgboost_weight"": 0.5}, {""technical_weight"": 0.25, ""validation_days"": 32, ""validation_mean_daily_rank_ic"": 0.03292911703599913, ""validation_objective"": 0.02997684535388751, ""validation_positive_ic_ratio"": 0.75, ""validation_rank_ic_standard_error"": 0.011809086728446468, ""xgboost_weight"": 0.75}, {""technical_weight"": 0.0, ""validation_days"": 32, ""validation_mean_daily_rank_ic"": 0.02117258863830728, ""validation_objective"": 0.017573175936745244, ""validation_positive_ic_ratio"": 0.71875, ""validation_rank_ic_standard_error"": 0.014397650806248151, ""xgboost_weight"": 1.0}]",purged_validation_blended_signal_to_return,0.06513558728308658,0.004558806123513559
2,2022-06-29,validation_blend,0.25,0.75,0.22930107150390822,0.017175358789008624,0.22500723180665605,32,1.0,"[{""technical_weight"": 0.75, ""validation_days"": 32, ""validation_mean_daily_rank_ic"": 0.22930107150390822, ""validation_objective"": 0.22500723180665605, ""validation_positive_ic_ratio"": 1.0, ""validation_rank_ic_standard_error"": 0.017175358789008624, ""xgboost_weight"": 0.25}, {""technical_weight"": 0.5, ""validation_days"": 32, ""validation_mean_daily_rank_ic"": 0.04554730283627478, ""validation_objective"": 0.04210873155361409, ""validation_positive_ic_ratio"": 0.78125, ""validation_rank_ic_standard_error"": 0.01375428513064279, ""xgboost_weight"": 0.5}, {""technical_weight"": 0.25, ""validation_days"": 32, ""validation_mean_daily_rank_ic"": -0.08655911955248756, ""validation_objective"": -0.0907716845304602, ""validation_positive_ic_ratio"": 0.25, ""validation_rank_ic_standard_error"": 0.016850259911890517, ""xgboost_weight"": 0.75}, {""technical_weight"": 0.0, ""validation_days"": 32, ""validation_mean_daily_rank_ic"": -0.13102783965511838, ""validation_objective"": -0.1356019378863915, ""validation_positive_ic_ratio"": 0.09375, ""validation_rank_ic_standard_error"": 0.018296392925092487, ""xgboost_weight"": 1.0}]",purged_validation_blended_signal_to_return,0.14734588584955968,0.03463720276395432
3,2022-07-29,validation_blend,0.25,0.75,0.2605377605975235,0.03428476675211918,0.2519665689094937,30,0.9,"[{""technical_weight"": 0.75, ""validation_days"": 30, ""validation_mean_daily_rank_ic"": 0.2605377605975235, ""validation_objective"": 0.2519665689094937, ""validation_positive_ic_ratio"": 0.9, ""validation_rank_ic_standard_error"": 0.03428476675211918, ""xgboost_weight"": 0.25}, {""technical_weight"": 0.5, ""validation_days"": 30, ""validation_mean_daily_rank_ic"": 0.15628352804621043, ""validation_objective"": 0.15106621246364935, ""validation_positive_ic_ratio"": 0.8666666666666667, ""validation_rank_ic_standard_error"": 0.020869262330244304, ""xgboost_weight"": 0.5}, {""technical_weight"": 0.25, ""validation_days"": 30, ""validation_mean_daily_rank_ic"": 0.05199393600062565, ""validation_objective"": 0.04683945123416417, ""validation_positive_ic_ratio"": 0.7666666666666667, ""validation_rank_ic_standard_error"": 0.02061793906584592, ""xgboost_weight"": 0.75}, {""technical_weight"": 0.0, ""validation_days"": 30, ""validation_mean_daily_rank_ic"": -0.0005711010028630202, ""validation_objective"": -0.0061195647092951826, ""validation_positive_ic_ratio"": 0.4666666666666667, ""validation_rank_ic_standard_error"": 0.02219385482572865, ""xgboost_weight"": 1.0}]",purged_validation_blended_signal_to_return,0.1598991123685288,0.05415412854699342
4,2022-08-30,validation_blend,1.0,0.0,-0.09510348333942668,0.04002001664924584,-0.10510848750173815,32,0.40625,"[{""technical_weight"": 0.75, ""validation_days"": 32, ""validation_mean_daily_rank_ic"": -0.1763925983212731, ""validation_objective"": -0.1944840333562003, ""validation_positive_ic_ratio"": 0.375, ""validation_rank_ic_standard_error"": 0.07236574013970877, ""xgboost_weight"": 0.25}, {""technical_weight"": 0.5, ""validation_days"": 32, ""validation_mean_daily_rank_ic"": -0.14198852850684346, ""validation_objective"": -0.15720384627559286, ""validation_positive_ic_ratio"": 0.375, ""validation_rank_ic_standard_error"": 0.06086127107499764, ""xgboost_weight"": 0.5}, {""technical_weight"": 0.25, ""validation_days"": 32, ""validation_mean_daily_rank_ic"": -0.11687661429758614, ""validation_objective"": -0.1289896615491148, ""validation_positive_ic_ratio"": 0.40625, ""validation_rank_ic_standard_error"": 0.0484521890061146, ""xgboost_weight"": 0.75}, {""technical_weight"": 0.0, ""validation_days"": 32, ""validation_mean_daily_rank_ic"": -0.09510348333942668, ""validation_objective"": -0.10510848750173815, ""validation_positive_ic_ratio"": 0.40625, ""validation_rank_ic_standard_error"": 0.04002001664924584, ""xgboost_weight"": 1.0}]",purged_validation_blended_signal_to_return,-0.035426735282028665,0.005443316703026446
5,2022-09-29,validation_blend,1.0,0.0,-0.17610826550334413,0.030263973056776777,-0.18367425876753832,32,0.25,"[{""technical_weight"": 0.75, ""validation_days"": 32, ""validation_mean_daily_rank_ic"": -0.2875701739679366, ""validation_objective"": -0.2969459595455284, ""validation_positive_ic_ratio"": 0.1875, ""validation_rank_ic_standard_error"": 0.037503142310367166, ""xgboost_weight"": 0.25}, {""technical_weight"": 0.5, ""validation_days"": 32, ""validation_mean_daily_rank_ic"": -0.2635139203996828, ""validation_objective"": -0.27319870578315075, ""validation_positive_ic_ratio"": 0.21875, ""validation_rank_ic_standard_error"": 0.038739141533871806, ""xgboost_weight"": 0.5}, {""technical_weight"": 0.25, ""validation_days"": 32, ""validation_mean_daily_rank_ic"": -0.21719031931261887, ""validation_objective"": -0.22588642140558998, ""validation_positive_ic_ratio"": 0.21875, ""validation_rank_ic_standard_error"": 0.03478440837188448, ""xgboost_weight"": 0.75}, {""technical_weight"": 0.0, ""validation_days"": 32, ""validation_mean_daily_rank_ic"": -0.17610826550334413, ""validation_objective"": -0.18367425876753832, ""validation_positive_ic_ratio"": 0.25, ""validation_rank_ic_standard_error"": 0.030263973056776777, ""xgboost_weight"": 1.0}]",purged_validation_blended_signal_to_return,-0.06426349988918313,0.03467198736112487
6,2022-10-28,validation_blend,0.75,0.25,0.21908584856058655,0.024346480473788297,0.21299922844213948,31,0.9354838709677419,"[{""technical_weight"": 0.75, ""validation_days"": 31, ""validation_mean_daily_rank_ic"": 0.11405344140353021, ""validation_objective"": 0.10789362846721215, ""validation_positive_ic_ratio"": 0.8709677419354839, ""validation_rank_ic_standard_error"": 0.024639251745272286, ""xgboost_weight"": 0.25}, {""technical_weight"": 0.5, ""validation_days"": 31, ""validation_mean_daily_rank_ic"": 0.19888571175791087, ""validation_objective"": 0.192418535794624, ""validation_positive_ic_ratio"": 0.9032258064516129, ""validation_rank_ic_standard_error"": 0.025868703853147462, ""xgboost_weight"": 0.5}, {""technical_weight"": 0.25, ""validation_days"": 31, ""validation_mean_daily_rank_ic"": 0.21908584856058655, ""validation_objective"": 0.21299922844213948, ""validation_positive_ic_ratio"": 0.9354838709677419, ""validation_rank_ic_standard_error"": 0.024346480473788297, ""xgboost_weight"": 0.75}, {""technical_weight"": 0.0, ""validation_days"": 31, ""validation_mean_daily_rank_ic"": 0.21844143311742428, ""validation_objective"": 0.21271756581207193, ""validation_positive_ic_ratio"": 0.9354838709677419, ""validation_rank_ic_standard_error"": 0.02289546922140935, ""xgboost_weight"": 1.0}]",purged_validation_blended_signal_to_return,0.07742292869007784,0.03086217974899519
7,2022-11-29,validation_blend,0.5,0.5,0.3094484042012026,0.01731261026972858,0.3051202516337705,32,1.0,"[{""technical_weight"": 0.75, ""validation_days"": 32, ""validation_mean_daily_rank_ic"": 0.30375286635810683, ""validation_objective"": 0.29895911756945326, ""validation_positive_ic_ratio"": 1.0, ""validation_rank_ic_standard_error"": 0.019174995154614266, ""xgboost_weight"": 0.25}, {""technical_weight"": 0.5, ""validation_days"": 32, ""validation_mean_daily_rank_ic"": 0.3094484042012026, ""validation_objective"": 0.3051202516337705, ""validation_positive_ic_ratio"": 1.0, ""validation_rank_ic_standard_error"": 0.01731261026972858, ""xgboost_weight"": 0.5}, {""technical_weight"": 0.25, ""validation_days"": 32, ""validation_mean_daily_rank_ic"": 0.28111555374803276, ""validation_objective"": 0.2766349349599116, ""validation_positive_ic_ratio"": 1.0, ""validation_rank_ic_standard_error"": 0.017922475152484595, ""xgboost_weight"": 0.75}, {""technical_weight"": 0.0, ""validation_days"": 32, ""validation_mean_daily_rank_ic"": 0.24152666865833508, ""validation_objective"": 0.23681957841017104, ""validation_positive_ic_ratio"": 1.0, ""validation_rank_ic_standard_error"": 0.01882836099265619, ""xgboost_weight"": 1.0}]",purged_validation_blended_signal_to_return,0.16394463571260323,0.08362286540518793
8,2022-12-30,validation_blend,0.5,0.5,0.20753649984914463,0.032914861350177856,0.19930778451160017,31,0.8064516129032258,"[{""technical_weight"": 0.75, ""validation_days"": 31, ""validation_mean_daily_rank_ic"": 0.19171178704682199, ""validation_objective"": 0.17701191286575574, ""validation_positive_ic_ratio"": 0.7419354838709677, ""validation_rank_ic_standard_error"": 0.05879949672426495, ""xgboost_weight"": 0.25}, {""technical_weight"": 0.5, ""validation_days"": 31, ""validation_mean_daily_rank_ic"": 0.20753649984914463, ""validation_objective"": 0.19930778451160017, ""validation_positive_ic_ratio"": 0.8064516129032258, ""validation_rank_ic_standard_error"": 0.032914861350177856, ""xgboost_weight"": 0.5}, {""technical_weight"": 0.25, ""validation_days"": 31, ""validation_mean_daily_rank_ic"": 0.1847492540850364, ""validation_objective"": 0.18114242691093643, ""validation_positive_ic_ratio"": 1.0, ""validation_rank_ic_standard_error"": 0.0144273086963998, ""xgboost_weight"": 0.75}, {""technical_weight"": 0.0, ""validation_days"": 31, ""validation_mean_daily_rank_ic"": 0.14325927221792575, ""validation_objective"": 0.13853024553167723, ""validation_positive_ic_ratio"": 0.9354838709677419, ""validation_rank_ic_standard_error"": 0.018916106744994103, ""xgboost_weight"": 1.0}]",purged_validation_blended_signal_to_return,0.13861593464305952,0.031017232608347767
9,2023-01-30,validation_blend,1.0,0.0,0.22753709336105649,0.026430808210513815,0.22092939130842804,32,1.0,"[{""technical_weight"": 0.75, ""validation_days"": 32, ""validation_mean_daily_rank_ic"": -0.23200546488093052, ""validation_objective"": -0.2455200548935066, ""validation_positive_ic_ratio"": 0.34375, ""validation_rank_ic_standard_error"": 0.05405836005030429, ""xgboost_weight"": 0.25}, {""technical_weight"": 0.5, ""validation_days"": 32, ""validation_mean_daily_rank_ic"": -0.026937650001496026, ""validation_objective"": -0.03356888259156788, ""validation_positive_ic_ratio"": 0.40625, ""validation_rank_ic_standard_error"": 0.02652493036028742, ""xgboost_weight"": 0.5}, {""technical_weight"": 0.25, ""validation_days"": 32, ""validation_mean_daily_rank_ic"": 0.16359196308204932, ""validation_objective"": 0.15877868280163066, ""validation_positive_ic_ratio"": 0.96875, ""validation_rank_ic_standard_error"": 0.019253121121674686, ""xgboost_weight"": 0.75}, {""technical_weight"": 0.0, ""validation_days"": 32, ""validation_mean_daily_rank_ic"": 0.22753709336105649, ""validation_objective"": 0.22092939130842804, ""validation_positive_ic_ratio"": 1.0, ""validation_rank_ic_standard_error"": 0.026430808210513815, ""xgboost_weight"": 1.0}]",purged_validation_blended_signal_to_return,0.11992873261798534,0.05059991724134705
10,2023-02-27,validation_blend,1.0,0.0,0.018288638215652506,0.02656400994150266,0.01164763573027684,32,0.65625,"[{""technical_weight"": 0.75, ""validation_days"": 32, ""validation_mean_daily_rank_ic"": -0.08229917220875892, ""validation_objective"": -0.09202033064446705, ""validation_positive_ic_ratio"": 0.40625, ""validation_rank_ic_standard_error"": 0.038884633742832506, ""xgboost_weight"": 0.25}, {""technical_weight"": 0.5, ""validation_days"": 32, ""validation_mean_daily_rank_ic"": -0.038517855883783945, ""validation_objective"": -0.04800130811331413, ""validation_positive_ic_ratio"": 0.53125, ""validation_rank_ic_standard_error"": 0.03793380891812074, ""xgboost_weight"": 0.5}, {""technical_weight"": 0.25, ""validation_days"": 32, ""validation_mean_daily_rank_ic"": -0.005324206596963519, ""validation_objective"": -0.013237837998516418, ""validation_positive_ic_ratio"": 0.5625, ""validation_rank_ic_standard_error"": 0.0316545256062116, ""xgboost_weight"": 0.75}, {""technical_weight"": 0.0, ""validation_days"": 32, ""validation_mean_daily_rank_ic"": 0.018288638215652506, ""validation_objective"": 0.01164763573027684, ""validation_positive_ic_ratio"": 0.65625, ""validation_rank_ic_standard_error"": 0.02656400994150266, ""xgboost_weight"": 1.0}]",purged_validation_blended_signal_to_return,0.0038157930760594765,0.00012233280767970367
11,2023-03-30,validation_blend,1.0,0.0,0.1147755040239708,0.025517521699791955,0.10839612359902281,30,0.8666666666666667,"[{""technical_weight"": 0.75, ""validation_days"": 30, ""validation_mean_daily_rank_ic"": -0.04251013102958959, ""validation_objective"": -0.05089157396330919, ""validation_positive_ic_ratio"": 0.3, ""validation_rank_ic_standard_error"": 0.03352577173487843, ""xgboost_weight"": 0.25}, {""technical_weight"": 0.5, ""validation_days"": 30, ""validation_mean_daily_rank_ic"": 0.04234548499953828, ""validation_objective"": 0.03401405951283666, ""validation_positive_ic_ratio"": 0.6333333333333333, ""validation_rank_ic_standard_error"": 0.03332570194680648, ""xgboost_weight"": 0.5}, {""technical_weight"": 0.25, ""validation_days"": 30, ""validation_mean_daily_rank_ic"": 0.09108171825619309, ""validation_objective"": 0.0837283881854355, ""validation_positive_ic_ratio"": 0.7333333333333333, ""validation_rank_ic_standard_error"": 0.029413320283030356, ""xgboost_weight"": 0.75}, {""technical_weight"": 0.0, ""validation_days"": 30, ""validation_mean_daily_rank_ic"": 0.1147755040239708, ""validation_objective"": 0.10839612359902281, ""validation_positive_ic_ratio"": 0.8666666666666667, ""validation_rank_ic_standard_error"": 0.025517521699791955, ""xgboost_weight"": 1.0}]",purged_validation_blended_signal_to_return,0.02486426948577668,0.006434713986531393
12,2023-04-28,validation_blend,1.0,0.0,0.08745878447914673,0.030067506141102596,0.07994190794387109,30,0.7,"[{""technical_weight"": 0.75, ""validation_days"": 30, ""validation_mean_daily_rank_ic"": 0.0026939005686038796, ""validation_objective"": -0.005187490128872475, ""validation_positive_ic_ratio"": 0.5333333333333333, ""validation_rank_ic_standard_error"": 0.03152556278990542, ""xgboost_weight"": 0.25}, {""technical_weight"": 0.5, ""validation_days"": 30, ""validation_mean_daily_rank_ic"": 0.05114603138097017, ""validation_objective"": 0.04257559113189437, ""validation_positive_ic_ratio"": 0.6333333333333333, ""validation_rank_ic_standard_error"": 0.034281760996303166, ""xgboost_weight"": 0.5}, {""technical_weight"": 0.25, ""validation_days"": 30, ""validation_mean_daily_rank_ic"": 0.07461289346777288, ""validation_objective"": 0.06636140956205266, ""validation_positive_ic_ratio"": 0.7, ""validation_rank_ic_standard_error"": 0.03300593562288087, ""xgboost_weight"": 0.75}, {""technical_weight"": 0.0, ""validation_days"": 30, ""validation_mean_daily_rank_ic"": 0.08745878447914673, ""validation_objective"": 0.07994190794387109, ""validation_positive_ic_ratio"": 0.7, ""validation_rank_ic_standard_error"": 0.030067506141102596, ""xgboost_weight"": 1.0}]",purged_validation_blended_signal_to_return,0.016913176776195107,0.00357216360056678
13,2023-05-30,validation_blend,1.0,0.0,-0.051656773125661345,0.021278766761982187,-0.05697646481615689,32,0.34375,"[{""technical_weight"": 0.75, ""validation_days"": 32, ""validation_mean_daily_rank_ic"": -0.1256291977975397, ""validation_objective"": -0.13147795857895134, ""validation_positive_ic_ratio"": 0.1875, ""validation_rank_ic_standard_error"": 0.023395043125646595, ""xgboost_weight"": 0.25}, {""technical_weight"": 0.5, ""validation_days"": 32, ""validation_mean_daily_rank_ic"": -0.10235720000230253, ""validation_objective"": -0.10852630234928382, ""validation_positive_ic_ratio"": 0.21875, ""validation_rank_ic_standard_error"": 0.024676409387925133, ""xgboost_weight"": 0.5}, {""technical_weight"": 0.25, ""validation_days"": 32, ""validation_mean_daily_rank_ic"": -0.07498941365369345, ""validation_objective"": -0.08093928370119421, ""validation_positive_ic_ratio"": 0.28125, ""validation_rank_ic_standard_error"": 0.023799480190003046, ""xgboost_weight"": 0.75}, {""technical_weight"": 0.0, ""validation_days"": 32, ""validation_mean_daily_rank_ic"": -0.051656773125661345, ""validation_objective"": -0.05697646481615689, ""validation_positive_ic_ratio"": 0.34375, ""validation_rank_ic_standard_error"": 0.021278766761982187, ""xgboost_weight"": 1.0}]",purged_validation_blended_signal_to_return,-0.0166223479409946,0.0033834890879050894
14,2023-06-29,validation_blend,0.25,0.75,0.06217532891732661,0.017019871037758025,0.05792036115788711,32,0.78125,"[{""technical_weight"": 0.75, ""validation_days"": 32, ""validation_mean_daily_rank_ic"": 0.06217532891732661, ""validation_objective"": 0.05792036115788711, ""validation_positive_ic_ratio"": 0.78125, ""validation_rank_ic_standard_error"": 0.017019871037758025, ""xgboost_weight"": 0.25}, {""technical_weight"": 0.5, ""validation_days"": 32, ""validation_mean_daily_rank_ic"": 0.06054351186763176, ""validation_objective"": 0.055698353774547966, ""validation_positive_ic_ratio"": 0.71875, ""validation_rank_ic_standard_error"": 0.01938063237233518, ""xgboost_weight"": 0.5}, {""technical_weight"": 0.25, ""validation_days"": 32, ""validation_mean_daily_rank_ic"": 0.044575376571871446, ""validation_objective"": 0.0394279781505844, ""validation_positive_ic_ratio"": 0.625, ""validation_rank_ic_standard_error"": 0.02058959368514817, ""xgboost_weight"": 0.75}, {""technical_weight"": 0.0, ""validation_days"": 32, ""validation_mean_daily_rank_ic"": 0.0325195999009931, ""validation_objective"": 0.02729494340319374, ""validation_positive_ic_ratio"": 0.625, ""validation_rank_ic_standard_error"": 0.020898625991197444, ""xgboost_weight"": 1.0}]",purged_validation_blended_signal_to_return,0.03896866762472149,0.0047950931865541335
15,2023-07-28,validation_blend,0.5,0.5,0.10502643796890868,0.024333476419375166,0.09894306886406488,31,0.7419354838709677,"[{""technical_weight"": 0.75, ""validation_days"": 31, ""validation_mean_daily_rank_ic"": 0.1019309261362613, ""validation_objective"": 0.09583397819147033, ""validation_positive_ic_ratio"": 0.7419354838709677, ""validation_rank_ic_standard_error"": 0.02438779177916387, ""xgboost_weight"": 0.25}, {""technical_weight"": 0.5, ""validation_days"": 31, ""validation_mean_daily_rank_ic"": 0.10502643796890868, ""validation_objective"": 0.09894306886406488, ""validation_positive_ic_ratio"": 0.7419354838709677, ""validation_rank_ic_standard_error"": 0.024333476419375166, ""xgboost_weight"": 0.5}, {""technical_weight"": 0.25, ""validation_days"": 31, ""validation_mean_daily_rank_ic"": 0.09038096876877477, ""validation_objective"": 0.0848448423866035, ""validation_positive_ic_ratio"": 0.7419354838709677, ""validation_rank_ic_standard_error"": 0.022144505528685066, ""xgboost_weight"": 0.75}, {""technical_weight"": 0.0, ""validation_days"": 31, ""validation_mean_daily_rank_ic"": 0.07603910257981814, ""validation_objective"": 0.07115691214790876, ""validation_positive_ic_ratio"": 0.7741935483870968, ""validation_rank_ic_standard_error"": 0.0195287617276375, ""xgboost_weight"": 1.0}]",purged_validation_blended_signal_to_return,0.06423471549905922,0.01318589235173484
16,2023-08-30,validation_blend,0.25,0.75,0.0033536957823946875,0.01984545127370823,-0.00160766703603237,32,0.46875,"[{""technical_weight"": 0.75, ""validation_days"": 32, ""validation_mean_daily_rank_ic"": 0.0033536957823946875, ""validation_objective"": -0.00160766703603237, ""validation_positive_ic_ratio"": 0.46875, ""validation_rank_ic_standard_error"": 0.01984545127370823, ""xgboost_weight"": 0.25}, {""technical_weight"": 0.5, ""validation_days"": 32, ""validation_mean_daily_rank_ic"": -0.054975817850272224, ""validation_objective"": -0.05842174462593339, ""validation_positive_ic_ratio"": 0.28125, ""validation_rank_ic_standard_error"": 0.01378370710264467, ""xgboost_weight"": 0.5}, {""technical_weight"": 0.25, ""validation_days"": 32, ""validation_mean_daily_rank_ic"": -0.08953543843390244, ""validation_objective"": -0.09207786432009452, ""validation_positive_ic_ratio"": 0.03125, ""validation_rank_ic_standard_error"": 0.010169703544768321, ""xgboost_weight"": 0.75}, {""technical_weight"": 0.0, ""validation_days"": 32, ""validation_mean_daily_rank_ic"": -0.09458761270083513, ""validation_objective"": -0.09710335066099136, ""validation_positive_ic_ratio"": 0.09375, ""validation_rank_ic_standard_error"": 0.010062951840624921, ""xgboost_weight"": 1.0}]",purged_validation_blended_signal_to_return,-0.009285735247121842,0.00028868002045834285
17,2023-09-29,validation_blend,1.0,0.0,0.045180085481015,0.028664984380955983,0.038013839385776,31,0.6774193548387096,"[{""technical_weight"": 0.75, ""validation_days"": 31, ""validation_mean_daily_rank_ic"": 0.003471230765955811, ""validation_objective"": -0.0019894973593536746, ""validation_positive_ic_ratio"": 0.5806451612903226, ""validation_rank_ic_standard_error"": 0.021842912501237943, ""xgboost_weight"": 0.25}, {""technical_weight"": 0.5, ""validation_days"": 31, ""validation_mean_daily_rank_ic"": 0.04134532168014468, ""validation_objective"": 0.035113499314849514, ""validation_positive_ic_ratio"": 0.5161290322580645, ""validation_rank_ic_standard_error"": 0.024927289461180675, ""xgboost_weight"": 0.5}, {""technical_weight"": 0.25, ""validation_days"": 31, ""validation_mean_daily_rank_ic"": 0.04289918034768133, ""validation_objective"": 0.03606497506177083, ""validation_positive_ic_ratio"": 0.5806451612903226, ""validation_rank_ic_standard_error"": 0.027336821143642, ""xgboost_weight"": 0.75}, {""technical_weight"": 0.0, ""validation_days"": 31, ""validation_mean_daily_rank_ic"": 0.045180085481015, ""validation_objective"": 0.038013839385776, ""validation_positive_ic_ratio"": 0.6774193548387096, ""validation_rank_ic_standard_error"": 0.028664984380955983, ""xgboost_weight"": 1.0}]",purged_validation_blended_signal_to_return,0.02934479695846687,0.007559943068521369
18,2023-10-30,validation_blend,0.5,0.5,0.005959829819877431,0.03287699770573189,-0.0022594196065555405,32,0.375,"[{""technical_weight"": 0.75, ""validation_days"": 32, ""validation_mean_daily_rank_ic"": -0.01686869810998507, ""validation_objective"": -0.020270678862279373, ""validation_positive_ic_ratio"": 0.40625, ""validation_rank_ic_standard_error"": 0.01360792300917721, ""xgboost_weight"": 0.25}, {""technical_weight"": 0.5, ""validation_days"": 32, ""validation_mean_daily_rank_ic"": 0.005959829819877431, ""validation_objective"": -0.0022594196065555405, ""validation_positive_ic_ratio"": 0.375, ""validation_rank_ic_standard_error"": 0.03287699770573189, ""xgboost_weight"": 0.5}, {""technical_weight"": 0.25, ""validation_days"": 32, ""validation_mean_daily_rank_ic"": 0.0016896901951889108, ""validation_objective"": -0.008033227467386463, ""validation_positive_ic_ratio"": 0.375, ""validation_rank_ic_standard_error"": 0.038891670650301496, ""xgboost_weight"": 0.75}, {""technical_weight"": 0.0, ""validation_days"": 32, ""validation_mean_daily_rank_ic"": -0.004688530429186237, ""validation_objective"": -0.014362025806620233, ""validation_positive_ic_ratio"": 0.375, ""validation_rank_ic_standard_error"": 0.038693981509735985, ""xgboost_weight"": 1.0}]",purged_validation_blended_signal_to_return,0.001888544834503656,9.277507543092867e-06
19,2023-11-29,validation_blend,0.75,0.25,0.2609357169129004,0.014169439779758758,0.25739335696796073,32,1.0,"[{""technical_weight"": 0.75, ""validation_days"": 32, ""validation_mean_daily_rank_ic"": 0.08033509627419172, ""validation_objective"": 0.075189963106259, ""validation_positive_ic_ratio"": 0.78125, ""validation_rank_ic_standard_error"": 0.02058053267173089, ""xgboost_weight"": 0.25}, {""technical_weight"": 0.5, ""validation_days"": 32, ""validation_mean_daily_rank_ic"": 0.21974975608368785, ""validation_objective"": 0.21583243334539995, ""validation_positive_ic_ratio"": 1.0, ""validation_rank_ic_standard_error"": 0.015669290953151574, ""xgboost_weight"": 0.5}, {""technical_weight"": 0.25, ""validation_days"": 32, ""validation_mean_daily_rank_ic"": 0.2609357169129004, ""validation_objective"": 0.25739335696796073, ""validation_positive_ic_ratio"": 1.0, ""validation_rank_ic_standard_error"": 0.014169439779758758, ""xgboost_weight"": 0.75}, {""technical_weight"": 0.0, ""validation_days"": 32, ""validation_mean_daily_rank_ic"": 0.2602780342359968, ""validation_objective"": 0.25669942490022823, ""validation_positive_ic_ratio"": 1.0, ""validation_rank_ic_standard_error"": 0.014314437343074351, ""xgboost_weight"": 1.0}]",purged_validation_blended_signal_to_return,0.09168920135412202,0.049578253746166645
20,2023-12-29,validation_blend,1.0,0.0,0.05496589955917212,0.043467821291488705,0.04409894423629994,30,0.43333333333333335,"[{""technical_weight"": 0.75, ""validation_days"": 30, ""validation_mean_daily_rank_ic"": -0.10160765277017922, ""validation_objective"": -0.11261318151430398, ""validation_positive_ic_ratio"": 0.36666666666666664, ""validation_rank_ic_standard_error"": 0.04402211497649905, ""xgboost_weight"": 0.25}, {""technical_weight"": 0.5, ""validation_days"": 30, ""validation_mean_daily_rank_ic"": -0.030499653205935846, ""validation_objective"": -0.043121437438137414, ""validation_positive_ic_ratio"": 0.4, ""validation_rank_ic_standard_error"": 0.050487136928806284, ""xgboost_weight"": 0.5}, {""technical_weight"": 0.25, ""validation_days"": 30, ""validation_mean_daily_rank_ic"": 0.021426308808193018, ""validation_objective"": 0.009378632388896685, ""validation_positive_ic_ratio"": 0.43333333333333335, ""validation_rank_ic_standard_error"": 0.04819070567718533, ""xgboost_weight"": 0.75}, {""technical_weight"": 0.0, ""validation_days"": 30, ""validation_mean_daily_rank_ic"": 0.05496589955917212, ""validation_objective"": 0.04409894423629994, ""validation_positive_ic_ratio"": 0.43333333333333335, ""validation_rank_ic_standard_error"": 0.043467821291488705, ""xgboost_weight"": 1.0}]",purged_validation_blended_signal_to_return,0.017149281044341696,0.0028260715275948423
21,2024-01-30,validation_blend,1.0,0.0,-0.02099295265976606,0.026154452152160664,-0.027531565697806227,32,0.5,"[{""technical_weight"": 0.75, ""validation_days"": 32, ""validation_mean_daily_rank_ic"": -0.0879906927163366, ""validation_objective"": -0.09615847423767585, ""validation_positive_ic_ratio"": 0.40625, ""validation_rank_ic_standard_error"": 0.032671126085356966, ""xgboost_weight"": 0.25}, {""technical_weight"": 0.5, ""validation_days"": 32, ""validation_mean_daily_rank_ic"": -0.06291169361606463, ""validation_objective"": -0.07140507366752029, ""validation_positive_ic_ratio"": 0.53125, ""validation_rank_ic_standard_error"": 0.03397352020582264, ""xgboost_weight"": 0.5}, {""technical_weight"": 0.25, ""validation_days"": 32, ""validation_mean_daily_rank_ic"": -0.03782988044822078, ""validation_objective"": -0.045487513092654995, ""validation_positive_ic_ratio"": 0.53125, ""validation_rank_ic_standard_error"": 0.030630530577736854, ""xgboost_weight"": 0.75}, {""technical_weight"": 0.0, ""validation_days"": 32, ""validation_mean_daily_rank_ic"": -0.02099295265976606, ""validation_objective"": -0.027531565697806227, ""validation_positive_ic_ratio"": 0.5, ""validation_rank_ic_standard_error"": 0.026154452152160664, ""xgboost_weight"": 1.0}]",purged_validation_blended_signal_to_return,-0.011390903062999141,0.002280572348549059
22,2024-02-28,validation_blend,1.0,0.0,0.12305737250604998,0.012610263836728482,0.11990480654686786,32,0.9375,"[{""technical_weight"": 0.75, ""validation_days"": 32, ""validation_mean_daily_rank_ic"": 0.05629683717723993, ""validation_objective"": 0.05253177085837724, ""validation_positive_ic_ratio"": 0.6875, ""validation_rank_ic_standard_error"": 0.015060265275450775, ""xgboost_weight"": 0.25}, {""technical_weight"": 0.5, ""validation_days"": 32, ""validation_mean_daily_rank_ic"": 0.10672490719301472, ""validation_objective"": 0.10293455280363274, ""validation_positive_ic_ratio"": 0.90625, ""validation_rank_ic_standard_error"": 0.015161417557527904, ""xgboost_weight"": 0.5}, {""technical_weight"": 0.25, ""validation_days"": 32, ""validation_mean_daily_rank_ic"": 0.12296583506751046, ""validation_objective"": 0.11963145451495934, ""validation_positive_ic_ratio"": 0.9375, ""validation_rank_ic_standard_error"": 0.013337522210204535, ""xgboost_weight"": 0.75}, {""technical_weight"": 0.0, ""validation_days"": 32, ""validation_mean_daily_rank_ic"": 0.12305737250604998, ""validation_objective"": 0.11990480654686786, ""validation_positive_ic_ratio"": 0.9375, ""validation_rank_ic_standard_error"": 0.012610263836728482, ""xgboost_weight"": 1.0}]",purged_validation_blended_signal_to_return,0.02703740376258082,0.015278646282669728
23,2024-03-29,validation_blend,0.75,0.25,0.15749151534596798,0.01414834756549736,0.15395442845459364,30,1.0,"[{""technical_weight"": 0.75, ""validation_days"": 30, ""validation_mean_daily_rank_ic"": 0.12368785035296298, ""validation_objective"": 0.11953853369771351, ""validation_positive_ic_ratio"": 0.8333333333333334, ""validation_rank_ic_standard_error"": 0.016597266620997864, ""xgboost_weight"": 0.25}, {""technical_weight"": 0.5, ""validation_days"": 30, ""validation_mean_daily_rank_ic"": 0.15667790888061076, ""validation_objective"": 0.1528561678789506, ""validation_positive_ic_ratio"": 1.0, ""validation_rank_ic_standard_error"": 0.01528696400664062, ""xgboost_weight"": 0.5}, {""technical_weight"": 0.25, ""validation_days"": 30, ""validation_mean_daily_rank_ic"": 0.15749151534596798, ""validation_objective"": 0.15395442845459364, ""validation_positive_ic_ratio"": 1.0, ""validation_rank_ic_standard_error"": 0.01414834756549736, ""xgboost_weight"": 0.75}, {""technical_weight"": 0.0, ""validation_days"": 30, ""validation_mean_daily_rank_ic"": 0.1422545071550939, ""validation_objective"": 0.13888700317317895, ""validation_positive_ic_ratio"": 1.0, ""validation_rank_ic_standard_error"": 0.013470015927659852, ""xgboost_weight"": 1.0}]",purged_validation_blended_signal_to_return,0.05043387570024026,0.024087291587845505
24,2024-04-29,validation_blend,0.5,0.5,0.11127313731216697,0.012283507997929282,0.10820226031268465,31,0.9354838709677419,"[{""technical_weight"": 0.75, ""validation_days"": 31, ""validation_mean_daily_rank_ic"": 0.09514849389197971, ""validation_objective"": 0.09219573950806159, ""validation_positive_ic_ratio"": 0.9032258064516129, ""validation_rank_ic_standard_error"": 0.011811017535672473, ""xgboost_weight"": 0.25}, {""technical_weight"": 0.5, ""validation_days"": 31, ""validation_mean_daily_rank_ic"": 0.11127313731216697, ""validation_objective"": 0.10820226031268465, ""validation_positive_ic_ratio"": 0.9354838709677419, ""validation_rank_ic_standard_error"": 0.012283507997929282, ""xgboost_weight"": 0.5}, {""technical_weight"": 0.25, ""validation_days"": 31, ""validation_mean_daily_rank_ic"": 0.10122744344234348, ""validation_objective"": 0.09863091396930129, ""validation_positive_ic_ratio"": 0.9354838709677419, ""validation_rank_ic_standard_error"": 0.010386117892168766, ""xgboost_weight"": 0.75}, {""technical_weight"": 0.0, ""validation_days"": 31, ""validation_mean_daily_rank_ic"": 0.08470646683153601, ""validation_objective"": 0.08235192239957516, ""validation_positive_ic_ratio"": 0.967741935483871, ""validation_rank_ic_standard_error"": 0.009418177727843416, ""xgboost_weight"": 1.0}]",purged_validation_blended_signal_to_return,0.03980883138016777,0.009837000288296927
25,2024-05-30,validation_blend,1.0,0.0,0.14249880344158689,0.005138566313682551,0.14121416186316624,32,1.0,"[{""technical_weight"": 0.75, ""validation_days"": 32, ""validation_mean_daily_rank_ic"": 0.034298192664691585, ""validation_objective"": 0.030250233605272105, ""validation_positive_ic_ratio"": 0.625, ""validation_rank_ic_standard_error"": 0.016191836237677917, ""xgboost_weight"": 0.25}, {""technical_weight"": 0.5, ""validation_days"": 32, ""validation_mean_daily_rank_ic"": 0.11017404835173457, ""validation_objective"": 0.10782659752759695, ""validation_positive_ic_ratio"": 1.0, ""validation_rank_ic_standard_error"": 0.009389803296550474, ""xgboost_weight"": 0.5}, {""technical_weight"": 0.25, ""validation_days"": 32, ""validation_mean_daily_rank_ic"": 0.14115722860630556, ""validation_objective"": 0.13994676837626324, ""validation_positive_ic_ratio"": 1.0, ""validation_rank_ic_standard_error"": 0.004841840920169259, ""xgboost_weight"": 0.75}, {""technical_weight"": 0.0, ""validation_days"": 32, ""validation_mean_daily_rank_ic"": 0.14249880344158689, ""validation_objective"": 0.14121416186316624, ""validation_positive_ic_ratio"": 1.0, ""validation_rank_ic_standard_error"": 0.005138566313682551, ""xgboost_weight"": 1.0}]",purged_validation_blended_signal_to_return,0.02987727523576392,0.010613364293407312
26,2024-06-28,validation_blend,1.0,0.0,0.005159801298037492,0.022250985532153225,-0.0004029450850008146,30,0.7,"[{""technical_weight"": 0.75, ""validation_days"": 30, ""validation_mean_daily_rank_ic"": -0.08824258727270501, ""validation_objective"": -0.09402755866256343, ""validation_positive_ic_ratio"": 0.23333333333333334, ""validation_rank_ic_standard_error"": 0.02313988555943369, ""xgboost_weight"": 0.25}, {""technical_weight"": 0.5, ""validation_days"": 30, ""validation_mean_daily_rank_ic"": -0.05082347138069557, ""validation_objective"": -0.057086204546596395, ""validation_positive_ic_ratio"": 0.4, ""validation_rank_ic_standard_error"": 0.02505093266360331, ""xgboost_weight"": 0.5}, {""technical_weight"": 0.25, ""validation_days"": 30, ""validation_mean_daily_rank_ic"": -0.016742950729356106, ""validation_objective"": -0.022776891810680683, ""validation_positive_ic_ratio"": 0.6, ""validation_rank_ic_standard_error"": 0.0241357643252983, ""xgboost_weight"": 0.75}, {""technical_weight"": 0.0, ""validation_days"": 30, ""validation_mean_daily_rank_ic"": 0.005159801298037492, ""validation_objective"": -0.0004029450850008146, ""validation_positive_ic_ratio"": 0.7, ""validation_rank_ic_standard_error"": 0.022250985532153225, ""xgboost_weight"": 1.0}]",purged_validation_blended_signal_to_return,-0.003557074182514863,0.00011012525594644718
27,2024-07-30,validation_blend,0.75,0.25,0.0559927177163128,0.016403585646050677,0.05189182130480013,32,0.625,"[{""technical_weight"": 0.75, ""validation_days"": 32, ""validation_mean_daily_rank_ic"": 0.027257333376358345, ""validation_objective"": 0.022492781843572264, ""validation_positive_ic_ratio"": 0.625, ""validation_rank_ic_standard_error"": 0.019058206131144322, ""xgboost_weight"": 0.25}, {""technical_weight"": 0.5, ""validation_days"": 32, ""validation_mean_daily_rank_ic"": 0.04658609706368272, ""validation_objective"": 0.04265483503812907, ""validation_positive_ic_ratio"": 0.59375, ""validation_rank_ic_standard_error"": 0.015725048102214593, ""xgboost_weight"": 0.5}, {""technical_weight"": 0.25, ""validation_days"": 32, ""validation_mean_daily_rank_ic"": 0.0559927177163128, ""validation_objective"": 0.05189182130480013, ""validation_positive_ic_ratio"": 0.625, ""validation_rank_ic_standard_error"": 0.016403585646050677, ""xgboost_weight"": 0.75}, {""technical_weight"": 0.0, ""validation_days"": 32, ""validation_mean_daily_rank_ic"": 0.0551296578440722, ""validation_objective"": 0.050633540969611125, ""validation_positive_ic_ratio"": 0.625, ""validation_rank_ic_standard_error"": 0.0179844674978443, ""xgboost_weight"": 1.0}]",purged_validation_blended_signal_to_return,0.014416609431116587,0.001183917097033027
28,2024-08-30,validation_blend,0.25,0.75,0.14033814661360774,0.014210360833521968,0.13678555640522724,31,1.0,"[{""technical_weight"": 0.75, ""validation_days"": 31, ""validation_mean_daily_rank_ic"": 0.14033814661360774, ""validation_objective"": 0.13678555640522724, ""validation_positive_ic_ratio"": 1.0, ""validation_rank_ic_standard_error"": 0.014210360833521968, ""xgboost_weight"": 0.25}, {""technical_weight"": 0.5, ""validation_days"": 31, ""validation_mean_daily_rank_ic"": 0.13742853750176554, ""validation_objective"": 0.13542881140410337, ""validation_positive_ic_ratio"": 1.0, ""validation_rank_ic_standard_error"": 0.00799890439064862, ""xgboost_weight"": 0.5}, {""technical_weight"": 0.25, ""validation_days"": 31, ""validation_mean_daily_rank_ic"": 0.11215007371832529, ""validation_objective"": 0.11030736743006823, ""validation_positive_ic_ratio"": 1.0, ""validation_rank_ic_standard_error"": 0.007370825153028205, ""xgboost_weight"": 0.75}, {""technical_weight"": 0.0, ""validation_days"": 31, ""validation_mean_daily_rank_ic"": 0.0821099559266132, ""validation_objective"": 0.0798879048159793, ""validation_positive_ic_ratio"": 0.967741935483871, ""validation_rank_ic_standard_error"": 0.008888204442535649, ""xgboost_weight"": 1.0}]",purged_validation_blended_signal_to_return,0.070132913216967,0.01797266401957176
29,2024-09-27,validation_blend,0.75,0.25,0.06394661105671925,0.015955517969946875,0.059957731564232536,31,0.6774193548387096,"[{""technical_weight"": 0.75, ""validation_days"": 31, ""validation_mean_daily_rank_ic"": 0.018106112974384456, ""validation_objective"": 0.013310767055213139, ""validation_positive_ic_ratio"": 0.5161290322580645, ""validation_rank_ic_standard_error"": 0.019181383676685267, ""xgboost_weight"": 0.25}, {""technical_weight"": 0.5, ""validation_days"": 31, ""validation_mean_daily_rank_ic"": 0.04817061186935005, ""validation_objective"": 0.04562005615778198, ""validation_positive_ic_ratio"": 0.7741935483870968, ""validation_rank_ic_standard_error"": 0.010202222846272275, ""xgboost_weight"": 0.5}, {""technical_weight"": 0.25, ""validation_days"": 31, ""validation_mean_daily_rank_ic"": 0.06394661105671925, ""validation_objective"": 0.059957731564232536, ""validation_positive_ic_ratio"": 0.6774193548387096, ""validation_rank_ic_standard_error"": 0.015955517969946875, ""xgboost_weight"": 0.75}, {""technical_weight"": 0.0, ""validation_days"": 31, ""validation_mean_daily_rank_ic"": 0.06382391336539965, ""validation_objective"": 0.05877283594109196, ""validation_positive_ic_ratio"": 0.5806451612903226, ""validation_rank_ic_standard_error"": 0.020204309697230777, ""xgboost_weight"": 1.0}]",purged_validation_blended_signal_to_return,0.02145188884991764,0.0029534393464127895
30,2024-10-30,validation_blend,1.0,0.0,0.12498564587728067,0.011305272856693284,0.12215932766310734,32,1.0,"[{""technical_weight"": 0.75, ""validation_days"": 32, ""validation_mean_daily_rank_ic"": 0.02067547034552067, ""validation_objective"": 0.0169641693275989, ""validation_positive_ic_ratio"": 0.6875, ""validation_rank_ic_standard_error"": 0.01484520407168707, ""xgboost_weight"": 0.25}, {""technical_weight"": 0.5, ""validation_days"": 32, ""validation_mean_daily_rank_ic"": 0.08754167000050012, ""validation_objective"": 0.08581969240397377, ""validation_positive_ic_ratio"": 0.96875, ""validation_rank_ic_standard_error"": 0.006887910386105379, ""xgboost_weight"": 0.5}, {""technical_weight"": 0.25, ""validation_days"": 32, ""validation_mean_daily_rank_ic"": 0.1163354588755742, ""validation_objective"": 0.11430565111906227, ""validation_positive_ic_ratio"": 1.0, ""validation_rank_ic_standard_error"": 0.008119231026047705, ""xgboost_weight"": 0.75}, {""technical_weight"": 0.0, ""validation_days"": 32, ""validation_mean_daily_rank_ic"": 0.12498564587728067, ""validation_objective"": 0.12215932766310734, ""validation_positive_ic_ratio"": 1.0, ""validation_rank_ic_standard_error"": 0.011305272856693284, ""xgboost_weight"": 1.0}]",purged_validation_blended_signal_to_return,0.020644153741175127,0.009005604254785915
31,2024-11-29,validation_blend,1.0,0.0,0.07756249719665093,0.008107246786789335,0.0755356854999536,31,0.9354838709677419,"[{""technical_weight"": 0.75, ""validation_days"": 31, ""validation_mean_daily_rank_ic"": 0.04871275886478988, ""validation_objective"": 0.046261239542605616, ""validation_positive_ic_ratio"": 0.7419354838709677, ""validation_rank_ic_standard_error"": 0.009806077288737053, ""xgboost_weight"": 0.25}, {""technical_weight"": 0.5, ""validation_days"": 31, ""validation_mean_daily_rank_ic"": 0.06784734612677643, ""validation_objective"": 0.06551205375424587, ""validation_positive_ic_ratio"": 0.8709677419354839, ""validation_rank_ic_standard_error"": 0.009341169490122219, ""xgboost_weight"": 0.5}, {""technical_weight"": 0.25, ""validation_days"": 31, ""validation_mean_daily_rank_ic"": 0.07764077704614349, ""validation_objective"": 0.07546619124186842, ""validation_positive_ic_ratio"": 0.9032258064516129, ""validation_rank_ic_standard_error"": 0.008698343217100283, ""xgboost_weight"": 0.75}, {""technical_weight"": 0.0, ""validation_days"": 31, ""validation_mean_daily_rank_ic"": 0.07756249719665093, ""validation_objective"": 0.0755356854999536, ""validation_positive_ic_ratio"": 0.9354838709677419, ""validation_rank_ic_standard_error"": 0.008107246786789335, ""xgboost_weight"": 1.0}]",purged_validation_blended_signal_to_return,0.01335240946249205,0.003881658608383076
32,2024-12-30,validation_blend,1.0,0.0,0.04915154152519262,0.01092659917375307,0.04641989173175435,32,0.75,"[{""technical_weight"": 0.75, ""validation_days"": 32, ""validation_mean_daily_rank_ic"": 0.031289117456342844, ""validation_objective"": 0.028451129593484843, ""validation_positive_ic_ratio"": 0.75, ""validation_rank_ic_standard_error"": 0.011351951451431995, ""xgboost_weight"": 0.25}, {""technical_weight"": 0.5, ""validation_days"": 32, ""validation_mean_daily_rank_ic"": 0.04370624847241549, ""validation_objective"": 0.040803082277730426, ""validation_positive_ic_ratio"": 0.75, ""validation_rank_ic_standard_error"": 0.011612664778740274, ""xgboost_weight"": 0.5}, {""technical_weight"": 0.25, ""validation_days"": 32, ""validation_mean_daily_rank_ic"": 0.04793552730160591, ""validation_objective"": 0.045143694813993114, ""validation_positive_ic_ratio"": 0.78125, ""validation_rank_ic_standard_error"": 0.011167329950451188, ""xgboost_weight"": 0.75}, {""technical_weight"": 0.0, ""validation_days"": 32, ""validation_mean_daily_rank_ic"": 0.04915154152519262, ""validation_objective"": 0.04641989173175435, ""validation_positive_ic_ratio"": 0.75, ""validation_rank_ic_standard_error"": 0.01092659917375307, ""xgboost_weight"": 1.0}]",purged_validation_blended_signal_to_return,0.0039946224600989335,0.00026765360329283894
33,2025-01-30,validation_blend,1.0,0.0,0.09282565207966653,0.009679319339219982,0.09040582224486153,32,0.96875,"[{""technical_weight"": 0.75, ""validation_days"": 32, ""validation_mean_daily_rank_ic"": 0.042598466572066236, ""validation_objective"": 0.04022581287306746, ""validation_positive_ic_ratio"": 0.84375, ""validation_rank_ic_standard_error"": 0.009490614795995101, ""xgboost_weight"": 0.25}, {""technical_weight"": 0.5, ""validation_days"": 32, ""validation_mean_daily_rank_ic"": 0.07372340129594165, ""validation_objective"": 0.07140310880697864, ""validation_positive_ic_ratio"": 0.90625, ""validation_rank_ic_standard_error"": 0.00928116995585207, ""xgboost_weight"": 0.5}, {""technical_weight"": 0.25, ""validation_days"": 32, ""validation_mean_daily_rank_ic"": 0.08731202628426402, ""validation_objective"": 0.08481523350387307, ""validation_positive_ic_ratio"": 0.9375, ""validation_rank_ic_standard_error"": 0.009987171121563762, ""xgboost_weight"": 0.75}, {""technical_weight"": 0.0, ""validation_days"": 32, ""validation_mean_daily_rank_ic"": 0.09282565207966653, ""validation_objective"": 0.09040582224486153, ""validation_positive_ic_ratio"": 0.96875, ""validation_rank_ic_standard_error"": 0.009679319339219982, ""xgboost_weight"": 1.0}]",purged_validation_blended_signal_to_return,0.013877922772441582,0.0032465744104430705
34,2025-02-27,validation_blend,1.0,0.0,0.1085001604193851,0.00799044588062021,0.10650254894923004,32,1.0,"[{""technical_weight"": 0.75, ""validation_days"": 32, ""validation_mean_daily_rank_ic"": 0.0348772664440264, ""validation_objective"": 0.03262039700112705, ""validation_positive_ic_ratio"": 0.78125, ""validation_rank_ic_standard_error"": 0.009027477771597413, ""xgboost_weight"": 0.25}, {""technical_weight"": 0.5, ""validation_days"": 32, ""validation_mean_daily_rank_ic"": 0.0753674315285507, ""validation_objective"": 0.07308001957472111, ""validation_positive_ic_ratio"": 0.9375, ""validation_rank_ic_standard_error"": 0.00914964781531836, ""xgboost_weight"": 0.5}, {""technical_weight"": 0.25, ""validation_days"": 32, ""validation_mean_daily_rank_ic"": 0.09723222568985093, ""validation_objective"": 0.09503035078693749, ""validation_positive_ic_ratio"": 0.96875, ""validation_rank_ic_standard_error"": 0.008807499611653799, ""xgboost_weight"": 0.75}, {""technical_weight"": 0.0, ""validation_days"": 32, ""validation_mean_daily_rank_ic"": 0.1085001604193851, ""validation_objective"": 0.10650254894923004, ""validation_positive_ic_ratio"": 1.0, ""validation_rank_ic_standard_error"": 0.00799044588062021, ""xgboost_weight"": 1.0}]",purged_validation_blended_signal_to_return,0.016710663847183806,0.005095528180066311
35,2025-03-28,validation_blend,1.0,0.0,0.1061695086348906,0.011610055881622262,0.10326699466448502,30,0.9666666666666667,"[{""technical_weight"": 0.75, ""validation_days"": 30, ""validation_mean_daily_rank_ic"": 0.0012183526333630489, ""validation_objective"": -0.002193346824309914, ""validation_positive_ic_ratio"": 0.5333333333333333, ""validation_rank_ic_standard_error"": 0.01364679783069185, ""xgboost_weight"": 0.25}, {""technical_weight"": 0.5, ""validation_days"": 30, ""validation_mean_daily_rank_ic"": 0.05575105945429838, ""validation_objective"": 0.05272335745631782, ""validation_positive_ic_ratio"": 0.8666666666666667, ""validation_rank_ic_standard_error"": 0.012110807991922228, ""xgboost_weight"": 0.5}, {""technical_weight"": 0.25, ""validation_days"": 30, ""validation_mean_daily_rank_ic"": 0.0913036244866658, ""validation_objective"": 0.08839266033759048, ""validation_positive_ic_ratio"": 0.9666666666666667, ""validation_rank_ic_standard_error"": 0.01164385659630128, ""xgboost_weight"": 0.75}, {""technical_weight"": 0.0, ""validation_days"": 30, ""validation_mean_daily_rank_ic"": 0.1061695086348906, ""validation_objective"": 0.10326699466448502, ""validation_positive_ic_ratio"": 0.9666666666666667, ""validation_rank_ic_standard_error"": 0.011610055881622262, ""xgboost_weight"": 1.0}]",purged_validation_blended_signal_to_return,0.01625562795839876,0.003784118727479413
36,2025-04-29,validation_blend,1.0,0.0,0.029885715209299852,0.010000003697531984,0.027385714284916856,30,0.7,"[{""technical_weight"": 0.75, ""validation_days"": 30, ""validation_mean_daily_rank_ic"": -0.03632585804205625, ""validation_objective"": -0.03954244285936425, ""validation_positive_ic_ratio"": 0.4, ""validation_rank_ic_standard_error"": 0.012866339269232004, ""xgboost_weight"": 0.25}, {""technical_weight"": 0.5, ""validation_days"": 30, ""validation_mean_daily_rank_ic"": -0.009286522039980784, ""validation_objective"": -0.01141726276585859, ""validation_positive_ic_ratio"": 0.5666666666666667, ""validation_rank_ic_standard_error"": 0.008522962903511216, ""xgboost_weight"": 0.5}, {""technical_weight"": 0.25, ""validation_days"": 30, ""validation_mean_daily_rank_ic"": 0.014994705790066575, ""validation_objective"": 0.012908313489216764, ""validation_positive_ic_ratio"": 0.6, ""validation_rank_ic_standard_error"": 0.008345569203399248, ""xgboost_weight"": 0.75}, {""technical_weight"": 0.0, ""validation_days"": 30, ""validation_mean_daily_rank_ic"": 0.029885715209299852, ""validation_objective"": 0.027385714284916856, ""validation_positive_ic_ratio"": 0.7, ""validation_rank_ic_standard_error"": 0.010000003697531984, ""xgboost_weight"": 1.0}]",purged_validation_blended_signal_to_return,0.002714315635770117,7.687902888331433e-05
37,2025-05-30,validation_blend,0.25,0.75,0.08814196494434229,0.024939126504633858,0.08190718331818382,31,0.8064516129032258,"[{""technical_weight"": 0.75, ""validation_days"": 31, ""validation_mean_daily_rank_ic"": 0.08814196494434229, ""validation_objective"": 0.08190718331818382, ""validation_positive_ic_ratio"": 0.8064516129032258, ""validation_rank_ic_standard_error"": 0.024939126504633858, ""xgboost_weight"": 0.25}, {""technical_weight"": 0.5, ""validation_days"": 31, ""validation_mean_daily_rank_ic"": 0.08137486341372015, ""validation_objective"": 0.07804517827400989, ""validation_positive_ic_ratio"": 0.8064516129032258, ""validation_rank_ic_standard_error"": 0.01331874055884104, ""xgboost_weight"": 0.5}, {""technical_weight"": 0.25, ""validation_days"": 31, ""validation_mean_daily_rank_ic"": 0.07062130459146507, ""validation_objective"": 0.06749930469938561, ""validation_positive_ic_ratio"": 0.8387096774193549, ""validation_rank_ic_standard_error"": 0.012487999568317804, ""xgboost_weight"": 0.75}, {""technical_weight"": 0.0, ""validation_days"": 31, ""validation_mean_daily_rank_ic"": 0.056821681522804444, ""validation_objective"": 0.05293594174252308, ""validation_positive_ic_ratio"": 0.7741935483870968, ""validation_rank_ic_standard_error"": 0.015542959121125464, ""xgboost_weight"": 1.0}]",purged_validation_blended_signal_to_return,0.05853937995130178,0.008706867513776473
38,2025-06-27,validation_blend,1.0,0.0,0.11519401367048304,0.02991691370016469,0.10771478524544187,31,0.7096774193548387,"[{""technical_weight"": 0.75, ""validation_days"": 31, ""validation_mean_daily_rank_ic"": -0.12680928207522862, ""validation_objective"": -0.13554367848832236, ""validation_positive_ic_ratio"": 0.22580645161290322, ""validation_rank_ic_standard_error"": 0.03493758565237493, ""xgboost_weight"": 0.25}, {""technical_weight"": 0.5, ""validation_days"": 31, ""validation_mean_daily_rank_ic"": 0.010897994770832467, ""validation_objective"": 0.00715175864067431, ""validation_positive_ic_ratio"": 0.5161290322580645, ""validation_rank_ic_standard_error"": 0.014984944520632626, ""xgboost_weight"": 0.5}, {""technical_weight"": 0.25, ""validation_days"": 31, ""validation_mean_daily_rank_ic"": 0.09161986041016042, ""validation_objective"": 0.08551426927977057, ""validation_positive_ic_ratio"": 0.7419354838709677, ""validation_rank_ic_standard_error"": 0.024422364521559374, ""xgboost_weight"": 0.75}, {""technical_weight"": 0.0, ""validation_days"": 31, ""validation_mean_daily_rank_ic"": 0.11519401367048304, ""validation_objective"": 0.10771478524544187, ""validation_positive_ic_ratio"": 0.7096774193548387, ""validation_rank_ic_standard_error"": 0.02991691370016469, ""xgboost_weight"": 1.0}]",purged_validation_blended_signal_to_return,0.023018808097067453,0.004889449272847068
39,2025-07-30,validation_blend,1.0,0.0,0.03560417445520715,0.020781387244829565,0.030408827643999763,32,0.5625,"[{""technical_weight"": 0.75, ""validation_days"": 32, ""validation_mean_daily_rank_ic"": -0.13034830771342987, ""validation_objective"": -0.1338807591849243, ""validation_positive_ic_ratio"": 0.0, ""validation_rank_ic_standard_error"": 0.014129805885977719, ""xgboost_weight"": 0.25}, {""technical_weight"": 0.5, ""validation_days"": 32, ""validation_mean_daily_rank_ic"": -0.0507345370142155, ""validation_objective"": -0.053864995379555414, ""validation_positive_ic_ratio"": 0.25, ""validation_rank_ic_standard_error"": 0.012521833461359669, ""xgboost_weight"": 0.5}, {""technical_weight"": 0.25, ""validation_days"": 32, ""validation_mean_daily_rank_ic"": 0.008619250721151961, ""validation_objective"": 0.0041294950820650825, ""validation_positive_ic_ratio"": 0.53125, ""validation_rank_ic_standard_error"": 0.017959022556347515, ""xgboost_weight"": 0.75}, {""technical_weight"": 0.0, ""validation_days"": 32, ""validation_mean_daily_rank_ic"": 0.03560417445520715, ""validation_objective"": 0.030408827643999763, ""validation_positive_ic_ratio"": 0.5625, ""validation_rank_ic_standard_error"": 0.020781387244829565, ""xgboost_weight"": 1.0}]",purged_validation_blended_signal_to_return,0.005316022208967436,0.0004131812063702389
40,2025-08-29,validation_blend,1.0,0.0,-0.06718721264505315,0.017635955430455527,-0.07159620150266703,30,0.26666666666666666,"[{""technical_weight"": 0.75, ""validation_days"": 30, ""validation_mean_daily_rank_ic"": -0.0966958121234212, ""validation_objective"": -0.10229736515670663, ""validation_positive_ic_ratio"": 0.13333333333333333, ""validation_rank_ic_standard_error"": 0.02240621213314178, ""xgboost_weight"": 0.25}, {""technical_weight"": 0.5, ""validation_days"": 30, ""validation_mean_daily_rank_ic"": -0.09416296585696861, ""validation_objective"": -0.09913940915926901, ""validation_positive_ic_ratio"": 0.16666666666666666, ""validation_rank_ic_standard_error"": 0.0199057732092016, ""xgboost_weight"": 0.5}, {""technical_weight"": 0.25, ""validation_days"": 30, ""validation_mean_daily_rank_ic"": -0.07944519876728558, ""validation_objective"": -0.08393680124067537, ""validation_positive_ic_ratio"": 0.3, ""validation_rank_ic_standard_error"": 0.017966409893559212, ""xgboost_weight"": 0.75}, {""technical_weight"": 0.0, ""validation_days"": 30, ""validation_mean_daily_rank_ic"": -0.06718721264505315, ""validation_objective"": -0.07159620150266703, ""validation_positive_ic_ratio"": 0.26666666666666666, ""validation_rank_ic_standard_error"": 0.017635955430455527, ""xgboost_weight"": 1.0}]",purged_validation_blended_signal_to_return,-0.024416454930886573,0.006046766858436969
41,2025-09-29,validation_blend,0.25,0.75,0.1444964962377255,0.020098694369518895,0.13947182264534577,32,0.8125,"[{""technical_weight"": 0.75, ""validation_days"": 32, ""validation_mean_daily_rank_ic"": 0.1444964962377255, ""validation_objective"": 0.13947182264534577, ""validation_positive_ic_ratio"": 0.8125, ""validation_rank_ic_standard_error"": 0.020098694369518895, ""xgboost_weight"": 0.25}, {""technical_weight"": 0.5, ""validation_days"": 32, ""validation_mean_daily_rank_ic"": 0.11065972275505678, ""validation_objective"": 0.1071954834442977, ""validation_positive_ic_ratio"": 0.84375, ""validation_rank_ic_standard_error"": 0.013856957243036308, ""xgboost_weight"": 0.5}, {""technical_weight"": 0.25, ""validation_days"": 32, ""validation_mean_daily_rank_ic"": 0.06322183452579858, ""validation_objective"": 0.060441131162030995, ""validation_positive_ic_ratio"": 0.875, ""validation_rank_ic_standard_error"": 0.011122813455070319, ""xgboost_weight"": 0.75}, {""technical_weight"": 0.0, ""validation_days"": 32, ""validation_mean_daily_rank_ic"": 0.031548884430178226, ""validation_objective"": 0.02873661283904975, ""validation_positive_ic_ratio"": 0.6875, ""validation_rank_ic_standard_error"": 0.011249086364513893, ""xgboost_weight"": 1.0}]",purged_validation_blended_signal_to_return,0.10521929970048052,0.021957968569953912
42,2025-10-30,validation_blend,0.75,0.25,0.11873482201909219,0.020356240543478604,0.11364576188322253,32,0.84375,"[{""technical_weight"": 0.75, ""validation_days"": 32, ""validation_mean_daily_rank_ic"": 0.008930509842730389, ""validation_objective"": 0.0038605779745691455, ""validation_positive_ic_ratio"": 0.5, ""validation_rank_ic_standard_error"": 0.020279727472644973, ""xgboost_weight"": 0.25}, {""technical_weight"": 0.5, ""validation_days"": 32, ""validation_mean_daily_rank_ic"": 0.09121394846584577, ""validation_objective"": 0.08763337355138938, ""validation_positive_ic_ratio"": 0.84375, ""validation_rank_ic_standard_error"": 0.01432229965782557, ""xgboost_weight"": 0.5}, {""technical_weight"": 0.25, ""validation_days"": 32, ""validation_mean_daily_rank_ic"": 0.11873482201909219, ""validation_objective"": 0.11364576188322253, ""validation_positive_ic_ratio"": 0.84375, ""validation_rank_ic_standard_error"": 0.020356240543478604, ""xgboost_weight"": 0.75}, {""technical_weight"": 0.0, ""validation_days"": 32, ""validation_mean_daily_rank_ic"": 0.11816802558400129, ""validation_objective"": 0.1122895759147811, ""validation_positive_ic_ratio"": 0.78125, ""validation_rank_ic_standard_error"": 0.023513798676880745, ""xgboost_weight"": 1.0}]",purged_validation_blended_signal_to_return,0.028091536830924836,0.003567924164640024
43,2025-11-28,validation_blend,0.75,0.25,0.2207864045247357,0.011880836337817247,0.21781619544028138,30,1.0,"[{""technical_weight"": 0.75, ""validation_days"": 30, ""validation_mean_daily_rank_ic"": 0.06069804728326089, ""validation_objective"": 0.056731286043820786, ""validation_positive_ic_ratio"": 0.7333333333333333, ""validation_rank_ic_standard_error"": 0.01586704495776042, ""xgboost_weight"": 0.25}, {""technical_weight"": 0.5, ""validation_days"": 30, ""validation_mean_daily_rank_ic"": 0.18046143946795376, ""validation_objective"": 0.17748759690370824, ""validation_positive_ic_ratio"": 0.9666666666666667, ""validation_rank_ic_standard_error"": 0.01189537025698201, ""xgboost_weight"": 0.5}, {""technical_weight"": 0.25, ""validation_days"": 30, ""validation_mean_daily_rank_ic"": 0.2207864045247357, ""validation_objective"": 0.21781619544028138, ""validation_positive_ic_ratio"": 1.0, ""validation_rank_ic_standard_error"": 0.011880836337817247, ""xgboost_weight"": 0.75}, {""technical_weight"": 0.0, ""validation_days"": 30, ""validation_mean_daily_rank_ic"": 0.22081572877583538, ""validation_objective"": 0.21765913184713584, ""validation_positive_ic_ratio"": 1.0, ""validation_rank_ic_standard_error"": 0.012626387714798204, ""xgboost_weight"": 1.0}]",purged_validation_blended_signal_to_return,0.06210722779187353,0.025205016416219972
