policy_id,lookback,threshold,switching_cost_bps,sample,method,mean_exposure,observations,cumulative_return,annualized_return,annualized_volatility,sharpe_zero_rf,sortino_zero_rf,maximum_drawdown
MG_L5_T0_C25,5,0.0,25.0,development,AUR,0.6206896551724138,604,-0.10565882557372486,-0.045521288431309426,0.1393086083810829,-0.3267657968902006,-0.31001675729139905,-0.377780557928759
MG_L5_T0_C25,5,0.0,25.0,development,QAUR,0.6206896551724138,604,-0.10565882557372486,-0.045521288431309426,0.1393086083810829,-0.3267657968902006,-0.31001675729139905,-0.377780557928759
MG_L5_T0_C25,5,0.0,25.0,historical_holdout,AUR,0.8,312,0.2131967405575046,0.16893567390463549,0.09305524340758065,1.8154342272224213,2.8422556516432826,-0.07358473365463125
MG_L5_T0_C25,5,0.0,25.0,historical_holdout,QAUR,0.8,312,0.28184781066191156,0.22207731932237085,0.1029344926188121,2.15746261211749,3.366309219046215,-0.06738260805028184
MG_L5_T0_C25,5,0.0,25.0,observed_2026,AUR,0.75,160,0.08161471080351301,0.1315254383467468,0.14885078882599873,0.8836059209635453,1.1885015806663684,-0.11049221815333665
MG_L5_T0_C25,5,0.0,25.0,observed_2026,QAUR,0.75,160,0.08155137751584918,0.1314210872503241,0.14885790818059474,0.8828626497349656,1.1874662422337434,-0.11049221815333765
MG_L10_T0_C25,10,0.0,25.0,development,AUR,0.5172413793103449,604,0.04086490601507098,0.016850840764625064,0.09948013281632198,0.1693890054985964,0.1620577301596601,-0.24648869055168154
MG_L10_T0_C25,10,0.0,25.0,development,QAUR,0.5172413793103449,604,0.04086490601507098,0.016850840764625064,0.09948013281632198,0.1693890054985964,0.1620577301596601,-0.24648869055168154
MG_L10_T0_C25,10,0.0,25.0,historical_holdout,AUR,0.7333333333333333,312,0.28404194697683893,0.22376659424142242,0.09166888028621654,2.441031171568355,3.7237439618602144,-0.044996244595239654
MG_L10_T0_C25,10,0.0,25.0,historical_holdout,QAUR,0.7333333333333333,312,0.345784268393057,0.2710788039928942,0.10267887346635751,2.640064064217772,3.9839547530420254,-0.049575744522266096
MG_L10_T0_C25,10,0.0,25.0,observed_2026,AUR,0.5,160,0.12327520858030594,0.2009245520994487,0.1086531434321274,1.849229076607072,1.8923963495531153,-0.03739451144014039
MG_L10_T0_C25,10,0.0,25.0,observed_2026,QAUR,0.5,160,0.12320943588768452,0.2008138009051037,0.10866307892366314,1.8480407779184806,1.891004094879973,-0.0373945114401405
MG_L15_T0_C25,15,0.0,25.0,development,AUR,0.41379310344827586,604,-0.01731962302710932,-0.007262873254207158,0.08699267467409297,-0.08348833141889926,-0.07025007515717833,-0.199664153213699
MG_L15_T0_C25,15,0.0,25.0,development,QAUR,0.41379310344827586,604,-0.01731962302710932,-0.007262873254207158,0.08699267467409297,-0.08348833141889926,-0.07025007515717833,-0.199664153213699
MG_L15_T0_C25,15,0.0,25.0,historical_holdout,AUR,0.8,312,0.2570857654642398,0.20297408705773523,0.10041705246860853,2.021310943389691,2.896385908789837,-0.0896334375760478
MG_L15_T0_C25,15,0.0,25.0,historical_holdout,QAUR,0.8,312,0.31354206124921946,0.24642541197653878,0.10606749449012493,2.323288705565506,3.4808814898303817,-0.06571051517943849
MG_L15_T0_C25,15,0.0,25.0,observed_2026,AUR,0.5,160,0.05034538268642175,0.08043365981616835,0.104498933850519,0.7697079467932664,0.726133499769343,-0.07784495961642024
MG_L15_T0_C25,15,0.0,25.0,observed_2026,QAUR,0.5,160,0.05034538268642175,0.08043365981616835,0.104498933850519,0.7697079467932664,0.726133499769343,-0.07784495961642024
MG_L20_T0_C25,20,0.0,25.0,development,AUR,0.5172413793103449,604,0.14088419549059594,0.05653099409077256,0.08734521702562031,0.6472133909082938,0.5781729400676098,-0.16374728273794914
MG_L20_T0_C25,20,0.0,25.0,development,QAUR,0.5172413793103449,604,0.14088419549059594,0.05653099409077256,0.08734521702562031,0.6472133909082938,0.5781729400676098,-0.16374728273794914
MG_L20_T0_C25,20,0.0,25.0,historical_holdout,AUR,0.7333333333333333,312,0.22981990037909772,0.18185528508764714,0.09686766407485889,1.8773580102758565,2.527766498873296,-0.0896334375760478
MG_L20_T0_C25,20,0.0,25.0,historical_holdout,QAUR,0.7333333333333333,312,0.2850637717173996,0.22455311197795091,0.10266479894586815,2.187245426705122,3.0904915781493765,-0.06571051517943827
MG_L20_T0_C25,20,0.0,25.0,observed_2026,AUR,0.5,160,0.05034538268642175,0.08043365981616835,0.104498933850519,0.7697079467932664,0.726133499769343,-0.07784495961642024
MG_L20_T0_C25,20,0.0,25.0,observed_2026,QAUR,0.5,160,0.05034538268642175,0.08043365981616835,0.104498933850519,0.7697079467932664,0.726133499769343,-0.07784495961642024
MG_L30_T0_C25,30,0.0,25.0,development,AUR,0.5862068965517241,604,0.23625290605827032,0.09251871227757857,0.09427059854679225,0.9814164087613796,0.9657108623082789,-0.15767689819290243
MG_L30_T0_C25,30,0.0,25.0,development,QAUR,0.5862068965517241,604,0.23625290605827032,0.09251871227757857,0.09427059854679225,0.9814164087613796,0.9657108623082789,-0.15767689819290243
MG_L30_T0_C25,30,0.0,25.0,historical_holdout,AUR,0.8,312,0.1443004895215454,0.11501927590377314,0.13199145653910055,0.8714145515145547,0.9845646337478852,-0.13096078514839293
MG_L30_T0_C25,30,0.0,25.0,historical_holdout,QAUR,0.8,312,0.1957028037921107,0.15530246507473722,0.13635997573960013,1.1389153175805093,1.3270107975106833,-0.13096078514839293
MG_L30_T0_C25,30,0.0,25.0,observed_2026,AUR,0.625,160,0.08806889061322698,0.14217807583933983,0.12310319179318253,1.1549503613050403,1.4008467072596442,-0.0778449596164208
MG_L30_T0_C25,30,0.0,25.0,observed_2026,QAUR,0.625,160,0.0880051794050154,0.1420727423395527,0.12311181758897778,1.1540138479140811,1.3996270194316665,-0.07784495961642057
MG_L40_T0_C25,40,0.0,25.0,development,AUR,0.5172413793103449,604,0.18470425985207584,0.07327604472619509,0.09025173698499103,0.8119073069849169,0.7451038733698269,-0.16963346095223775
MG_L40_T0_C25,40,0.0,25.0,development,QAUR,0.5172413793103449,604,0.18470425985207584,0.07327604472619509,0.09025173698499103,0.8119073069849169,0.7451038733698269,-0.16963346095223775
MG_L40_T0_C25,40,0.0,25.0,historical_holdout,AUR,0.7333333333333333,312,0.11473023593845233,0.09168833392170961,0.1298004564355388,0.7063791333217972,0.7552840404369465,-0.13096078514839293
MG_L40_T0_C25,40,0.0,25.0,historical_holdout,QAUR,0.7333333333333333,312,0.1427357410310024,0.11378761853507013,0.13256320886527279,0.8583649981701579,0.9402411246189427,-0.13096078514839293
MG_L40_T0_C25,40,0.0,25.0,observed_2026,AUR,0.5,160,0.04248634213346292,0.0677285091599229,0.10932621849969079,0.6195083859057511,0.639132804703147,-0.05014955772766738
MG_L40_T0_C25,40,0.0,25.0,observed_2026,QAUR,0.5,160,0.04242514529237029,0.06762979198953056,0.10933779993082492,0.6185399014093764,0.6380461055782642,-0.050149557727667604
MG_L60_T0_C25,60,0.0,25.0,development,AUR,0.6551724137931034,604,0.1283990923089089,0.051691643179701874,0.1311632483520793,0.39410157821760305,0.3786744562427093,-0.30203319479990964
MG_L60_T0_C25,60,0.0,25.0,development,QAUR,0.6551724137931034,604,0.1283990923089089,0.051691643179701874,0.1311632483520793,0.39410157821760305,0.3786744562427093,-0.30203319479990964
MG_L60_T0_C25,60,0.0,25.0,historical_holdout,AUR,0.6666666666666666,312,-0.0025573788669852604,-0.002066083684397868,0.12388612233626958,-0.016677281082297546,-0.016502719641920773,-0.13096078514839316
MG_L60_T0_C25,60,0.0,25.0,historical_holdout,QAUR,0.6666666666666666,312,0.023781175154775402,0.019164360327158292,0.12168137199821487,0.1574962544590592,0.15537167192471993,-0.13096078514839316
MG_L60_T0_C25,60,0.0,25.0,observed_2026,AUR,0.375,160,0.020278603654201532,0.03212447600425761,0.0971543926742557,0.33065387081329634,0.26842112540830093,-0.07157112205442873
MG_L60_T0_C25,60,0.0,25.0,observed_2026,QAUR,0.375,160,0.020278603654201532,0.03212447600425761,0.0971543926742557,0.33065387081329634,0.26842112540830093,-0.07157112205442873
MG_L90_T0_C25,90,0.0,25.0,development,AUR,0.4482758620689655,604,0.032718655908931416,0.013522884345423813,0.0794065501048711,0.17029935600481738,0.1359099854034633,-0.1522509558934404
MG_L90_T0_C25,90,0.0,25.0,development,QAUR,0.4482758620689655,604,0.032718655908931416,0.013522884345423813,0.0794065501048711,0.17029935600481738,0.1359099854034633,-0.1522509558934404
MG_L90_T0_C25,90,0.0,25.0,historical_holdout,AUR,0.6666666666666666,312,0.02036617612412317,0.016417648628205717,0.12637599216526596,0.12991113538982807,0.13332178341829481,-0.13096078514839327
MG_L90_T0_C25,90,0.0,25.0,historical_holdout,QAUR,0.6666666666666666,312,0.06753796295687287,0.054204815519873106,0.12603744771835812,0.43006913025562515,0.4442260935485917,-0.13096078514839327
MG_L90_T0_C25,90,0.0,25.0,observed_2026,AUR,0.25,160,0.03955360774883965,0.06300143718265239,0.09053805267571875,0.6958558895485129,0.49819571225958015,-0.06641663639870699
MG_L90_T0_C25,90,0.0,25.0,observed_2026,QAUR,0.25,160,0.03949273732333447,0.06290340547986784,0.0905494777193449,0.6946854588696232,0.49732215024098647,-0.06641663639870687
MG_L120_T0_C25,120,0.0,25.0,development,AUR,0.5172413793103449,604,0.03643386040177443,0.0150425331222388,0.11826347170826812,0.12719509164542084,0.10092874290273819,-0.30203319479990964
MG_L120_T0_C25,120,0.0,25.0,development,QAUR,0.5172413793103449,604,0.03643386040177443,0.0150425331222388,0.11826347170826812,0.12719509164542084,0.10092874290273819,-0.30203319479990964
MG_L120_T0_C25,120,0.0,25.0,historical_holdout,AUR,0.6666666666666666,312,0.10866669140408991,0.08688957439906964,0.1335700026219155,0.6505171273000575,0.7092078624624448,-0.13096078514839293
MG_L120_T0_C25,120,0.0,25.0,historical_holdout,QAUR,0.6666666666666666,312,0.16786044578206227,0.13352512688457385,0.13716685697483874,0.9734503642455486,1.0845357224208814,-0.13096078514839293
MG_L120_T0_C25,120,0.0,25.0,observed_2026,AUR,0.375,160,0.0911207686737161,0.1472278865017853,0.1018031546818309,1.4462016129256698,1.2633909428037982,-0.03739451144014039
MG_L120_T0_C25,120,0.0,25.0,observed_2026,QAUR,0.375,160,0.0910568787646513,0.1471220873003336,0.10181359232335925,1.4450142062866704,1.2622482738199194,-0.0373945114401405
MG_L160_T0_C25,160,0.0,25.0,development,AUR,0.5517241379310345,604,0.021783029061678727,0.00903125071298172,0.12219235211274651,0.07391011431426259,0.059575480446860146,-0.30203319479990964
MG_L160_T0_C25,160,0.0,25.0,development,QAUR,0.5517241379310345,604,0.021783029061678727,0.00903125071298172,0.12219235211274651,0.07391011431426259,0.059575480446860146,-0.30203319479990964
MG_L160_T0_C25,160,0.0,25.0,historical_holdout,AUR,0.8,312,0.12152178189029894,0.09705728688451876,0.13558735652017628,0.7158284472496225,0.8441828120629838,-0.1366936632208784
MG_L160_T0_C25,160,0.0,25.0,historical_holdout,QAUR,0.8,312,0.18140189320011135,0.14412910897867515,0.1391204095136605,1.036002621632039,1.248211220728708,-0.1366936632208784
MG_L160_T0_C25,160,0.0,25.0,observed_2026,AUR,0.625,160,0.15269104501772923,0.25082872974262793,0.1381857091781103,1.8151568004715293,2.4194816907329817,-0.07598449611010538
MG_L160_T0_C25,160,0.0,25.0,observed_2026,QAUR,0.625,160,0.15262354989880156,0.25071337630473023,0.13819363828071235,1.8142179294495224,2.418081800794487,-0.07598449611010516
MG_L200_T0_C25,200,0.0,25.0,development,AUR,0.5862068965517241,604,-0.06279751986806204,-0.026696277526181644,0.12642971915543755,-0.2111550805025535,-0.18332486739532874,-0.30203319479990964
MG_L200_T0_C25,200,0.0,25.0,development,QAUR,0.5862068965517241,604,-0.06279751986806204,-0.026696277526181644,0.12642971915543755,-0.2111550805025535,-0.18332486739532874,-0.30203319479990964
MG_L200_T0_C25,200,0.0,25.0,historical_holdout,AUR,0.9333333333333333,312,0.15382676863688038,0.12251070896834793,0.13534060812885493,0.905202885239795,1.1095906931099684,-0.13096078514839304
MG_L200_T0_C25,200,0.0,25.0,historical_holdout,QAUR,0.9333333333333333,312,0.21544314519817398,0.1706835717195596,0.13879725517305044,1.2297330484436004,1.542373341305333,-0.13096078514839304
MG_L200_T0_C25,200,0.0,25.0,observed_2026,AUR,0.75,160,0.18527107277895305,0.30696168028294557,0.13600677863939975,2.2569586851020524,3.1691264197359255,-0.05179061230882831
MG_L200_T0_C25,200,0.0,25.0,observed_2026,QAUR,0.75,160,0.18520166995643295,0.3068411501740389,0.13601495163929048,2.2559369133753533,3.167434053996538,-0.051790612308827755
MG_L252_T0_C25,252,0.0,25.0,development,AUR,0.5517241379310345,604,-0.03623243016597277,-0.015279566435949188,0.12982225424454377,-0.11769604930112638,-0.10125724745472534,-0.30203319479990964
MG_L252_T0_C25,252,0.0,25.0,development,QAUR,0.5517241379310345,604,-0.03623243016597277,-0.015279566435949188,0.12982225424454377,-0.11769604930112638,-0.10125724745472534,-0.30203319479990964
MG_L252_T0_C25,252,0.0,25.0,historical_holdout,AUR,0.9333333333333333,312,0.14540790899548428,0.11589076106168616,0.13648857824096464,0.8490876127164727,1.058901446196737,-0.13096078514839293
MG_L252_T0_C25,252,0.0,25.0,historical_holdout,QAUR,0.9333333333333333,312,0.20656334457711734,0.16377067764323372,0.13997815769242766,1.169973089680785,1.4905808168225247,-0.13096078514839293
MG_L252_T0_C25,252,0.0,25.0,observed_2026,AUR,0.875,160,0.1538827039291366,0.25286598991200737,0.1478159285960988,1.710681604571546,2.6309435307622966,-0.10778780420055822
MG_L252_T0_C25,252,0.0,25.0,observed_2026,QAUR,0.875,160,0.1538151390333511,0.2527504485947003,0.14782334854040252,1.7098141199637316,2.6294617228329646,-0.10778780420055745
