fold,decision_time,ticker,xgb_signal,momentum_signal,liquidity_20d,volatility_20d,return_20d,return_60d
52,2026-07-31,AAM,0.4380952380952381,0.8238095238095238,50188400.0,0.020124188821034186,0.0718849840255591,-0.0014880952380952328
52,2026-07-31,ASM,0.29523809523809524,0.6000000000000001,3339500000.0,0.01867939598363368,-0.014975041597337757,-0.02310231023102305
52,2026-07-31,ASP,0.8857142857142857,0.9904761904761905,3047500000.0,0.030983241967068392,0.3134657836644592,0.4949748743718594
52,2026-07-31,AST,0.8571428571428571,0.8714285714285714,493000000.0,0.010211768298725749,0.027287319422151013,0.0847457627118644
52,2026-07-31,BKG,0.5333333333333333,0.16666666666666669,799500000.0,0.016203671516717335,-0.12552301255230125,-0.16733067729083662
52,2026-07-31,BMP,0.780952380952381,0.8238095238095238,23588000000.0,0.015511887105955363,-0.001953125,0.0804905553989288
52,2026-07-31,BTP,0.3142857142857143,0.37142857142857144,204000000.0,0.005012587988664082,-0.07831325301204817,-0.08820023837902269
52,2026-07-31,BWE,0.6857142857142857,0.6761904761904762,5443500000.0,0.009004635983968497,-0.0284625728372927,0.018562030075188085
52,2026-07-31,CCI,0.9904761904761905,0.2714285714285714,4769366.584158416,0.026226931703452982,-0.12429378531073443,-0.11529680365296802
52,2026-07-31,CCL,0.6476190476190476,0.1,149500000.0,0.02049585711619883,-0.14823529411764702,-0.19733924611973397
52,2026-07-31,CIG,0.09523809523809523,0.9380952380952381,206500000.0,0.023835946138267644,0.054131054131054235,0.17460317460317465
52,2026-07-31,CLC,0.6095238095238096,0.7333333333333334,136000000.0,0.014596168260242057,-0.005714285714285672,0.007138722747443538
52,2026-07-31,CLL,0.8666666666666667,0.7428571428571429,289500000.0,0.007539218118923187,0.0,0.005116959064327631
52,2026-07-31,CLW,0.9714285714285714,0.1904761904761905,16151250.0,0.031879960219631756,-0.35593220338983056,-0.11525029103608853
52,2026-07-31,CSM,0.7619047619047619,0.9523809523809523,7659500000.0,0.015187503463143024,0.06959706959706957,0.23206751054852326
52,2026-07-31,CTI,0.13333333333333333,0.3904761904761905,5246500000.0,0.016095619892469822,-0.050055005500549976,-0.12468322351748606
52,2026-07-31,DAH,0.7047619047619048,0.1904761904761905,184000000.0,0.029595475414878836,-0.23492063492063497,-0.11721611721611724
52,2026-07-31,DCL,0.6285714285714286,0.7666666666666666,24656500000.0,0.0068054318600541674,0.0026075619295957697,0.009186351706036655
52,2026-07-31,DCM,0.9142857142857143,0.21904761904761905,73162000000.0,0.02672693067670725,-0.08138839018551769,-0.19231781110234147
52,2026-07-31,DGW,0.8285714285714286,0.26190476190476186,26922000000.0,0.025133560320258392,-0.09068322981366461,-0.13413768630234213
52,2026-07-31,DHC,0.0761904761904762,0.6761904761904762,9387500000.0,0.0265322485941495,-0.01791044776119388,0.007348438456828088
52,2026-07-31,DLG,0.38095238095238093,0.19523809523809524,1697500000.0,0.027574127679738564,-0.125,-0.1578947368421053
52,2026-07-31,DMC,0.4857142857142857,0.6047619047619047,50500000.0,0.016229040965203126,-0.035593220338983045,-0.01043478260869568
52,2026-07-31,DQC,0.6571428571428571,0.33809523809523806,76688000.0,0.024875312188558495,-0.03598691384950925,-0.16917293233082709
52,2026-07-31,DSE,0.5428571428571428,0.5904761904761905,13809000000.0,0.013396006865698912,-0.038961038961038974,-0.008928571428571397
52,2026-07-31,DSN,0.4666666666666667,0.6619047619047619,120500000.0,0.019366801417555896,-0.013333333333333308,-0.003769520732364029
52,2026-07-31,DTA,0.4,0.8047619047619048,15746350.0,0.027039458379374926,0.0027855153203342198,0.03151862464183375
52,2026-07-31,DTL,0.580952380952381,0.5857142857142856,6095500.0,0.008150504191360711,0.03608247422680422,-0.12608695652173918
52,2026-07-31,DXV,0.6190476190476191,0.44285714285714284,6203100.0,0.03269839793026419,-0.04533333333333334,-0.0843989769820972
52,2026-07-31,EIB,0.9523809523809523,0.12857142857142856,121021500000.0,0.028417537214406034,-0.13801452784503632,-0.19638826185101577
52,2026-07-31,GVR,0.9619047619047619,0.07142857142857142,43612500000.0,0.024525540793932238,-0.15384615384615385,-0.22969187675070024
52,2026-07-31,HAG,0.3238095238095238,0.3333333333333333,31711500000.0,0.011296052976525483,-0.06040268456375841,-0.15407854984894265
52,2026-07-31,HAR,0.24761904761904763,0.3,137500000.0,0.012573211845169834,-0.078125,-0.13742690058479534
52,2026-07-31,HPX,0.2571428571428571,0.5333333333333333,3557500000.0,0.024381271431922612,-0.009501187648456089,-0.09740259740259738
52,2026-07-31,HQC,0.9809523809523809,0.16666666666666666,4798500000.0,0.016223179772204697,-0.14800000000000002,-0.14800000000000002
52,2026-07-31,HRC,0.819047619047619,0.23333333333333334,44397500.0,0.039784863695421446,-0.12307692307692308,-0.13087674714104192
52,2026-07-31,HSG,0.7142857142857143,0.30952380952380953,33775000000.0,0.02293190692410837,-0.07359307359307343,-0.1405622489959838
52,2026-07-31,HSL,0.02857142857142857,0.9619047619047619,6296500000.0,0.05325643165126657,0.06555269922879181,0.6713709677419355
52,2026-07-31,HTI,0.17142857142857143,0.3,383500000.0,0.009522260111272846,-0.06426735218508994,-0.1651376146788991
52,2026-07-31,HTL,0.5047619047619047,0.5190476190476191,16107500.0,0.011100970416167135,-0.02137767220902609,-0.05069124423963134
52,2026-07-31,HTV,0.08571428571428572,0.8095238095238095,21409057.585647266,0.02197955930261668,0.028915662650602414,0.011049723756906049
52,2026-07-31,HU1,1.0,0.1,1484700.0,0.0224062312414782,-0.14075286415711952,-0.2279411764705882
52,2026-07-31,ICT,0.7523809523809524,0.6952380952380952,61253500.0,0.00786459346631153,0.012195121951219523,-0.021226415094339646
52,2026-07-31,ITC,0.18095238095238095,0.27142857142857146,896500000.0,0.020051495016343655,-0.10869565217391308,-0.12765957446808507
52,2026-07-31,JVC,0.44761904761904764,0.1,338000000.0,0.011827025652772393,-0.14161849710982655,-0.21842105263157896
52,2026-07-31,KMR,0.47619047619047616,0.29047619047619044,20135300.0,0.01108732097999036,-0.07317073170731703,-0.16176470588235292
52,2026-07-31,LDG,0.42857142857142855,0.1285714285714286,1693500000.0,0.02557006197529293,-0.14649681528662417,-0.18042813455657492
52,2026-07-31,LGL,0.21904761904761905,0.2523809523809524,110500000.0,0.008254031218270098,-0.06628787878787878,-0.20993589743589747
52,2026-07-31,MDG,0.7714285714285715,0.7476190476190476,158880000.0,0.03454604182832092,-0.009345794392523366,0.02203856749311295
52,2026-07-31,MHC,0.12380952380952381,0.5523809523809524,120000000.0,0.029551679546496488,-0.02872928176795575,-0.0319383259911894
52,2026-07-31,NAF,0.4095238095238095,0.6238095238095238,21227000000.0,0.019127619278221333,-0.006172839506172867,-0.033033033033033066
52,2026-07-31,NBB,0.638095238095238,0.638095238095238,539000000.0,0.006124939142897846,-0.014245014245014231,-0.011428571428571455
52,2026-07-31,NCT,0.37142857142857144,0.5666666666666667,2623500000.0,0.005017276020554992,-0.04126911139211409,-0.013368035017153668
52,2026-07-31,NVT,0.5714285714285714,0.7238095238095238,879200.0,0.029019743834874497,0.021798365122615904,-0.014454664914586024
52,2026-07-31,OGC,0.5142857142857142,0.028571428571428574,703000000.0,0.026151838369929455,-0.25263157894736843,-0.292358803986711
52,2026-07-31,PAN,0.2,0.24285714285714288,6725000000.0,0.01633139947061068,-0.08771929824561397,-0.16129032258064513
52,2026-07-31,PET,0.0380952380952381,0.8761904761904762,16223000000.0,0.022044471842473438,0.022329835889157934,0.1222681630242175
52,2026-07-31,PGC,0.34285714285714286,0.8,263500000.0,0.01958260400061715,0.016129032258064502,0.021897810218978186
52,2026-07-31,PHR,0.8761904761904762,0.30476190476190473,17944000000.0,0.019712850818305216,-0.10971786833855801,-0.11111111111111116
52,2026-07-31,PIT,0.3047619047619048,0.8952380952380953,33872500.0,0.03569127373332411,0.049350649350649256,0.07733333333333325
52,2026-07-31,PTL,0.6666666666666666,0.03333333333333333,135000000.0,0.028142390389384566,-0.16666666666666663,-0.32330827067669177
52,2026-07-31,PVD,0.5619047619047619,0.5095238095238095,90598000000.0,0.03468639520650571,-0.0692307692307692,-0.01679306608884068
52,2026-07-31,QCG,0.7428571428571429,0.06190476190476191,1657000000.0,0.0247203413072496,-0.1559322033898305,-0.27032967032967037
52,2026-07-31,QNP,0.8,0.7571428571428571,19295500.0,0.02117309911756367,-0.0078125,0.02221506761107528
52,2026-07-31,SCR,0.8952380952380953,0.2,7846000000.0,0.026504322355872613,-0.08599999999999997,-0.1996497373029772
52,2026-07-31,SFG,0.2857142857142857,0.8809523809523809,7178500.0,0.03248083084770402,0.04807692307692313,0.03908484270734025
52,2026-07-31,SFI,0.5904761904761905,0.580952380952381,43500000.0,0.01836235500724451,-0.052631578947368474,0.0014836795252226587
52,2026-07-31,SGN,0.5238095238095238,0.7523809523809524,295500000.0,0.011202467739015311,-0.01243339253996445,0.03731343283582089
52,2026-07-31,SHA,0.6952380952380952,0.6476190476190475,43969200.0,0.016492776980879954,-0.01749999999999996,-0.0025380710659898
52,2026-07-31,SKG,0.14285714285714285,0.23809523809523808,272000000.0,0.01431114062399259,-0.08664259927797835,-0.16317530319735396
52,2026-07-31,SPM,0.11428571428571428,0.9571428571428571,28757850.0,0.042732328780564814,0.28094059405940586,0.14491150442477885
52,2026-07-31,SRC,0.22857142857142856,0.5952380952380952,59606702.887909934,0.023620880808906296,-0.00374999999999992,-0.049606487002146316
52,2026-07-31,SRF,0.23809523809523808,0.7047619047619047,75376650.0,0.01707116716358431,-0.03589743589743588,0.06666666666666665
52,2026-07-31,ST8,0.26666666666666666,0.14761904761904762,192000000.0,0.01861384738328496,-0.13377926421404684,-0.18296529968454256
52,2026-07-31,STB,0.9333333333333333,0.6190476190476191,294083000000.0,0.01592998370274301,-0.009722222222222188,-0.029931972789115635
52,2026-07-31,STG,0.047619047619047616,0.9523809523809523,18553250.0,0.05595705992727901,0.3125,0.09129213483146059
52,2026-07-31,TCR,0.06666666666666667,0.6571428571428571,6032200.0,0.03847811373391101,0.045454545454545414,-0.061224489795918324
52,2026-07-31,TCX,0.41904761904761906,0.4,75107500000.0,0.02576519483309763,-0.0888888888888889,-0.03347477604903348
52,2026-07-31,TDC,0.9428571428571428,0.028571428571428574,2547000000.0,0.025174683331598533,-0.23152173913043483,-0.303448275862069
52,2026-07-31,TDG,0.20952380952380953,0.8428571428571429,230500000.0,0.02972874512564806,0.10924369747899165,0.0038022813688212143
52,2026-07-31,TLG,0.6,0.6095238095238096,3463500000.0,0.00984901138156803,-0.010084379501955176,-0.03160861687135097
52,2026-07-31,TMT,0.1523809523809524,0.6428571428571428,87112500.0,0.03079136984987494,0.004347826086956497,-0.03749999999999998
52,2026-07-31,TNC,0.8476190476190476,0.40476190476190477,7800000.0,0.03500516249541191,-0.08062015503875974,-0.04354838709677422
52,2026-07-31,TNI,0.009523809523809525,0.9904761904761905,10033000000.0,0.04278434827272002,0.32612966601178783,0.37755102040816335
52,2026-07-31,TNT,0.6761904761904762,0.19047619047619047,310225000.0,0.038223994199982736,-0.20260869565217388,-0.12248803827751198
52,2026-07-31,TRC,0.45714285714285713,0.5714285714285714,4045000000.0,0.014848159746291978,-0.08110818603485015,0.02646688138916109
52,2026-07-31,TTA,0.3523809523809524,0.480952380952381,2452500000.0,0.019695130450897165,-0.07423580786026196,-0.01851851851851849
52,2026-07-31,TTF,0.5523809523809524,0.08571428571428572,853000000.0,0.01067326561271987,-0.13397129186602874,-0.29844961240310075
52,2026-07-31,TVT,0.9238095238095239,0.7380952380952381,15044500.0,0.025246772262203593,-0.0033003300330033403,0.005996002664889977
52,2026-07-31,VCB,0.10476190476190476,0.5809523809523809,270142000000.0,0.019850711478025924,-0.03561554724345417,-0.014950166112956742
52,2026-07-31,VCF,0.3333333333333333,0.5428571428571428,206500000.0,0.019651742603672615,-0.02397838568051336,-0.036666666666666625
52,2026-07-31,VGC,0.1619047619047619,0.38095238095238093,14478500000.0,0.02155998489808313,-0.07389283092733057,-0.09167266618670511
52,2026-07-31,VID,0.7904761904761904,0.4380952380952381,16353700.0,0.0440876935377842,-0.0625,-0.052631578947368474
52,2026-07-31,VJC,0.49523809523809526,0.319047619047619,131273000000.0,0.014625925382103175,-0.11847672778561358,-0.07769497528222535
52,2026-07-31,VMD,0.3904761904761905,0.5,8994750.0,0.01058324338992982,-0.04137931034482756,-0.03472222222222221
52,2026-07-31,VNG,0.01904761904761905,0.8999999999999999,18218400.0,0.050901947512052494,0.08166409861325108,0.03539823008849563
52,2026-07-31,VOS,0.8095238095238095,0.2571428571428571,4739500000.0,0.022976957740960625,-0.11428571428571432,-0.12851405622489964
52,2026-07-31,VPD,0.3619047619047619,0.4857142857142857,93500000.0,0.014950226646916006,-0.03917050691244239,-0.047945205479452024
52,2026-07-31,VPH,0.7238095238095238,0.29523809523809524,67308800.0,0.02376015649148583,-0.09686609686609682,-0.12188365650969524
52,2026-07-31,VPI,0.9047619047619048,0.8666666666666667,75432000000.0,0.014841187243066104,0.039024390243902474,0.039024390243902474
52,2026-07-31,VPL,0.7333333333333333,0.3380952380952381,55283500000.0,0.02122238123243461,-0.07226107226107226,-0.13005464480874318
52,2026-07-31,VPS,0.05714285714285714,0.9285714285714286,96723650.0,0.030037370142881808,0.05280172413793105,0.17427884615384626
52,2026-07-31,VRC,0.19047619047619047,0.7142857142857143,2396180750.0,0.026040851141822693,0.03305785123966931,-0.0234375
52,2026-07-31,VRE,0.8380952380952381,0.12380952380952381,133044000000.0,0.03141329286018794,-0.1190053285968028,-0.2846841649841362
52,2026-07-31,VTO,0.2761904761904762,0.5619047619047619,826500000.0,0.01066078505803471,-0.014150943396226467,-0.03863845446182157
53,2026-08-28,AAM,0.6095238095238096,0.9380952380952381,49830700.0,0.017976553854779025,0.11624441132637853,0.2139384116693679
53,2026-08-28,ASM,0.5904761904761905,0.47619047619047616,1244000000.0,0.0065917002520112485,-0.016891891891891886,-0.008517887563884163
53,2026-08-28,ASP,0.009523809523809525,0.9761904761904763,2541500000.0,0.03163277956553704,0.1596638655462186,0.7898832684824904
53,2026-08-28,AST,0.7714285714285715,0.8285714285714285,272000000.0,0.01455800704715427,0.03125,0.11561866125760645
53,2026-08-28,BKG,0.29523809523809524,0.08095238095238094,452000000.0,0.018946162795405886,-0.1004784688995215,-0.19999999999999996
53,2026-08-28,BMP,0.6285714285714286,0.5238095238095238,11701500000.0,0.007804688206992995,-0.05544683626875402,0.08383233532934131
53,2026-08-28,BTP,0.06666666666666667,0.2761904761904762,265000000.0,0.006055538967378553,-0.033986928104575154,-0.11177884615384615
53,2026-08-28,BWE,0.38095238095238093,0.46190476190476193,6099500000.0,0.0071382486067963925,-0.02422145328719727,-0.016507788886305663
53,2026-08-28,CCI,0.9619047619047619,0.36666666666666664,15829586.757425744,0.026927599684491276,0.003225806451612856,-0.15258855585831066
53,2026-08-28,CCL,0.18095238095238095,0.4714285714285714,107500000.0,0.010091436862469908,0.0027624309392264568,-0.07161125319693096
53,2026-08-28,CIG,0.2761904761904762,0.5952380952380952,256071000.0,0.018416862563540026,-0.03648648648648645,0.17851239669421481
53,2026-08-28,CLC,0.780952380952381,0.7666666666666666,73500000.0,0.009407609921581059,0.02490421455938696,0.06765116743165045
53,2026-08-28,CLL,0.6571428571428571,0.5238095238095237,188000000.0,0.010556873606345333,-0.00909090909090915,-0.007285974499089298
53,2026-08-28,CLW,0.9428571428571428,0.980952380952381,7933250.0,0.04414332916145599,0.34736842105263155,0.19208381839348077
53,2026-08-28,CSM,0.5428571428571428,0.5142857142857143,2038000000.0,0.010250735154793952,-0.06164383561643838,0.09600000000000009
53,2026-08-28,CTI,0.1523809523809524,0.4,3774000000.0,0.00861403804443044,-0.015634047481181246,-0.06951286261631073
53,2026-08-28,DAH,0.6761904761904762,0.10952380952380952,171500000.0,0.024242087376894664,-0.053941908713692976,-0.3234421364985163
53,2026-08-28,DCL,0.6857142857142857,0.6142857142857143,37949500000.0,0.029444900183888637,0.0013003901170351995,0.025299600532623145
53,2026-08-28,DCM,0.3333333333333333,0.3666666666666667,70490500000.0,0.012394000041790892,0.004885993485342022,-0.15687346269472535
53,2026-08-28,DGW,0.47619047619047616,0.861904761904762,59991000000.0,0.02469966889787278,0.15300546448087426,0.057644110275689275
53,2026-08-28,DHC,0.8571428571428571,0.9285714285714286,14500000000.0,0.01892573348737712,0.12158054711246202,0.14667495338719694
53,2026-08-28,DLG,0.05714285714285714,0.3261904761904762,989500000.0,0.014357189765110641,0.0,-0.15471698113207544
53,2026-08-28,DMC,0.580952380952381,0.7380952380952381,35500000.0,0.01970827542481691,0.04920913884007039,0.005050505050504972
53,2026-08-28,DQC,0.1619047619047619,0.8476190476190476,74000000.0,0.023579519140592586,0.092760180995475,0.07095343680709543
53,2026-08-28,DSE,0.8,0.8,12914000000.0,0.011451021105211026,0.04054054054054057,0.07692307692307687
53,2026-08-28,DSN,0.7619047619047619,0.5904761904761905,72685500.0,0.005968666062847504,0.00540540540540535,-0.008000000000000007
53,2026-08-28,DTA,0.5047619047619047,0.43333333333333335,14084250.0,0.026785916485575954,-0.0444444444444444,-0.0028985507246376274
53,2026-08-28,DTL,0.7333333333333333,0.6428571428571428,1919500.0,0.005629971248790867,0.04477611940298498,-0.05405405405405406
53,2026-08-28,DXV,0.8857142857142857,0.20952380952380953,439850.0,0.012061529545607632,-0.06145251396648044,-0.12271540469973885
53,2026-08-28,EIB,0.3142857142857143,0.20476190476190476,84986000000.0,0.013940957642856605,-0.028089887640449396,-0.1800947867298578
53,2026-08-28,GVR,0.21904761904761905,0.7,85805500000.0,0.027533925889292276,0.17636363636363628,-0.0704022988505747
53,2026-08-28,HAG,0.5619047619047619,0.5095238095238095,25121000000.0,0.0049607704333346474,0.014285714285714235,-0.08090614886731395
53,2026-08-28,HAR,0.22857142857142856,0.09047619047619047,136000000.0,0.018059462466821434,-0.09491525423728808,-0.20771513353115723
53,2026-08-28,HPX,0.19047619047619047,0.48095238095238096,4148000000.0,0.014926579906063117,-0.004796163069544335,-0.04597701149425293
53,2026-08-28,HQC,0.2,0.4095238095238095,5365000000.0,0.02089873579313302,0.018779342723004744,-0.1717557251908397
53,2026-08-28,HRC,0.4666666666666667,0.3380952380952381,57172500.0,0.02092646962128285,0.00877192982456143,-0.22297297297297303
53,2026-08-28,HSG,0.4380952380952381,0.5095238095238095,21087000000.0,0.01333311861565124,0.01869158878504673,-0.09166666666666667
53,2026-08-28,HSL,0.9238095238095239,0.9952380952380953,3487500000.0,0.027081535956794873,0.2605548854041013,0.9904761904761905
53,2026-08-28,HTI,0.10476190476190476,0.49523809523809526,194000000.0,0.007722168723122418,0.027472527472527375,-0.1241217798594848
53,2026-08-28,HTL,0.8476190476190476,0.7047619047619047,19243500.0,0.01413649298315444,0.02669902912621369,-0.002358490566037763
53,2026-08-28,HTV,0.8095238095238095,0.5523809523809524,63711564.18127457,0.025386872003064973,-0.00858704137392663,0.005542359461599311
53,2026-08-28,HU1,1.0,0.10952380952380952,1623300.0,0.03389954370509975,-0.10476190476190472,-0.1607142857142857
53,2026-08-28,ICT,0.8761904761904762,0.719047619047619,175500000.0,0.00753850960755296,0.024096385542168752,0.02471368294153109
53,2026-08-28,ITC,0.2571428571428571,0.2523809523809524,528000000.0,0.011677408602464552,-0.009756097560975618,-0.19444444444444442
53,2026-08-28,JVC,0.047619047619047616,0.22857142857142856,335500000.0,0.012683360146218455,-0.010101010101010055,-0.22427440633245388
53,2026-08-28,KMR,0.26666666666666666,0.4285714285714286,28839000.0,0.01511642415635146,0.021929824561403466,-0.16785714285714282
53,2026-08-28,LDG,0.23809523809523808,0.6095238095238096,1508500000.0,0.02601716469920207,0.00746268656716409,-0.007352941176470562
53,2026-08-28,LGL,0.3047619047619048,0.4809523809523809,78747500.0,0.013371929634596234,0.0020283975659229903,-0.06616257088846877
53,2026-08-28,MDG,0.4857142857142857,0.2571428571428571,127860500.0,0.025339616362595914,-0.06873315363881405,-0.0811170212765957
53,2026-08-28,MHC,0.3619047619047619,0.12857142857142856,95000000.0,0.02941318739163214,-0.12741751990898753,-0.14205816554809847
53,2026-08-28,NAF,0.8380952380952381,0.4714285714285714,15964500000.0,0.0014776009145832667,0.0031055900621117516,-0.07361376673040154
53,2026-08-28,NBB,0.4095238095238095,0.4095238095238095,378500000.0,0.007882791096290687,-0.034682080924855474,-0.03746397694524495
53,2026-08-28,NCT,0.37142857142857144,0.5666666666666667,1871500000.0,0.0028982394240862864,0.0023980815347721673,-0.00771513353115727
53,2026-08-28,NVT,0.5523809523809524,0.3904761904761905,6035350.0,0.0330050166654643,-0.028000000000000025,-0.06056701030927836
53,2026-08-28,OGC,0.24761904761904763,0.39999999999999997,538500000.0,0.02545233095173733,0.028169014084507005,-0.2675585284280937
53,2026-08-28,PAN,0.0761904761904762,0.2,9202500000.0,0.011898621773787086,-0.060096153846153855,-0.15000000000000002
53,2026-08-28,PET,0.6,0.8047619047619048,16744500000.0,0.016829372861342607,0.023684210526315752,0.13147178592204778
53,2026-08-28,PGC,0.5714285714285714,0.9095238095238095,671500000.0,0.02145853061715967,0.11904761904761907,0.1398544866612772
53,2026-08-28,PHR,0.4,0.7047619047619047,21827500000.0,0.01948326663548469,0.08626760563380276,-0.04341085271317835
53,2026-08-28,PIT,0.02857142857142857,0.8761904761904762,54090150.0,0.04012569819559746,0.060643564356435586,0.144192256341789
53,2026-08-28,PTL,0.09523809523809523,0.3190476190476191,94000000.0,0.011151223137366544,0.011111111111111072,-0.2806324110671937
53,2026-08-28,PVD,0.5333333333333333,0.7904761904761904,62067000000.0,0.016696652580835535,0.05509641873278248,0.04076086956521752
53,2026-08-28,QCG,0.08571428571428572,0.6285714285714286,1146500000.0,0.019515716833192198,0.11947791164658628,-0.09716599190283404
53,2026-08-28,QNP,0.49523809523809526,0.5619047619047619,33288750.0,0.019342989549970796,-0.014173228346456734,0.03300330033003296
53,2026-08-28,SCR,0.11428571428571428,0.3738095238095238,4849000000.0,0.013470681036725832,0.0,-0.11605415860735013
53,2026-08-28,SFG,0.7142857142857143,0.5285714285714286,5028000.0,0.029536876809106678,-0.032110091743119296,0.05817452357071207
53,2026-08-28,SFI,0.5238095238095238,0.44761904761904764,15271500.0,0.017107392275380606,-0.022222222222222254,-0.03965078210258277
53,2026-08-28,SGN,0.638095238095238,0.49523809523809526,542000000.0,0.005527951486098952,-0.02877697841726623,0.018867924528301883
53,2026-08-28,SHA,0.819047619047619,0.5833333333333333,20869350.0,0.015895866115797307,0.0,0.007692307692307665
53,2026-08-28,SKG,0.14285714285714285,0.5238095238095238,509000000.0,0.008887080718982138,0.01976284584980248,-0.09154929577464788
53,2026-08-28,SPM,0.2857142857142857,0.519047619047619,18295250.0,0.03929448693123476,-0.034782608695652195,0.06276595744680846
53,2026-08-28,SRC,0.8952380952380953,0.23809523809523808,14182910.425844347,0.03706236749225868,-0.07151819322459219,-0.09446891825746451
53,2026-08-28,SRF,0.6666666666666666,0.20476190476190476,79726000.0,0.032392111416495534,-0.06515957446808507,-0.12124999999999997
53,2026-08-28,ST8,0.3523809523809524,0.01904761904761905,271500000.0,0.022654642956404895,-0.1853281853281853,-0.31493506493506496
53,2026-08-28,STB,0.9523809523809523,0.8333333333333334,245703000000.0,0.01609406099085286,0.058906030855540026,0.08166189111747846
53,2026-08-28,STG,0.9904761904761905,0.29047619047619044,9201750.0,0.04132805904766852,-0.22651222651222647,-0.019575856443719397
53,2026-08-28,TCR,0.6952380952380952,0.20952380952380953,2301100.0,0.026941736690099603,-0.07826086956521738,-0.10924369747899154
53,2026-08-28,TCX,0.41904761904761906,0.5761904761904761,72999000000.0,0.017563131672124466,-0.004878048780487809,0.025125628140703515
53,2026-08-28,TDC,0.0380952380952381,0.35714285714285715,800000000.0,0.01844585386963601,0.018387553041018467,-0.24607329842931935
53,2026-08-28,TDG,0.7047619047619048,0.2761904761904762,58804250.0,0.032104575282049144,-0.125,-0.04938271604938271
53,2026-08-28,TLG,0.7428571428571429,0.8857142857142857,8492500000.0,0.017890072818377366,0.09771309771309777,0.10901071203528678
53,2026-08-28,TMT,0.8666666666666667,0.3142857142857143,61178750.0,0.036439857987511065,-0.038961038961038974,-0.07499999999999996
53,2026-08-28,TNC,0.9714285714285714,0.12380952380952381,5139500.0,0.026012855169320368,-0.08937605396290049,-0.17177914110429449
53,2026-08-28,TNI,0.7523809523809524,0.4857142857142857,6386500000.0,0.02812862582136563,-0.18518518518518523,0.15062761506276146
53,2026-08-28,TNT,0.01904761904761905,0.6952380952380952,327694000.0,0.032156295232501846,0.13413304252998914,-0.06726457399103136
53,2026-08-28,TRC,0.44761904761904764,0.9809523809523809,10421500000.0,0.02094014177934621,0.2046384720327421,0.22180711221807115
53,2026-08-28,TTA,0.7904761904761904,0.8523809523809525,4247500000.0,0.02135668173866279,0.08962264150943411,0.07943925233644866
53,2026-08-28,TTF,0.12380952380952381,0.11428571428571428,803000000.0,0.01508352174177027,-0.06077348066298338,-0.25110132158590304
53,2026-08-28,TVT,0.9142857142857143,0.6761904761904762,35924250.0,0.02870246455825556,0.019867549668874274,-0.002590673575129543
53,2026-08-28,VCB,0.9333333333333333,0.6000000000000001,260276000000.0,0.011528760460164066,0.013490725126475533,-0.017813368197417856
53,2026-08-28,VCF,0.6190476190476191,0.5809523809523809,46500000.0,0.012656282226731765,0.01695501730103799,-0.048867313915857635
53,2026-08-28,VGC,0.8285714285714286,0.8047619047619048,16189500000.0,0.018633108346448598,0.06869220607661819,0.03611680327868849
53,2026-08-28,VID,0.42857142857142855,0.4714285714285714,14237450.0,0.026983656225369194,0.004444444444444473,-0.07755102040816331
53,2026-08-28,VJC,0.9047619047619048,0.36904761904761907,174417000000.0,0.009337148136455151,0.0,-0.11965631382491726
53,2026-08-28,VMD,0.45714285714285713,0.41904761904761906,14420000.0,0.01371104238500499,-0.014388489208633115,-0.06164383561643838
53,2026-08-28,VNG,0.9809523809523809,0.319047619047619,7842700.0,0.027905853043531294,-0.09116809116809121,-0.04491017964071853
53,2026-08-28,VOS,0.13333333333333333,0.4714285714285714,4226500000.0,0.01444606908185252,0.01382488479262678,-0.09836065573770492
53,2026-08-28,VPD,0.3238095238095238,0.45238095238095244,101105500.0,0.008958313626522232,0.007194244604316502,-0.0975504941985389
53,2026-08-28,VPH,0.34285714285714286,0.21904761904761905,66262850.0,0.011840891878444629,-0.025236593059936863,-0.1737967914438503
53,2026-08-28,VPI,0.3904761904761905,0.8904761904761904,137867500000.0,0.01879950350444749,0.06572769953051649,0.15033783783783794
53,2026-08-28,VPL,0.6476190476190476,0.2619047619047619,44328500000.0,0.014877437898622881,-0.025125628140703515,-0.15191256830601096
53,2026-08-28,VPS,0.7238095238095238,0.4666666666666667,139000000.0,0.020238800464902184,-0.1003070624360286,0.08921933085501865
53,2026-08-28,VRC,0.17142857142857143,0.19523809523809527,790355500.0,0.010149336899551616,-0.09599999999999997,-0.09960159362549803
53,2026-08-28,VRE,0.20952380952380953,0.5190476190476191,147317500000.0,0.023129909600756518,0.05241935483870974,-0.1337537338201128
53,2026-08-28,VTO,0.5142857142857142,0.4666666666666667,517500000.0,0.007916411143463248,-0.004784688995215336,-0.05882352941176472
