config_id,market_gate_lookback,sample,method,observations,cumulative_return,annualized_return,annualized_volatility,sharpe_zero_rf,sortino_zero_rf,maximum_drawdown
C1_EW_X,0,development_2022_2024,AUR,604,-0.2321395046490219,-0.1043513850078952,0.17210038749276904,-0.6063402095028962,-0.7167532164701303,-0.5318473540832386
C1_EW_X,0,development_2022_2024,QAUR,604,-0.2321395046490219,-0.1043513850078952,0.17210038749276904,-0.6063402095028962,-0.7167532164701303,-0.5318473540832386
C1_EW_X,0,historical_holdout_2024_2025,AUR,312,0.18746299041047698,0.14886782528868814,0.14328505334808891,1.0389626957602949,1.3818972301119172,-0.12737058716780048
C1_EW_X,0,historical_holdout_2024_2025,QAUR,312,0.2364999194894184,0.18703755516967524,0.1447428563293743,1.2922057772858637,1.7429156332660447,-0.12737058716780048
C1_EW_X,0,observed_2026,AUR,160,0.16595838652966477,0.2735787515251453,0.16317457193445645,1.6766016192463844,2.5569644132360474,-0.11057419703129223
C1_EW_X,0,observed_2026,QAUR,160,0.16595838652966477,0.2735787515251453,0.16317457193445645,1.6766016192463844,2.5569644132360474,-0.11057419703129223
C1_EW_X,20,development_2022_2024,AUR,604,0.12230322191584597,0.04931748262451796,0.09204494360507852,0.5357978471486282,0.47925719427191815,-0.17284495159164937
C1_EW_X,20,development_2022_2024,QAUR,604,0.12230322191584597,0.04931748262451796,0.09204494360507852,0.5357978471486282,0.47925719427191815,-0.17284495159164937
C1_EW_X,20,historical_holdout_2024_2025,AUR,312,0.2378939105665674,0.18811831513358146,0.10518489554892511,1.7884536952939327,2.437175793057676,-0.09991819598496743
C1_EW_X,20,historical_holdout_2024_2025,QAUR,312,0.2807196605172324,0.22120853528735673,0.10813368995829609,2.0456948743048557,2.9137790623005446,-0.0719485075163635
C1_EW_X,20,observed_2026,AUR,160,0.047971557279746335,0.07659028326108919,0.11047086692313263,0.6933075243664188,0.6646877642836359,-0.08409561689610212
C1_EW_X,20,observed_2026,QAUR,160,0.047971557279746335,0.07659028326108919,0.11047086692313263,0.6933075243664188,0.6646877642836359,-0.08409561689610212
C1_EW_X,30,development_2022_2024,AUR,604,0.2306420633830677,0.09044719478050811,0.10050769026006671,0.8999032267727298,0.8861619977839481,-0.16638467081660913
C1_EW_X,30,development_2022_2024,QAUR,604,0.2306420633830677,0.09044719478050811,0.10050769026006671,0.8999032267727298,0.8861619977839481,-0.16638467081660913
C1_EW_X,30,historical_holdout_2024_2025,AUR,312,0.14609119209026455,0.1164283907232333,0.1369225006238184,0.8503232864780149,0.9969628463133448,-0.1273705871678006
C1_EW_X,30,historical_holdout_2024_2025,QAUR,312,0.1857409669168104,0.14752197859608995,0.1392470354867161,1.0594263503021812,1.2678131702280284,-0.1273705871678006
C1_EW_X,30,observed_2026,AUR,160,0.06648587699377129,0.10669843582081184,0.12630251832115624,0.8447847061093743,0.99605884380269,-0.08409561689610245
C1_EW_X,30,observed_2026,QAUR,160,0.06648587699377129,0.10669843582081184,0.12630251832115624,0.8447847061093743,0.99605884380269,-0.08409561689610245
C1_EW_X,40,development_2022_2024,AUR,604,0.1686311398091338,0.06717658789608238,0.09615956106999288,0.6985949930364773,0.6413428494561382,-0.18142193904365667
C1_EW_X,40,development_2022_2024,QAUR,604,0.1686311398091338,0.06717658789608238,0.09615956106999288,0.6985949930364773,0.6413428494561382,-0.18142193904365667
C1_EW_X,40,historical_holdout_2024_2025,AUR,312,0.11807633774993187,0.09433432739418612,0.13469350453536044,0.700362855058248,0.7781894600738156,-0.1273705871678006
C1_EW_X,40,historical_holdout_2024_2025,QAUR,312,0.13095911337418276,0.10450746037654168,0.13492544270289691,0.7745571056354804,0.8690710920043463,-0.1273705871678006
C1_EW_X,40,observed_2026,AUR,160,0.03307244205379134,0.052582082791960305,0.11080555008269032,0.4745437638522631,0.4724666482380831,-0.049905198010032126
C1_EW_X,40,observed_2026,QAUR,160,0.03307244205379134,0.052582082791960305,0.11080555008269032,0.4745437638522631,0.4724666482380831,-0.049905198010032126
C1_EW_M,0,development_2022_2024,AUR,604,-0.09903582145383705,-0.04257858069034415,0.18264894458100858,-0.2331170365534725,-0.249523360382715,-0.44635103342226
C1_EW_M,0,development_2022_2024,QAUR,604,-0.13589122570905643,-0.05911798610582919,0.1825986647496939,-0.3237591369403937,-0.34497650024081444,-0.4616836556906785
C1_EW_M,0,historical_holdout_2024_2025,AUR,312,0.2619687150568295,0.20674683303449126,0.1493160188972785,1.3846259400789551,1.9723400872134262,-0.13864071719566262
C1_EW_M,0,historical_holdout_2024_2025,QAUR,312,0.2619687150568295,0.20674683303449126,0.1493160188972785,1.3846259400789551,1.9723400872134262,-0.13864071719566262
C1_EW_M,0,observed_2026,AUR,160,0.0049581172856685285,0.00782015837661132,0.15517579952768118,0.05039547661693416,0.06427597049473453,-0.08788615445389392
C1_EW_M,0,observed_2026,QAUR,160,0.0049581172856685285,0.00782015837661132,0.15517579952768118,0.05039547661693416,0.06427597049473453,-0.08788615445389392
C1_EW_M,20,development_2022_2024,AUR,604,0.1423899047889059,0.05711253260158067,0.09613439082806917,0.5940905445973351,0.5181154008219243,-0.1661923275976549
C1_EW_M,20,development_2022_2024,QAUR,604,0.07145984121507887,0.029215932446382098,0.09455507613677325,0.30898322586215743,0.2667991361555734,-0.1661923275976549
C1_EW_M,20,historical_holdout_2024_2025,AUR,312,0.3424804777753041,0.268557889617425,0.11279642307858712,2.3809078540577153,3.7222666039607604,-0.049158190246127664
C1_EW_M,20,historical_holdout_2024_2025,QAUR,312,0.3424804777753041,0.268557889617425,0.11279642307858712,2.3809078540577153,3.7222666039607604,-0.049158190246127664
C1_EW_M,20,observed_2026,AUR,160,-0.05380496963020742,-0.08342175770726057,0.10822684636226636,-0.7708046617936549,-0.6039235828950901,-0.09716681448006936
C1_EW_M,20,observed_2026,QAUR,160,-0.05380496963020742,-0.08342175770726057,0.10822684636226636,-0.7708046617936549,-0.6039235828950901,-0.09716681448006936
C1_EW_M,30,development_2022_2024,AUR,604,0.19073477730795685,0.07555206821452898,0.10246422389291139,0.7373507097803311,0.7066253742272037,-0.1661923275976549
C1_EW_M,30,development_2022_2024,QAUR,604,0.1168110046469073,0.047171982885490404,0.10097204056502068,0.4671786627419313,0.44430443699917316,-0.1661923275976549
C1_EW_M,30,historical_holdout_2024_2025,AUR,312,0.17425260101230933,0.13853359984991354,0.14249508291484628,0.9721991595506486,1.2172185009229999,-0.13864071719566295
C1_EW_M,30,historical_holdout_2024_2025,QAUR,312,0.17425260101230933,0.13853359984991354,0.14249508291484628,0.9721991595506486,1.2172185009229999,-0.13864071719566295
C1_EW_M,30,observed_2026,AUR,160,-0.06317696878706736,-0.09767985068964302,0.1273772670267494,-0.766854659153035,-0.7494755302847576,-0.10546142842935602
C1_EW_M,30,observed_2026,QAUR,160,-0.06317696878706736,-0.09767985068964302,0.1273772670267494,-0.766854659153035,-0.7494755302847576,-0.10546142842935602
C1_EW_M,40,development_2022_2024,AUR,604,0.1419759263047633,0.05695268942477383,0.09925934678421143,0.5737765890056507,0.5106990843209966,-0.1661923275976549
C1_EW_M,40,development_2022_2024,QAUR,604,0.07108725445550101,0.029066596061448235,0.09766688940096219,0.29760951986622686,0.2630436976511821,-0.1661923275976549
C1_EW_M,40,historical_holdout_2024_2025,AUR,312,0.1462715082060504,0.1165702591059472,0.1403347378454179,0.8306586159326579,0.9879832943437353,-0.13864071719566295
C1_EW_M,40,historical_holdout_2024_2025,QAUR,312,0.1462715082060504,0.1165702591059472,0.1403347378454179,0.8306586159326579,0.9879832943437353,-0.13864071719566295
C1_EW_M,40,observed_2026,AUR,160,-0.05989457298673895,-0.09269546496692116,0.11249002161491474,-0.8240327776293264,-0.6797870239825241,-0.08134086445852828
C1_EW_M,40,observed_2026,QAUR,160,-0.05989457298673895,-0.09269546496692116,0.11249002161491474,-0.8240327776293264,-0.6797870239825241,-0.08134086445852828
C1_IV_X,0,development_2022_2024,AUR,604,-0.15983494869259618,-0.07008444226023292,0.1623314192954188,-0.4317367676844478,-0.5098976105986952,-0.487181617801849
C1_IV_X,0,development_2022_2024,QAUR,604,-0.15983494869259618,-0.07008444226023292,0.1623314192954188,-0.4317367676844478,-0.5098976105986952,-0.487181617801849
C1_IV_X,0,historical_holdout_2024_2025,AUR,312,0.18527413790450398,0.14715706384801863,0.13814042888808625,1.0652715141577935,1.3671019587374762,-0.13096078514839338
C1_IV_X,0,historical_holdout_2024_2025,QAUR,312,0.24855810479343643,0.1963785346582223,0.14155598705005315,1.3872852625356236,1.817632666991406,-0.13096078514839338
C1_IV_X,0,observed_2026,AUR,160,0.18052929449148514,0.2987360935165788,0.15970433866821235,1.870557155852895,2.8770990645859618,-0.10778780420055889
C1_IV_X,0,observed_2026,QAUR,160,0.18046016932089115,0.29861632198451704,0.15971129254618008,1.8697257859720404,2.8757220984192577,-0.10778780420055811
C1_IV_X,20,development_2022_2024,AUR,604,0.1408841954905975,0.05653099409077322,0.08734521702562072,0.6472133909082984,0.5781729400676161,-0.16374728273794992
C1_IV_X,20,development_2022_2024,QAUR,604,0.1408841954905975,0.05653099409077322,0.08734521702562072,0.6472133909082984,0.5781729400676161,-0.16374728273794992
C1_IV_X,20,historical_holdout_2024_2025,AUR,312,0.22981990037910038,0.18185528508764914,0.09686766407485936,1.877358010275868,2.527766498873322,-0.08963343757604791
C1_IV_X,20,historical_holdout_2024_2025,QAUR,312,0.28506377171740094,0.22455311197795202,0.10266479894586865,2.187245426705122,3.0904915781493876,-0.06571051517943882
C1_IV_X,20,observed_2026,AUR,160,0.0503453826864213,0.08043365981616768,0.10449893385051946,0.7697079467932566,0.7261334997693367,-0.0778449596164208
C1_IV_X,20,observed_2026,QAUR,160,0.0503453826864213,0.08043365981616768,0.10449893385051946,0.7697079467932566,0.7261334997693367,-0.0778449596164208
C1_IV_X,30,development_2022_2024,AUR,604,0.23625290605827454,0.09251871227758013,0.09427059854679268,0.9814164087613916,0.9657108623082943,-0.1576768981929032
C1_IV_X,30,development_2022_2024,QAUR,604,0.23625290605827454,0.09251871227758013,0.09427059854679268,0.9814164087613916,0.9657108623082943,-0.1576768981929032
C1_IV_X,30,historical_holdout_2024_2025,AUR,312,0.14430048952154606,0.11501927590377381,0.13199145653910097,0.871414551514557,0.9845646337478909,-0.13096078514839327
C1_IV_X,30,historical_holdout_2024_2025,QAUR,312,0.1957028037921127,0.15530246507473877,0.13635997573960057,1.138915317580517,1.3270107975106962,-0.13096078514839327
C1_IV_X,30,observed_2026,AUR,160,0.08806889061322631,0.14217807583933872,0.12310319179318305,1.1549503613050265,1.4008467072596325,-0.07784495961642102
C1_IV_X,30,observed_2026,QAUR,160,0.08800517940501562,0.14207274233955292,0.1231118175889783,1.154013847914078,1.3996270194316682,-0.0778449596164208
C1_IV_X,40,development_2022_2024,AUR,604,0.18470425985207894,0.0732760447261962,0.09025173698499146,0.8119073069849253,0.7451038733698377,-0.16963346095223863
C1_IV_X,40,development_2022_2024,QAUR,604,0.18470425985207894,0.0732760447261962,0.09025173698499146,0.8119073069849253,0.7451038733698377,-0.16963346095223863
C1_IV_X,40,historical_holdout_2024_2025,AUR,312,0.11473023593845433,0.09168833392171116,0.12980045643553917,0.7063791333218074,0.7552840404369592,-0.13096078514839327
C1_IV_X,40,historical_holdout_2024_2025,QAUR,312,0.14273574103100417,0.11378761853507147,0.1325632088652732,0.8583649981701652,0.9402411246189533,-0.13096078514839327
C1_IV_X,40,observed_2026,AUR,160,0.04248634213346292,0.0677285091599229,0.10932621849969121,0.6195083859057486,0.6391328047031467,-0.05014955772766716
C1_IV_X,40,observed_2026,QAUR,160,0.04242514529237007,0.06762979198953034,0.10933779993082535,0.6185399014093719,0.6380461055782618,-0.05014955772766805
C1_IV_M,0,development_2022_2024,AUR,604,-0.10156464877402638,-0.043700686916885556,0.17952049760465316,-0.24343006787517302,-0.25918631098867606,-0.46033431183117013
C1_IV_M,0,development_2022_2024,QAUR,604,-0.13728416382716602,-0.05975107733859597,0.1797987033598272,-0.33232207030446403,-0.3534650337595534,-0.47570863608499314
C1_IV_M,0,historical_holdout_2024_2025,AUR,312,0.2592018746951703,0.20460941605833138,0.14589400237848765,1.402452552693156,1.9842408256676072,-0.14363263931762582
C1_IV_M,0,historical_holdout_2024_2025,QAUR,312,0.2592018746951703,0.20460941605833138,0.14589400237848765,1.402452552693156,1.9842408256676072,-0.14363263931762582
C1_IV_M,0,observed_2026,AUR,160,0.010813173334193849,0.017083612181208796,0.15336108372531493,0.11139470174719981,0.14121034614901673,-0.08662726564555734
C1_IV_M,0,observed_2026,QAUR,160,0.010813173334193849,0.017083612181208796,0.15336108372531493,0.11139470174719981,0.14121034614901673,-0.08662726564555734
C1_IV_M,20,development_2022_2024,AUR,604,0.1848012463609796,0.07331270249732369,0.0908659405883144,0.8068226887066626,0.7231040567382452,-0.14048159450495823
C1_IV_M,20,development_2022_2024,QAUR,604,0.11855257072274838,0.04785297904565833,0.0900868993267359,0.5311868807039357,0.4736901193693668,-0.14048159450495823
C1_IV_M,20,historical_holdout_2024_2025,AUR,312,0.3384184333647069,0.2654567636102676,0.10692962434815795,2.482537138126966,4.05064796699003,-0.044019185345663736
C1_IV_M,20,historical_holdout_2024_2025,QAUR,312,0.3384184333647069,0.2654567636102676,0.10692962434815795,2.482537138126966,4.05064796699003,-0.044019185345663736
C1_IV_M,20,observed_2026,AUR,160,-0.05446305057113898,-0.08442559169258923,0.1068601736995137,-0.7900566578713454,-0.620238434961359,-0.0949449022641784
C1_IV_M,20,observed_2026,QAUR,160,-0.05446305057113898,-0.08442559169258923,0.1068601736995137,-0.7900566578713454,-0.620238434961359,-0.0949449022641784
C1_IV_M,30,development_2022_2024,AUR,604,0.2290795572559403,0.08986933965578903,0.0970857510075713,0.9256697169575431,0.9126643948572789,-0.14048159450495823
C1_IV_M,30,development_2022_2024,QAUR,604,0.16036167575021532,0.06401941970459779,0.09634678284572022,0.6644686808807293,0.6524801809666992,-0.14048159450495823
C1_IV_M,30,historical_holdout_2024_2025,AUR,312,0.172386295826791,0.13707182886423674,0.13811789354442494,0.9924262913852524,1.2268275347815718,-0.1436326393176256
C1_IV_M,30,historical_holdout_2024_2025,QAUR,312,0.172386295826791,0.13707182886423674,0.13811789354442494,0.9924262913852524,1.2268275347815718,-0.1436326393176256
C1_IV_M,30,observed_2026,AUR,160,-0.052416985426799734,-0.08130321587426026,0.12607623259197442,-0.6448734563427598,-0.6318548727540179,-0.10759465935080648
C1_IV_M,30,observed_2026,QAUR,160,-0.052416985426799734,-0.08130321587426026,0.12607623259197442,-0.6448734563427598,-0.6318548727540179,-0.10759465935080648
C1_IV_M,40,development_2022_2024,AUR,604,0.18318233165989573,0.07270057576871203,0.09370909757180756,0.7758112888986356,0.7116699742201678,-0.14048159450495823
C1_IV_M,40,development_2022_2024,QAUR,604,0.11703887499218668,0.047261121098491676,0.09289325074050815,0.5087680829526878,0.4650077866107643,-0.14076192559230039
C1_IV_M,40,historical_holdout_2024_2025,AUR,312,0.142810121313786,0.11384617267803065,0.13599568554394606,0.8371307679554442,0.9828993791888853,-0.1436326393176256
C1_IV_M,40,historical_holdout_2024_2025,QAUR,312,0.142810121313786,0.11384617267803065,0.13599568554394606,0.8371307679554442,0.9828993791888853,-0.1436326393176256
C1_IV_M,40,observed_2026,AUR,160,-0.05607670902706208,-0.08688535957428944,0.11281269149822215,-0.7701736251515522,-0.6461888824196924,-0.0851415808344872
C1_IV_M,40,observed_2026,QAUR,160,-0.05607670902706208,-0.08688535957428944,0.11281269149822215,-0.7701736251515522,-0.6461888824196924,-0.0851415808344872
C1_NMV_X,0,development_2022_2024,AUR,604,-0.16370913926351138,-0.07187590616251083,0.1839096710498405,-0.3908217863270066,-0.4491643751819093,-0.5199093184409587
C1_NMV_X,0,development_2022_2024,QAUR,604,-0.16370913926351138,-0.07187590616251083,0.1839096710498405,-0.3908217863270066,-0.4491643751819093,-0.5199093184409587
C1_NMV_X,0,historical_holdout_2024_2025,AUR,312,0.14852998180441856,0.11834680856395785,0.14158683897086635,0.8358602354863612,1.1229097261986325,-0.12004766121712362
C1_NMV_X,0,historical_holdout_2024_2025,QAUR,312,0.23546604376162406,0.18623584096319123,0.14554090712985407,1.279611654454156,1.7836855501601252,-0.12004766121712362
C1_NMV_X,0,observed_2026,AUR,160,0.10209586594255615,0.16545500957551074,0.16150218146013312,1.0244753852835937,1.5671341808817223,-0.09814904279280035
C1_NMV_X,0,observed_2026,QAUR,160,0.10209586594255615,0.16545500957551074,0.16150218146013312,1.0244753852835937,1.5671341808817225,-0.09814904279280035
C1_NMV_X,20,development_2022_2024,AUR,604,0.1777890070808279,0.07065778043460957,0.09894434019488586,0.7141164446135916,0.6187744848642592,-0.19432351821350546
C1_NMV_X,20,development_2022_2024,QAUR,604,0.1777890070808279,0.07065778043460957,0.09894434019488586,0.7141164446135916,0.6187744848642592,-0.19432351821350546
C1_NMV_X,20,historical_holdout_2024_2025,AUR,312,0.20056657769705932,0.15909668197763716,0.10333902979027655,1.5395604381086128,2.074436093026012,-0.0846481025386725
C1_NMV_X,20,historical_holdout_2024_2025,QAUR,312,0.2815067118348724,0.2218146559572669,0.10964337322774785,2.023055743610882,2.941975121823363,-0.06801434048013721
C1_NMV_X,20,observed_2026,AUR,160,0.0432945603159014,0.06903256569337524,0.11198149975490618,0.6164640216863211,0.5933143682906906,-0.06652701034133202
C1_NMV_X,20,observed_2026,QAUR,160,0.0432945603159014,0.06903256569337524,0.11198149975490618,0.6164640216863211,0.5933143682906906,-0.06652701034133202
C1_NMV_X,30,development_2022_2024,AUR,604,0.25295111819167193,0.0986514524930282,0.10768555871970695,0.9161066132349883,0.8773819612237178,-0.19295101963521843
C1_NMV_X,30,development_2022_2024,QAUR,604,0.25295111819167193,0.0986514524930282,0.10768555871970695,0.9161066132349883,0.8773819612237178,-0.19295101963521843
C1_NMV_X,30,historical_holdout_2024_2025,AUR,312,0.13050971043732584,0.10415295714536144,0.13594679265888931,0.7661303007471215,0.9141878403315821,-0.12004766121712374
C1_NMV_X,30,historical_holdout_2024_2025,QAUR,312,0.20672673105639094,0.1638979616066114,0.14086605658137577,1.1635021635743066,1.4521719617064912,-0.12004766121712374
C1_NMV_X,30,observed_2026,AUR,160,0.022496934545826353,0.03566112117714515,0.12763449807302482,0.2794003323203574,0.32197145856840775,-0.06652701034133202
C1_NMV_X,30,observed_2026,QAUR,160,0.022496934545826353,0.03566112117714515,0.12763449807302482,0.2794003323203574,0.32197145856840775,-0.06652701034133202
C1_NMV_X,40,development_2022_2024,AUR,604,0.2248008574457312,0.08828477124685863,0.10459358725211149,0.8440744176223517,0.7550185960771875,-0.1900467785826221
C1_NMV_X,40,development_2022_2024,QAUR,604,0.2248008574457312,0.08828477124685863,0.10459358725211149,0.8440744176223517,0.7550185960771875,-0.1900467785826221
C1_NMV_X,40,historical_holdout_2024_2025,AUR,312,0.10501742543514836,0.08399907090462522,0.1333798052483308,0.629773530919715,0.7103655525736727,-0.12004766121712374
C1_NMV_X,40,historical_holdout_2024_2025,QAUR,312,0.1294238527325502,0.10329628641233435,0.13582304927815658,0.7605210379336309,0.8909559867193247,-0.12004766121712374
C1_NMV_X,40,observed_2026,AUR,160,-0.02804109641244512,-0.04380725026184906,0.11774782437581724,-0.3720429697454868,-0.3662719639544787,-0.06592696972454892
C1_NMV_X,40,observed_2026,QAUR,160,-0.02804109641244512,-0.04380725026184906,0.11774782437581724,-0.3720429697454868,-0.3662719639544787,-0.06592696972454892
C1_NMV_M,0,development_2022_2024,AUR,604,-0.09090764564154419,-0.038984278922831295,0.195053739301291,-0.19986429925659605,-0.21773308510479314,-0.47291947783225075
C1_NMV_M,0,development_2022_2024,QAUR,604,-0.16472094512477797,-0.07234457132147343,0.19341991946854115,-0.3740285463888839,-0.40556190622664234,-0.5034105999823704
C1_NMV_M,0,historical_holdout_2024_2025,AUR,312,0.30989529145235184,0.2436296985344224,0.15844406599553126,1.5376385161770192,2.2880870968616893,-0.13793394492655164
C1_NMV_M,0,historical_holdout_2024_2025,QAUR,312,0.30989529145235184,0.2436296985344224,0.15844406599553126,1.5376385161770192,2.2880870968616893,-0.13793394492655164
C1_NMV_M,0,observed_2026,AUR,160,-0.015701413033363365,-0.024617841968291754,0.15620440938376043,-0.1576001731667577,-0.22350192249951925,-0.09989665778327728
C1_NMV_M,0,observed_2026,QAUR,160,-0.015701413033363365,-0.024617841968291754,0.15620440938376043,-0.1576001731667577,-0.22350192249951925,-0.09989665778327728
C1_NMV_M,20,development_2022_2024,AUR,604,0.20010143200418473,0.07907392764869647,0.10289780910213542,0.7684704692809194,0.6700487548726918,-0.1815340158001073
C1_NMV_M,20,development_2022_2024,QAUR,604,0.0939712879204504,0.038183194953332,0.09899186612205418,0.3857205288589387,0.3323865443407518,-0.1815340158001073
C1_NMV_M,20,historical_holdout_2024_2025,AUR,312,0.3710019657748571,0.29028188809331,0.1258213683195906,2.307095304797386,3.587833019256907,-0.06064406273999812
C1_NMV_M,20,historical_holdout_2024_2025,QAUR,312,0.3710019657748571,0.29028188809331,0.1258213683195906,2.307095304797386,3.587833019256907,-0.06064406273999812
C1_NMV_M,20,observed_2026,AUR,160,-0.05297774355658458,-0.08215934084408627,0.10832472339553112,-0.7584541946541052,-0.6636679489916854,-0.10026466711576398
C1_NMV_M,20,observed_2026,QAUR,160,-0.05297774355658458,-0.08215934084408627,0.10832472339553112,-0.7584541946541052,-0.6636679489916854,-0.10026466711576398
C1_NMV_M,30,development_2022_2024,AUR,604,0.24864951585013895,0.09707618356994585,0.10996855141714831,0.8827631383603727,0.8418602829110299,-0.1815340158001073
C1_NMV_M,30,development_2022_2024,QAUR,604,0.13823557938427267,0.05550695308626952,0.10631340068269154,0.5221068344143974,0.49279788234030214,-0.1815340158001073
C1_NMV_M,30,historical_holdout_2024_2025,AUR,312,0.20485681346894724,0.1624410301121082,0.15124067638336045,1.0740564905988481,1.4197371196609436,-0.13793394492655164
C1_NMV_M,30,historical_holdout_2024_2025,QAUR,312,0.20485681346894724,0.1624410301121082,0.15124067638336045,1.0740564905988481,1.4197371196609436,-0.13793394492655164
C1_NMV_M,30,observed_2026,AUR,160,-0.08204403783054037,-0.12613487205184848,0.12602426269930989,-1.0008776829966664,-1.04898384597066,-0.11011171062374503
C1_NMV_M,30,observed_2026,QAUR,160,-0.08204403783054037,-0.12613487205184848,0.12602426269930989,-1.0008776829966664,-1.04898384597066,-0.11011171062374503
C1_NMV_M,40,development_2022_2024,AUR,604,0.19208489987672883,0.07606070735195325,0.10582068988991881,0.7187697172554467,0.6329104731005141,-0.1815340158001073
C1_NMV_M,40,development_2022_2024,QAUR,604,0.08668301006765988,0.03529183709311501,0.1019486070583035,0.34617282287076195,0.3016468899788539,-0.1907127521375207
C1_NMV_M,40,historical_holdout_2024_2025,AUR,312,0.1774229919386494,0.14101576368699598,0.14882758787469463,0.947510913136106,1.1902440649258037,-0.13793394492655164
C1_NMV_M,40,historical_holdout_2024_2025,QAUR,312,0.1774229919386494,0.14101576368699598,0.14882758787469463,0.947510913136106,1.1902440649258037,-0.13793394492655164
C1_NMV_M,40,observed_2026,AUR,160,-0.09701576989223759,-0.14847723888953568,0.10999980869794264,-1.3497954282561648,-1.1904537862187163,-0.09964413354279711
C1_NMV_M,40,observed_2026,QAUR,160,-0.09701576989223759,-0.14847723888953568,0.10999980869794264,-1.3497954282561648,-1.1904537862187163,-0.09964413354279711
C1_NMVT_X,0,development_2022_2024,AUR,604,-0.28832899795530065,-0.13230284723066887,0.1859332112943919,-0.7115611369783263,-0.8064764451861097,-0.5834195126228292
C1_NMVT_X,0,development_2022_2024,QAUR,604,-0.28832899795530065,-0.13230284723066887,0.1859332112943919,-0.7115611369783263,-0.8064764451861097,-0.5834195126228292
C1_NMVT_X,0,historical_holdout_2024_2025,AUR,312,0.1255127582448181,0.10020937448330769,0.13974605559808853,0.7170819530785981,0.9625304172461088,-0.12077065487563565
C1_NMVT_X,0,historical_holdout_2024_2025,QAUR,312,0.21106234365704357,0.1672743511294683,0.14387671257296689,1.162622832688336,1.6200119063126286,-0.12077065487563565
C1_NMVT_X,0,observed_2026,AUR,160,0.11600116937767346,0.18869879710955195,0.15850597007150516,1.1904838475448352,1.8025278218138356,-0.09598829624990746
C1_NMVT_X,0,observed_2026,QAUR,160,0.11599892318715899,0.18869502890847567,0.15850605383833977,1.1904594451699972,1.8024902362574926,-0.09598829624990712
C1_NMVT_X,20,development_2022_2024,AUR,604,0.16895929759649064,0.06730160505337124,0.09731964241405189,0.6915521202496078,0.5980225873451027,-0.19239788129579782
C1_NMVT_X,20,development_2022_2024,QAUR,604,0.16895929759649064,0.06730160505337124,0.09731964241405189,0.6915521202496078,0.5980225873451027,-0.19239788129579782
C1_NMVT_X,20,historical_holdout_2024_2025,AUR,312,0.16704685846427325,0.13288727562510627,0.10066667147046306,1.3200722114279617,1.7866592282297131,-0.0838599478836145
C1_NMVT_X,20,historical_holdout_2024_2025,QAUR,312,0.24609321560735742,0.19447050246660535,0.10730633907038219,1.8122927699457925,2.649456654076374,-0.06746473190418933
C1_NMVT_X,20,observed_2026,AUR,160,0.0419100003205255,0.06679893913389434,0.10925873987049665,0.6113830272348966,0.5743154732398724,-0.06638534832507337
C1_NMVT_X,20,observed_2026,QAUR,160,0.04191000030335279,0.06679893910620116,0.10925873984265755,0.6113830271372127,0.5743154729908677,-0.06638534832507281
C1_NMVT_X,30,development_2022_2024,AUR,604,0.2318072350560565,0.0908778271095334,0.10497270347048182,0.8657281760404325,0.8210227575633234,-0.1910305210209603
C1_NMVT_X,30,development_2022_2024,QAUR,604,0.2318072350560565,0.0908778271095334,0.10497270347048182,0.8657281760404325,0.8210227575633234,-0.1910305210209603
C1_NMVT_X,30,historical_holdout_2024_2025,AUR,312,0.10784112602438789,0.08623582252603645,0.13401873954798393,0.6434609280529807,0.767437429669146,-0.12077065487563565
C1_NMVT_X,30,historical_holdout_2024_2025,QAUR,312,0.18287736357594375,0.14528309801518313,0.13913373518295102,1.0441974969201115,1.3033557037907744,-0.12077065487563565
C1_NMVT_X,30,observed_2026,AUR,160,0.03307989842830672,0.052594048388892256,0.12436388052891338,0.4229045295564306,0.4779719073647869,-0.06638534832507326
C1_NMVT_X,30,observed_2026,QAUR,160,0.033077819134543995,0.05259071164283058,0.12436397447018994,0.42287737961797434,0.47794095332679604,-0.06638534832507348
C1_NMVT_X,40,development_2022_2024,AUR,604,0.20467454760043635,0.0807875988449962,0.10181338966787469,0.7934869775825489,0.7021248431208708,-0.18803985758653818
C1_NMVT_X,40,development_2022_2024,QAUR,604,0.20467454760043635,0.0807875988449962,0.10181338966787469,0.7934869775825489,0.7021248431208708,-0.18803985758653818
C1_NMVT_X,40,historical_holdout_2024_2025,AUR,312,0.0828624248805101,0.06641090032093055,0.1313907985910223,0.5054455946161537,0.5699177374011686,-0.12077065487563565
C1_NMVT_X,40,historical_holdout_2024_2025,QAUR,312,0.10710458864972883,0.08565249140939235,0.1339865130092199,0.6392620382881254,0.748727226467659,-0.12077065487563565
C1_NMVT_X,40,observed_2026,AUR,160,-0.015923754928800826,-0.024964835677227404,0.11370122001372901,-0.21956524014617426,-0.21178671666663887,-0.06342874109257679
C1_NMVT_X,40,observed_2026,QAUR,160,-0.015925735636607263,-0.024967926629152593,0.11370131474491679,-0.21959224205249417,-0.21181263333223507,-0.06342874107348007
C1_NMVT_M,0,development_2022_2024,AUR,604,-0.09626277116216475,-0.04135021432094277,0.19393842765954897,-0.21321310490116682,-0.23205483692857654,-0.47225903322671925
C1_NMVT_M,0,development_2022_2024,QAUR,604,-0.13647797325569389,-0.05938459067480728,0.19060883828129183,-0.311552135831027,-0.3368928672102359,-0.47576069678441735
C1_NMVT_M,0,historical_holdout_2024_2025,AUR,312,0.2362242473207805,0.18682379905493662,0.14965196420809565,1.248388553023951,1.783261885670147,-0.13766623557599644
C1_NMVT_M,0,historical_holdout_2024_2025,QAUR,312,0.23622424738438386,0.18682379910425584,0.14965196422099136,1.2483885532459351,1.7832618861136673,-0.13766623546170043
C1_NMVT_M,0,observed_2026,AUR,160,0.02119580874285698,0.03358622407257572,0.15649708201133394,0.21461246204030382,0.30315888439342803,-0.10027828413226048
C1_NMVT_M,0,observed_2026,QAUR,160,0.02119580874285698,0.03358622407257572,0.15649708201133394,0.21461246204030382,0.30315888439342803,-0.10027828413226048
C1_NMVT_M,20,development_2022_2024,AUR,604,0.18441289509896186,0.07316590772995357,0.10241757982887452,0.7143881729308932,0.618345947344002,-0.1815340158001073
C1_NMVT_M,20,development_2022_2024,QAUR,604,0.08106966667536786,0.033057235421395825,0.09845545951193002,0.3357582767402576,0.28583186741370936,-0.1820323207971698
C1_NMVT_M,20,historical_holdout_2024_2025,AUR,312,0.2920617344159826,0.22993634951473485,0.11402536292519899,2.0165368793044216,3.0688880541123713,-0.05464573194709699
C1_NMVT_M,20,historical_holdout_2024_2025,QAUR,312,0.292061734489651,0.22993634957137532,0.11402536295170163,2.0165368793324583,3.0688880527561047,-0.05464573194709654
C1_NMVT_M,20,observed_2026,AUR,160,-0.04428454138281579,-0.06885447180457327,0.10738524357146759,-0.6411911871182644,-0.5653411573662669,-0.09220293873403518
C1_NMVT_M,20,observed_2026,QAUR,160,-0.04428454138281579,-0.06885447180457327,0.10738524357146759,-0.6411911871182644,-0.5653411573662669,-0.09220293873403518
C1_NMVT_M,30,development_2022_2024,AUR,604,0.23270708444503563,0.0912102373328818,0.10953131967060577,0.8327320222853055,0.7890156069965778,-0.1815340158001073
C1_NMVT_M,30,development_2022_2024,QAUR,604,0.12515950871883286,0.05043085478063558,0.10582622768366964,0.4765440088385359,0.44516931072921223,-0.1815340158001073
C1_NMVT_M,30,historical_holdout_2024_2025,AUR,312,0.146541979718116,0.11678305153948787,0.14216952999516172,0.821435166476686,1.0385117970671018,-0.13766623557599633
C1_NMVT_M,30,historical_holdout_2024_2025,QAUR,312,0.14654197983289796,0.11678305162979008,0.14216953000787788,0.8214351670383866,1.038511797841387,-0.13766623546169976
C1_NMVT_M,30,observed_2026,AUR,160,-0.07017134416064885,-0.10826747173803764,0.12501095005114393,-0.8660639063517533,-0.9122221082132352,-0.09910531078555518
C1_NMVT_M,30,observed_2026,QAUR,160,-0.07017134416064885,-0.10826747173803764,0.12501095005114393,-0.8660639063517533,-0.9122221082132352,-0.09910531078555518
C1_NMVT_M,40,development_2022_2024,AUR,604,0.18631931862272832,0.07388625707047813,0.1058206281777778,0.6982216826982903,0.6136831877421106,-0.1815340158001073
C1_NMVT_M,40,development_2022_2024,QAUR,604,0.0828283565939234,0.0337580737331451,0.10192041448661607,0.33121994159058415,0.2868799842268117,-0.18621758324365045
C1_NMVT_M,40,historical_holdout_2024_2025,AUR,312,0.12043839196583872,0.09620124959016074,0.13957724494419296,0.6892330453192768,0.8259588887671562,-0.13766623557599633
C1_NMVT_M,40,historical_holdout_2024_2025,QAUR,312,0.12043839208131013,0.09620124968140864,0.1395772449570709,0.6892330459094302,0.8259588895283567,-0.13766623546169976
C1_NMVT_M,40,observed_2026,AUR,160,-0.10209539779182764,-0.1560094943356426,0.11070505334240041,-1.4092355283287725,-1.2449073144723724,-0.10468559660293719
C1_NMVT_M,40,observed_2026,QAUR,160,-0.10209539779182764,-0.1560094943356426,0.11070505334240041,-1.4092355283287725,-1.2449073144723724,-0.10468559660293719
C2_EW_X,0,development_2022_2024,AUR,604,-0.2101717093229568,-0.09374850426918035,0.15237757820149506,-0.6152381825179877,-0.6894894956920141,-0.4355175451831619
C2_EW_X,0,development_2022_2024,QAUR,604,-0.21182756340669917,-0.09454167601693331,0.1525268438049733,-0.6198363098486318,-0.6894502595422779,-0.4367009676928929
C2_EW_X,0,historical_holdout_2024_2025,AUR,312,0.15633291200160415,0.12447955206669903,0.12589856029413887,0.988728955882223,1.4030651475452913,-0.11304969675800447
C2_EW_X,0,historical_holdout_2024_2025,QAUR,312,0.1613700166171239,0.12843425587874702,0.12699684098192018,1.0113185090724537,1.4189023592660492,-0.11304969675800447
C2_EW_X,0,observed_2026,AUR,160,0.08853585997676916,0.14295022277609148,0.13730714022561138,1.041098245445997,1.3941282487278166,-0.07432306800311395
C2_EW_X,0,observed_2026,QAUR,160,0.05248149585193329,0.08389643720364637,0.135879064325472,0.6174346108440126,0.8150739410192882,-0.07432306800311295
C2_EW_X,20,development_2022_2024,AUR,604,-0.051226435958343974,-0.02170056446194535,0.08413003868933609,-0.25794074031129627,-0.20159677063063763,-0.1963695350514676
C2_EW_X,20,development_2022_2024,QAUR,604,-0.051620512361750914,-0.021870117599883887,0.08412377419585136,-0.2599754683969283,-0.20317190777136232,-0.1963695350514676
C2_EW_X,20,historical_holdout_2024_2025,AUR,312,0.2136239016159589,0.16926809017865185,0.08851840210893712,1.9122361694954497,2.875098992626634,-0.05000373050304907
C2_EW_X,20,historical_holdout_2024_2025,QAUR,312,0.20813963815642356,0.1649985290325906,0.08787140305258799,1.8777272616649208,2.7523767846403233,-0.04748612629326243
C2_EW_X,20,observed_2026,AUR,160,0.007308463395026665,0.011534991233000502,0.10652092146609074,0.10828850402568556,0.08704855227754933,-0.06451577654529617
C2_EW_X,20,observed_2026,QAUR,160,-0.022513252265757067,-0.03522812795694019,0.10646565799635721,-0.3308872421391088,-0.27108970372623437,-0.09144182856471594
C2_EW_X,30,development_2022_2024,AUR,604,0.06098665987499352,0.025006588133780205,0.09157554175447735,0.27307060001703537,0.23774579636788193,-0.1963695350514676
C2_EW_X,30,development_2022_2024,QAUR,604,0.0605459753715103,0.02482893998525526,0.09157014346219053,0.2711466756138388,0.23605683742960562,-0.1963695350514676
C2_EW_X,30,historical_holdout_2024_2025,AUR,312,0.12081488149618624,0.09649874970063976,0.1192441833357281,0.8092533069638348,0.9994958486422593,-0.11304969675800447
C2_EW_X,30,historical_holdout_2024_2025,QAUR,312,0.11575001412557251,0.0924949044766501,0.11875707382099474,0.7788580629400637,0.9414525604865347,-0.11304969675800447
C2_EW_X,30,observed_2026,AUR,160,0.031176213247146256,0.04954072726165393,0.11991472986600245,0.41313295970405584,0.40701926752674333,-0.06451577654529683
C2_EW_X,30,observed_2026,QAUR,160,-0.0029782910151908704,-0.004686790107142458,0.11811938660308899,-0.03967841555841513,-0.03852698720815967,-0.09144182856471683
C2_EW_X,40,development_2022_2024,AUR,604,-0.009667145376482722,-0.004044732125132899,0.0881509330937336,-0.04588416688490422,-0.03734318231864736,-0.2079453184438872
C2_EW_X,40,development_2022_2024,QAUR,604,-0.009667145376482722,-0.004044732125132899,0.0881509330937336,-0.04588416688490422,-0.03734318231864736,-0.2079453184438872
C2_EW_X,40,historical_holdout_2024_2025,AUR,312,0.10584911657758922,0.08465799651060424,0.1169573860446823,0.7238362567222696,0.8534379503330799,-0.11304969675800447
C2_EW_X,40,historical_holdout_2024_2025,QAUR,312,0.07726752298450834,0.06195838047179025,0.1152308029032914,0.5376893930331237,0.6131882379319942,-0.11304969675800447
C2_EW_X,40,observed_2026,AUR,160,0.031946541350591495,0.050775866631805444,0.10939287269059848,0.46416064760834513,0.39512715580597757,-0.06330296328853324
C2_EW_X,40,observed_2026,QAUR,160,-0.0022410092765754452,-0.003527314808183135,0.10753146226524733,-0.03280263035466146,-0.027352574144128228,-0.07877831055084472
C2_EW_M,0,development_2022_2024,AUR,604,-0.29253133467527126,-0.13444422013416002,0.16087482730748542,-0.8357070051562032,-0.919324980997502,-0.47835802426327256
C2_EW_M,0,development_2022_2024,QAUR,604,-0.28888444323918305,-0.13258546052444797,0.16080141678856585,-0.8245291812247002,-0.9063767474736665,-0.47835802426327256
C2_EW_M,0,historical_holdout_2024_2025,AUR,312,0.20038747173751292,0.15895701439151155,0.13990240540648521,1.1361992949989912,1.51036616406032,-0.1362320480814484
C2_EW_M,0,historical_holdout_2024_2025,QAUR,312,0.20765276896079787,0.1646193159439704,0.139038484934612,1.183983815857809,1.5255204416990855,-0.1362320480814484
C2_EW_M,0,observed_2026,AUR,160,0.042578801139881106,0.06787766192839695,0.13895004813109688,0.4885040548122415,0.6564571924835853,-0.08970537552645519
C2_EW_M,0,observed_2026,QAUR,160,0.042578801139881106,0.06787766192839695,0.13895004813109688,0.4885040548122415,0.6564571924835853,-0.08970537552645519
C2_EW_M,20,development_2022_2024,AUR,604,0.0186551429666173,0.007741373678212149,0.0837459842647169,0.0924387449282589,0.07732086472419755,-0.1505088971576406
C2_EW_M,20,development_2022_2024,QAUR,604,0.0186551429666173,0.007741373678212149,0.0837459842647169,0.0924387449282589,0.07732086472419755,-0.1505088971576406
C2_EW_M,20,historical_holdout_2024_2025,AUR,312,0.22742472653283263,0.17999582373007095,0.10195026966003184,1.7655257247508365,2.37061844427443,-0.06714084037765244
C2_EW_M,20,historical_holdout_2024_2025,QAUR,312,0.2228369783946076,0.17643223641814965,0.1004735363480654,1.7560070326075152,2.2662947799834785,-0.06714084037765244
C2_EW_M,20,observed_2026,AUR,160,-0.03123410353780831,-0.04874998637855288,0.09851991943997428,-0.49482365247217874,-0.4014327695403639,-0.0845212325923258
C2_EW_M,20,observed_2026,QAUR,160,-0.03123410353780831,-0.04874998637855288,0.09851991943997428,-0.49482365247217874,-0.4014327695403639,-0.0845212325923258
C2_EW_M,30,development_2022_2024,AUR,604,0.09378965206605838,0.038111274193506794,0.08879118194375274,0.42922363864521423,0.39438859611248844,-0.1505088971576406
C2_EW_M,30,development_2022_2024,QAUR,604,0.09942796837674672,0.04034059245553312,0.08864159600289982,0.45509776757870446,0.417332739352209,-0.1505088971576406
C2_EW_M,30,historical_holdout_2024_2025,AUR,312,0.14083215125195525,0.11228881230580923,0.13363678434623474,0.8402537733539306,0.9765630770101194,-0.1362320480814484
C2_EW_M,30,historical_holdout_2024_2025,QAUR,312,0.13656806037550684,0.10892970016404147,0.13250835775376638,0.8220590912949057,0.9361528111776477,-0.1362320480814484
C2_EW_M,30,observed_2026,AUR,160,-0.016080828187698182,-0.025209941942430758,0.11829020844658132,-0.21311943121492863,-0.22265160450610597,-0.08959053926655824
C2_EW_M,30,observed_2026,QAUR,160,-0.016080828187698182,-0.025209941942430758,0.11829020844658132,-0.21311943121492863,-0.22265160450610597,-0.08959053926655824
C2_EW_M,40,development_2022_2024,AUR,604,0.04177117378755302,0.017220135295816563,0.08432281142254756,0.20421680687951982,0.171880272961284,-0.1533020862185609
C2_EW_M,40,development_2022_2024,QAUR,604,0.04714134289646266,0.01940459035423725,0.08416737049720129,0.23054766044856406,0.19367945954622423,-0.1533020862185609
C2_EW_M,40,historical_holdout_2024_2025,AUR,312,0.1310243768439323,0.10455894000995447,0.1310595630216759,0.7977971053715592,0.8845878127198676,-0.1362320480814484
C2_EW_M,40,historical_holdout_2024_2025,QAUR,312,0.12726504732377553,0.10159265939934614,0.1299153153577074,0.7819914004720847,0.849055393902308,-0.1362320480814484
C2_EW_M,40,observed_2026,AUR,160,-0.005768602517998378,-0.009070468486820582,0.10408220901105922,-0.0871471558204227,-0.07797637298308836,-0.06363868686327967
C2_EW_M,40,observed_2026,QAUR,160,-0.005768602517998378,-0.009070468486820582,0.10408220901105922,-0.0871471558204227,-0.07797637298308836,-0.06363868686327967
C2_IV_X,0,development_2022_2024,AUR,604,-0.14623138493284427,-0.06383186989273149,0.1375876665510521,-0.4639359870897046,-0.538240732074386,-0.4073370331661129
C2_IV_X,0,development_2022_2024,QAUR,604,-0.14533482549377608,-0.06342183244924704,0.13841393488467402,-0.4582040999129884,-0.530749747520144,-0.40671466597232786
C2_IV_X,0,historical_holdout_2024_2025,AUR,312,0.15045569246914692,0.11986107108332633,0.11916669962120172,1.0058268917770805,1.3984508570975775,-0.11420154801496851
C2_IV_X,0,historical_holdout_2024_2025,QAUR,312,0.14626908901559932,0.11656835577349445,0.12027101960469502,0.9692139981570753,1.3165545044955365,-0.11420154801496851
C2_IV_X,0,observed_2026,AUR,160,0.09207089591165585,0.1488016805474568,0.1297157550424136,1.1471365255423494,1.5511849908325548,-0.06625212646838874
C2_IV_X,0,observed_2026,QAUR,160,0.07179238086484041,0.11538371161304117,0.13115774207449163,0.8797323725465515,1.2148535754447853,-0.06625212646838852
C2_IV_X,20,development_2022_2024,AUR,604,0.022619530933575493,0.009375817078107085,0.07613888447941417,0.12314098298408936,0.10228624668025565,-0.1538662687091854
C2_IV_X,20,development_2022_2024,QAUR,604,0.022171377567359984,0.009191237118781892,0.07613401097795885,0.12072445679294103,0.10027255644990189,-0.1538662687091854
C2_IV_X,20,historical_holdout_2024_2025,AUR,312,0.20992055858580994,0.16638540358917586,0.07957332634338338,2.090969565243153,3.1260133969194905,-0.03976282145441701
C2_IV_X,20,historical_holdout_2024_2025,QAUR,312,0.19917614492820523,0.15801231136935057,0.07935125491401576,1.9913019843299409,2.8115586188293182,-0.03997703248296436
C2_IV_X,20,observed_2026,AUR,160,-0.0006701067139208705,-0.0010552147228309883,0.0965858594206026,-0.010925147109121253,-0.008612422336232337,-0.057065906734618865
C2_IV_X,20,observed_2026,QAUR,160,-0.019379410837182864,-0.03035204296102023,0.09779835845230654,-0.31035329673577344,-0.25432143292712306,-0.07909701136987202
C2_IV_X,30,development_2022_2024,AUR,604,0.1193623034751683,0.04816939449137081,0.0823341200852943,0.5850477838527888,0.5379555183873501,-0.1538662687091854
C2_IV_X,30,development_2022_2024,QAUR,604,0.11887175350116408,0.047977720527196954,0.08232995133096986,0.5827492880971653,0.5358149046668066,-0.1538662687091854
C2_IV_X,30,historical_holdout_2024_2025,AUR,312,0.11204431017420258,0.08956328201403174,0.11272759401832787,0.7945107211236146,0.9592658312412026,-0.1142015480149684
C2_IV_X,30,historical_holdout_2024_2025,QAUR,312,0.10216906341580301,0.08174167021096501,0.11255433531937142,0.7262418633544777,0.8524514930930266,-0.1142015480149684
C2_IV_X,30,observed_2026,AUR,160,0.037332739010732974,0.059426869688392836,0.1129060902111539,0.5263389209320269,0.5284438950760574,-0.057065906734618865
C2_IV_X,30,observed_2026,QAUR,160,0.018070451160679957,0.02860844640947935,0.11447485600693158,0.24991030700879044,0.25853717230712386,-0.07909701136987224
C2_IV_X,40,development_2022_2024,AUR,604,0.05395020953173102,0.022164906827648156,0.07899488921100434,0.2805865929939235,0.24006993517380393,-0.16847477988679005
C2_IV_X,40,development_2022_2024,QAUR,604,0.05395020953173102,0.022164906827648156,0.07899488921100434,0.2805865929939235,0.24006993517380393,-0.16847477988679005
C2_IV_X,40,historical_holdout_2024_2025,AUR,312,0.0946951837450043,0.07581308269150333,0.11047639561002892,0.6862378363529911,0.7894620858999835,-0.1142015480149684
C2_IV_X,40,historical_holdout_2024_2025,QAUR,312,0.062319226490906265,0.050040367239152506,0.1090235696537077,0.45898668882422455,0.506776154225164,-0.1142015480149684
C2_IV_X,40,observed_2026,AUR,160,0.0370278274369622,0.058936446877351445,0.10490176322910004,0.5618251310860932,0.4929159565464092,-0.05312942699848755
C2_IV_X,40,observed_2026,QAUR,160,0.01776360517738773,0.028120203866955018,0.1066960863677089,0.26355422044294846,0.23871698930808208,-0.06941885629743494
C2_IV_M,0,development_2022_2024,AUR,604,-0.19730229267495625,-0.08761668648908749,0.1466774959572665,-0.5973423933731049,-0.6514334619671979,-0.4237874719455349
C2_IV_M,0,development_2022_2024,QAUR,604,-0.19397893775882347,-0.08604254951404355,0.146647512015908,-0.5867303736098151,-0.6398074199393131,-0.4237874719455349
C2_IV_M,0,historical_holdout_2024_2025,AUR,312,0.2061966996903628,0.16348503597977393,0.13468728130777624,1.213811982782483,1.5495137986561502,-0.13375249752557772
C2_IV_M,0,historical_holdout_2024_2025,QAUR,312,0.2011803326429391,0.159575260297808,0.13132666981796084,1.2151017041626357,1.5054229500898322,-0.13375249752557772
C2_IV_M,0,observed_2026,AUR,160,0.03323388053871179,0.05284116186752619,0.13243664903003813,0.39899198790163604,0.533244389447141,-0.09047040276827856
C2_IV_M,0,observed_2026,QAUR,160,0.03323388053871179,0.05284116186752619,0.13243664903003813,0.39899198790163604,0.533244389447141,-0.09047040276827856
C2_IV_M,20,development_2022_2024,AUR,604,0.05687233159821736,0.02334634863601881,0.0781470322675445,0.29874901142874055,0.24553579436649667,-0.13339637759548761
C2_IV_M,20,development_2022_2024,QAUR,604,0.05681973832068343,0.023325101507155388,0.07814176026671142,0.29849726225187095,0.24531233626840937,-0.13339637759548761
C2_IV_M,20,historical_holdout_2024_2025,AUR,312,0.23538911133606266,0.186176178909222,0.09328217035455509,1.9958388425310774,2.6672790659326098,-0.0518198295661374
C2_IV_M,20,historical_holdout_2024_2025,QAUR,312,0.21992982922948068,0.17417274354577117,0.08813261808061607,1.9762574554003725,2.5623685557465925,-0.05181982956613751
C2_IV_M,20,observed_2026,AUR,160,-0.03456358025977102,-0.05389400856447857,0.09310560912617051,-0.5788481389069159,-0.45573438221503987,-0.08217175992101422
C2_IV_M,20,observed_2026,QAUR,160,-0.03456358025977102,-0.05389400856447857,0.09310560912617051,-0.5788481389069159,-0.45573438221503987,-0.08217175992101422
C2_IV_M,30,development_2022_2024,AUR,604,0.12843018577686682,0.051703733977910504,0.08288370954271368,0.623810568604742,0.5623657841132962,-0.1310120925151287
C2_IV_M,30,development_2022_2024,QAUR,604,0.13310214879755744,0.05351824078654177,0.08281952322061457,0.6462031982963719,0.5822598671450876,-0.1310120925151287
C2_IV_M,30,historical_holdout_2024_2025,AUR,312,0.14847689344526938,0.11830505617348419,0.12883949992414204,0.9182359155626939,1.0229216072125884,-0.1337524975255776
C2_IV_M,30,historical_holdout_2024_2025,QAUR,312,0.13410520429426254,0.1069884383749864,0.125142921341254,0.8549300050558842,0.9280746180150081,-0.1337524975255776
C2_IV_M,30,observed_2026,AUR,160,-0.01563588032538421,-0.024515560976452355,0.11226466492121882,-0.2183729047216774,-0.2227301989816958,-0.09293294218253223
C2_IV_M,30,observed_2026,QAUR,160,-0.01563588032538421,-0.024515560976452355,0.11226466492121882,-0.2183729047216774,-0.2227301989816958,-0.09293294218253223
C2_IV_M,40,development_2022_2024,AUR,604,0.07867326114808204,0.03210119693337754,0.07981769715729317,0.4021814469304614,0.3360159199814837,-0.13904756256375317
C2_IV_M,40,development_2022_2024,QAUR,604,0.08313921894592413,0.03388188344092513,0.07975267665403163,0.4248369441931746,0.3548437426806672,-0.13904756256375317
C2_IV_M,40,historical_holdout_2024_2025,AUR,312,0.1349063654750824,0.10762001506663355,0.1265336838285856,0.850524633523084,0.9007833729687322,-0.1337524975255776
C2_IV_M,40,historical_holdout_2024_2025,QAUR,312,0.12110311076267477,0.09672649401186884,0.12278422115498737,0.7877762557924561,0.8118757289909735,-0.1337524975255776
C2_IV_M,40,observed_2026,AUR,160,-0.013959213747786747,-0.02189735140518323,0.09966313369487466,-0.21971365532437936,-0.19220617772114656,-0.07011136482075941
C2_IV_M,40,observed_2026,QAUR,160,-0.013959213747786747,-0.02189735140518323,0.09966313369487466,-0.21971365532437936,-0.19220617772114656,-0.07011136482075941
C2_NMV_X,0,development_2022_2024,AUR,604,-0.23184285019515904,-0.10420703363277495,0.1850617942472814,-0.5630931768311535,-0.6090990929171083,-0.5076548754419614
C2_NMV_X,0,development_2022_2024,QAUR,604,-0.2081642449323986,-0.09278820594456338,0.18485813370740478,-0.5019427821955048,-0.5402600191860396,-0.4924782337086703
C2_NMV_X,0,historical_holdout_2024_2025,AUR,312,0.19737745555728847,0.15660919083670977,0.13162689804992228,1.1897962586439774,1.602050863021257,-0.12028015295124028
C2_NMV_X,0,historical_holdout_2024_2025,QAUR,312,0.2573668816605552,0.20319136410000738,0.13423414468510753,1.5137084873350428,1.9949695183854452,-0.12028015295124028
C2_NMV_X,0,observed_2026,AUR,160,0.09528222289298172,0.15412676093220679,0.15605860926152354,0.98762100765566,1.3099446520782059,-0.08526699537446336
C2_NMV_X,0,observed_2026,QAUR,160,0.08424024440790734,0.13585448985364157,0.1473725101021566,0.9218441740557252,1.3025353200014458,-0.08195668340082451
C2_NMV_X,20,development_2022_2024,AUR,604,0.027627971279829966,0.011435433190383426,0.10033828764155012,0.11396878957348291,0.08697330433124074,-0.25582336911998016
C2_NMV_X,20,development_2022_2024,QAUR,604,0.027551084295839967,0.01140385929662524,0.10033813422803113,0.11365428891380942,0.086733165997604,-0.25582336911998016
C2_NMV_X,20,historical_holdout_2024_2025,AUR,312,0.2273971724836812,0.17997442845298584,0.09242141946838196,1.9473237858520058,2.787633226914189,-0.04289452779765701
C2_NMV_X,20,historical_holdout_2024_2025,QAUR,312,0.2780132199124934,0.21912371553463883,0.09344368606732426,2.3449815044407036,3.290472814820903,-0.041314681351656946
C2_NMV_X,20,observed_2026,AUR,160,0.014942209760637981,0.02363486677622384,0.11999872908921189,0.19695930911612178,0.15911787254319568,-0.0852669953744637
C2_NMV_X,20,observed_2026,QAUR,160,0.009078026154371255,0.014335159887780557,0.107133158934695,0.13380693736958527,0.11981223417480043,-0.08847964249088658
C2_NMV_X,30,development_2022_2024,AUR,604,0.0960608398494498,0.03901007650144628,0.10663636274379043,0.3658233973637467,0.3040011518465559,-0.25582336911998016
C2_NMV_X,30,development_2022_2024,QAUR,604,0.09597883272760788,0.03897764181239549,0.106636250462576,0.3655196206103918,0.3037483919517924,-0.25582336911998016
C2_NMV_X,30,historical_holdout_2024_2025,AUR,312,0.1541275460626026,0.12274704513263957,0.1258220689606653,0.975560536768895,1.1526348095529102,-0.12028015295123973
C2_NMV_X,30,historical_holdout_2024_2025,QAUR,312,0.20172206226324763,0.15999763745911944,0.1266223697806203,1.263581132909797,1.4604677360156466,-0.12028015295123973
C2_NMV_X,30,observed_2026,AUR,160,0.01999568666430651,0.03167374414215307,0.1308865136507968,0.24199394772373672,0.23194712626293068,-0.08526699537446336
C2_NMV_X,30,observed_2026,QAUR,160,0.009314935371668609,0.014710261178918937,0.12034829947640747,0.12223073564743363,0.12364482406697855,-0.08847964249088591
C2_NMV_X,40,development_2022_2024,AUR,604,0.04052329022797996,0.01671158731581346,0.10346307995887014,0.16152222920926815,0.12417296772153891,-0.25582336911998016
C2_NMV_X,40,development_2022_2024,QAUR,604,0.04052329022797996,0.01671158731581346,0.10346307995887014,0.16152222920926815,0.12417296772153891,-0.25582336911998016
C2_NMV_X,40,historical_holdout_2024_2025,AUR,312,0.12629179683146807,0.10082441105059892,0.12302951926103349,0.8195139805161582,0.9257147166226986,-0.12028015295123973
C2_NMV_X,40,historical_holdout_2024_2025,QAUR,312,0.11829639903242417,0.09450829161410268,0.12132144207523844,0.7789908362240916,0.8378313416100871,-0.12028015295123973
C2_NMV_X,40,observed_2026,AUR,160,-0.005840172281143641,-0.009182814184952592,0.12527674025804603,-0.07330023247761523,-0.06166300038075167,-0.0852669953744637
C2_NMV_X,40,observed_2026,QAUR,160,-0.016258547764270492,-0.025487238796361833,0.11430972628843873,-0.22296649308782054,-0.19681534968524952,-0.09038019929948693
C2_NMV_M,0,development_2022_2024,AUR,604,-0.18994736941132084,-0.08413802992043717,0.1883557579935749,-0.4466974135365018,-0.4820430515039984,-0.4741919895497756
C2_NMV_M,0,development_2022_2024,QAUR,604,-0.18850565873764802,-0.08345830463032344,0.18827322553853243,-0.4432829171094361,-0.4770413935160268,-0.4741919895497756
C2_NMV_M,0,historical_holdout_2024_2025,AUR,312,0.25672356747554503,0.2026941274490215,0.15198242923830652,1.3336681645692061,1.8696063641349698,-0.1179037472065021
C2_NMV_M,0,historical_holdout_2024_2025,QAUR,312,0.25885992536665614,0.2043451934745062,0.14741642490867324,1.386176564796638,1.9089455959912942,-0.1179037472065021
C2_NMV_M,0,observed_2026,AUR,160,0.021901862992001808,0.03471197581709018,0.15171503880101908,0.22879719829631692,0.3044321459654594,-0.08922122034377555
C2_NMV_M,0,observed_2026,QAUR,160,0.021901862992001808,0.03471197581709018,0.15171503880101908,0.22879719829631692,0.3044321459654594,-0.08922122034377555
C2_NMV_M,20,development_2022_2024,AUR,604,0.06640060637978795,0.027185550859174956,0.10019827147419151,0.2713175632593348,0.22995001458174227,-0.20476974939363668
C2_NMV_M,20,development_2022_2024,QAUR,604,0.06689747199615215,0.027385202145312704,0.1002370589369228,0.27320436608725396,0.23163877256926507,-0.20476974939363668
C2_NMV_M,20,historical_holdout_2024_2025,AUR,312,0.2815131686463821,0.22181962815384115,0.12012014430102572,1.8466480326393266,2.532933124909169,-0.07859791023196316
C2_NMV_M,20,historical_holdout_2024_2025,QAUR,312,0.2690005559569464,0.2121749641183439,0.1136770789847756,1.8664709369138506,2.583249245686716,-0.07129012670770063
C2_NMV_M,20,observed_2026,AUR,160,-0.04762355245911776,-0.07397306609063092,0.11426237241035307,-0.6473965534775504,-0.5647292367225814,-0.10596409253766603
C2_NMV_M,20,observed_2026,QAUR,160,-0.04762355245911776,-0.07397306609063092,0.11426237241035307,-0.6473965534775504,-0.5647292367225814,-0.10596409253766603
C2_NMV_M,30,development_2022_2024,AUR,604,0.14385034142557274,0.05767615920517599,0.10391004567910936,0.5550585492310252,0.505643239606713,-0.20476974939363668
C2_NMV_M,30,development_2022_2024,QAUR,604,0.1458861366122628,0.05846113473385728,0.10375670785147541,0.563444387783994,0.5106278260478931,-0.20476974939363668
C2_NMV_M,30,historical_holdout_2024_2025,AUR,312,0.20567417337388583,0.16307792307039315,0.14576737010656923,1.1187546496254157,1.3855931412242724,-0.11790374720650199
C2_NMV_M,30,historical_holdout_2024_2025,QAUR,312,0.193902047788149,0.15389694778023033,0.14049406708651585,1.0953981970317723,1.3455597637477694,-0.11790374720650199
C2_NMV_M,30,observed_2026,AUR,160,-0.06120328639328554,-0.09468397481473656,0.1313522884067437,-0.7208399333062204,-0.7392116798179819,-0.10596409253766559
C2_NMV_M,30,observed_2026,QAUR,160,-0.06120328639328554,-0.09468397481473656,0.1313522884067437,-0.7208399333062204,-0.7392116798179819,-0.10596409253766559
C2_NMV_M,40,development_2022_2024,AUR,604,0.11230831203583902,0.04540844321708293,0.09713399271630518,0.4674825151037011,0.38759432777792785,-0.20476974939363668
C2_NMV_M,40,development_2022_2024,QAUR,604,0.11428796953625375,0.04618431401483036,0.09697030811545694,0.47627273659728264,0.3924555530461233,-0.20476974939363668
C2_NMV_M,40,historical_holdout_2024_2025,AUR,312,0.1925972714813602,0.1528782954320944,0.14349353892698075,1.0654019447515979,1.2615914122124956,-0.11790374720650199
C2_NMV_M,40,historical_holdout_2024_2025,QAUR,312,0.18065142295158232,0.1435420478407916,0.13814043530937567,1.0391023274200535,1.2196234055239472,-0.11790374720650199
C2_NMV_M,40,observed_2026,AUR,160,-0.05374676178232052,-0.08333294836316141,0.1108452122678124,-0.7517956496111101,-0.6075462620143665,-0.0783778812346968
C2_NMV_M,40,observed_2026,QAUR,160,-0.05374676178232052,-0.08333294836316141,0.1108452122678124,-0.7517956496111101,-0.6075462620143665,-0.0783778812346968
C2_NMVT_X,0,development_2022_2024,AUR,604,-0.22117782795173546,-0.09903888277038497,0.17497676018504768,-0.5660116387207411,-0.6241518804853159,-0.4892762597236937
C2_NMVT_X,0,development_2022_2024,QAUR,604,-0.19885452897848965,-0.08835321853750333,0.1758951545438724,-0.5023061537233304,-0.5546592688145283,-0.47463743823140536
C2_NMVT_X,0,historical_holdout_2024_2025,AUR,312,0.19575980774612112,0.15534695087313688,0.1319444324857064,1.177366471222389,1.5087713921567385,-0.12838269282255366
C2_NMVT_X,0,historical_holdout_2024_2025,QAUR,312,0.18098815853747618,0.1438054707220784,0.13086065847292053,1.0989205801057205,1.3874936439710281,-0.12838269282255366
C2_NMVT_X,0,observed_2026,AUR,160,0.09109557230698062,0.14718616187424582,0.15112480293014538,0.973937825032466,1.324663865643145,-0.07483292327410984
C2_NMVT_X,0,observed_2026,QAUR,160,0.07347816082517422,0.11814805109303639,0.14534358661011545,0.8128879563841289,1.1506120231246775,-0.07300778687387699
C2_NMVT_X,20,development_2022_2024,AUR,604,0.06297622081900656,0.025808082450140768,0.0953085454862737,0.27078455891300574,0.21481638850086043,-0.23143809988992525
C2_NMVT_X,20,development_2022_2024,QAUR,604,0.06063949063219032,0.024866641327594863,0.0952799047039014,0.26098516161274726,0.20730110860001066,-0.23143809988992525
C2_NMVT_X,20,historical_holdout_2024_2025,AUR,312,0.23654970746048276,0.1870761597700108,0.0906103998874876,2.064621279701958,2.892200018563892,-0.045980602824840955
C2_NMVT_X,20,historical_holdout_2024_2025,QAUR,312,0.21913363613713677,0.17355374624282427,0.08635091396829372,2.0098657705759737,2.7754957695201536,-0.03978137067748144
C2_NMVT_X,20,observed_2026,AUR,160,0.006380240337590548,0.010067294758400847,0.11284611192986059,0.08921259745890195,0.07298371756788065,-0.07483292327411017
C2_NMVT_X,20,observed_2026,QAUR,160,0.00035251329319208047,0.0005552647029947178,0.10424341024927582,0.005326616825628795,0.004753715259041041,-0.08538586478099108
C2_NMVT_X,30,development_2022_2024,AUR,604,0.12762284415860337,0.05138973355794629,0.10149655177909636,0.5063199946909942,0.43753779846682755,-0.23143809988992525
C2_NMVT_X,30,development_2022_2024,QAUR,604,0.12514400193191832,0.05042481473054039,0.10147056830879371,0.4969403007292553,0.42997810656873614,-0.23143809988992525
C2_NMVT_X,30,historical_holdout_2024_2025,AUR,312,0.1560941032588672,0.12429197770841305,0.12638150903347337,0.9834664790677022,1.1026403472338004,-0.12838269282255366
C2_NMVT_X,30,historical_holdout_2024_2025,QAUR,312,0.13981120153855886,0.11148476148833808,0.12334407500901762,0.9038517778838383,0.9938481606466147,-0.12838269282255366
C2_NMVT_X,30,observed_2026,AUR,160,0.00789191153433233,0.012457931413576873,0.12524267117383267,0.0994703426301542,0.09746618465229404,-0.07483292327410984
C2_NMVT_X,30,observed_2026,QAUR,160,-0.005331518521786038,-0.008384260695724066,0.11920024394510033,-0.0703376135671801,-0.07246424529933378,-0.0853858647809903
C2_NMVT_X,40,development_2022_2024,AUR,604,0.06873456685609192,0.02812291617273699,0.09814770725692822,0.2865366594771046,0.22886176808768877,-0.23143809988992525
C2_NMVT_X,40,development_2022_2024,QAUR,604,0.06839437180333952,0.02798636134257393,0.0981520411461038,0.28513274931200816,0.22776808494679338,-0.23143809988992525
C2_NMVT_X,40,historical_holdout_2024_2025,AUR,312,0.1303987381603977,0.10406541453630203,0.12361814559659585,0.8418296038503892,0.8995452911008697,-0.12838269282255366
C2_NMVT_X,40,historical_holdout_2024_2025,QAUR,312,0.07126465291567219,0.05717624397189569,0.11927813770010544,0.47935225242743834,0.49367370493660573,-0.12838269282255366
C2_NMVT_X,40,observed_2026,AUR,160,-0.011472432880735295,-0.018009386832928076,0.11975317606293738,-0.15038755066891152,-0.13102956783076614,-0.07483292327411062
C2_NMVT_X,40,observed_2026,QAUR,160,-0.02455340803645112,-0.03839767269108674,0.11350610374518659,-0.33828729402329655,-0.30955674678604034,-0.08226823450211829
C2_NMVT_M,0,development_2022_2024,AUR,604,-0.11270921837444958,-0.048667881524150136,0.1832389117280861,-0.2655979620549696,-0.2853756522192173,-0.42239058826188147
C2_NMVT_M,0,development_2022_2024,QAUR,604,-0.1110168834763331,-0.04791126658928524,0.1831692797826051,-0.261568242481211,-0.2802865850016753,-0.42239058826188147
C2_NMVT_M,0,historical_holdout_2024_2025,AUR,312,0.28216228511216856,0.22231946866121444,0.14790285572244483,1.5031452068675413,2.149677286999697,-0.11959045989628936
C2_NMVT_M,0,historical_holdout_2024_2025,QAUR,312,0.2810209303177744,0.22144055638596738,0.14499402642519188,1.5272391687130453,2.0948781280342854,-0.11959045995969786
C2_NMVT_M,0,observed_2026,AUR,160,0.03208173392484892,0.050992688280601994,0.14538281992943258,0.3507476901696731,0.47790649827460613,-0.0839687789700938
C2_NMVT_M,0,observed_2026,QAUR,160,0.03208173397401959,0.05099268835946469,0.1453828199026507,0.35074769077673507,0.4779064993410814,-0.0839687789642054
C2_NMVT_M,20,development_2022_2024,AUR,604,0.060711850026255565,0.024895812202482492,0.09725193500875766,0.25599297536075344,0.21347048366441307,-0.20437533419888032
C2_NMVT_M,20,development_2022_2024,QAUR,604,0.061142456385842925,0.02506938232643674,0.09728699520099415,0.25768482493105677,0.2149587699904538,-0.20437533419888032
C2_NMVT_M,20,historical_holdout_2024_2025,AUR,312,0.30969967396733145,0.24347969055611296,0.11475254141270384,2.121780376788746,3.1534218219754955,-0.06354552880486652
C2_NMVT_M,20,historical_holdout_2024_2025,QAUR,312,0.29217271618933904,0.23002167787347072,0.11036665807513468,2.084159128175088,2.9630745159788865,-0.06142217534921224
C2_NMVT_M,20,observed_2026,AUR,160,-0.03792674743988822,-0.05907973662323007,0.10566810513013267,-0.559106615477509,-0.49212483226572734,-0.09837928675748497
C2_NMVT_M,20,observed_2026,QAUR,160,-0.03792674740796553,-0.059079736574057296,0.10566810509917805,-0.5591066151759435,-0.4921248323116196,-0.09837928672983431
C2_NMVT_M,30,development_2022_2024,AUR,604,0.13506646072821082,0.05427984233047245,0.10083832974086908,0.5382858132414425,0.48342632088378334,-0.20437533419888032
C2_NMVT_M,30,development_2022_2024,QAUR,604,0.13723138064671403,0.0551183342027779,0.10070893519428907,0.5473033161997279,0.4891143718826899,-0.20437533419888032
C2_NMVT_M,30,historical_holdout_2024_2025,AUR,312,0.22945094334534666,0.18156889561114808,0.14180518151117286,1.2804108684621107,1.6167341057403013,-0.11959045989628936
C2_NMVT_M,30,historical_holdout_2024_2025,QAUR,312,0.21299790824287856,0.16878093513575987,0.13826440924857966,1.2207113605954505,1.4937706324642408,-0.11959045995969764
C2_NMVT_M,30,observed_2026,AUR,160,-0.05206801765040814,-0.08077029001948854,0.1240424562383351,-0.6511503598759489,-0.6783712907398004,-0.0983792867574852
C2_NMVT_M,30,observed_2026,QAUR,160,-0.05206801761893398,-0.08077028997141766,0.12404245621173304,-0.6511503596280585,-0.6783712908504843,-0.09837928672983398
C2_NMVT_M,40,development_2022_2024,AUR,604,0.0996244328296989,0.040418151729772145,0.09483917771076149,0.42617568715155424,0.35161762384914996,-0.20437533419888032
C2_NMVT_M,40,development_2022_2024,QAUR,604,0.10172175392927407,0.04124561909564339,0.0947020404453898,0.43553041625779754,0.35725972736821593,-0.20437533419888032
C2_NMVT_M,40,historical_holdout_2024_2025,AUR,312,0.21438188995230556,0.16985790050351923,0.13953355238691836,1.2173265683977803,1.4673150869047997,-0.11959045989628936
C2_NMVT_M,40,historical_holdout_2024_2025,QAUR,312,0.19922378566441368,0.1580494694221921,0.13583104202234786,1.1635740039172249,1.3586407530534907,-0.11959045995969764
C2_NMVT_M,40,observed_2026,AUR,160,-0.05080156457415497,-0.07883527968549275,0.10392538388931966,-0.7585757851946179,-0.6339352000793292,-0.07421100979371864
C2_NMVT_M,40,observed_2026,QAUR,160,-0.0508015645361477,-0.07883527962739934,0.10392538384451908,-0.7585757849626362,-0.6339352000961873,-0.07421100976488892
C3_EW_X,0,development_2022_2024,AUR,604,-0.27502769045747943,-0.1255731069289625,0.15474104052766602,-0.8115048632267107,-0.8748538169299414,-0.44099964485727317
C3_EW_X,0,development_2022_2024,QAUR,604,-0.2875996870098423,-0.1319319653638248,0.1551977759588549,-0.8500892783334846,-0.9130655263856435,-0.4506934641178465
C3_EW_X,0,historical_holdout_2024_2025,AUR,312,0.306475448348547,0.24100659304999383,0.13992839566397292,1.7223565803523704,2.1893774528560837,-0.1362586917149653
C3_EW_X,0,historical_holdout_2024_2025,QAUR,312,0.3156922084048117,0.24807307397304812,0.13591541296265422,1.82520192938833,2.282173563793138,-0.1362586917149653
C3_EW_X,0,observed_2026,AUR,160,0.011950649727848983,0.018886834087012305,0.14286571758525496,0.13219990356147973,0.16025456954671463,-0.09843071617240606
C3_EW_X,0,observed_2026,QAUR,160,0.038926994834936446,0.06199243620708694,0.14206771010798178,0.4363583826329585,0.554014281393883,-0.09843071617240573
C3_EW_X,20,development_2022_2024,AUR,604,-0.08584778032893514,-0.03675624302305769,0.08212697616075551,-0.4475538336040882,-0.3356808280873526,-0.2031542624110908
C3_EW_X,20,development_2022_2024,QAUR,604,-0.08584778032893514,-0.03675624302305769,0.08212697616075551,-0.4475538336040882,-0.3356808280873526,-0.2031542624110908
C3_EW_X,20,historical_holdout_2024_2025,AUR,312,0.28075246392201914,0.22123379913855912,0.09743564749076487,2.270563236720196,3.1052128014272946,-0.053104745842516454
C3_EW_X,20,historical_holdout_2024_2025,QAUR,312,0.3087026559624668,0.24271506691296363,0.09248730073927595,2.624306958608118,3.679494120806263,-0.03920942583847975
C3_EW_X,20,observed_2026,AUR,160,-0.04643600743875975,-0.07215377895526665,0.11568666476616934,-0.6237000530796426,-0.4844625374392979,-0.09347420154204511
C3_EW_X,20,observed_2026,QAUR,160,-0.034268020126560716,-0.05343778181214476,0.11074845436594544,-0.4825149219290287,-0.3867138949649084,-0.10167252229470947
C3_EW_X,30,development_2022_2024,AUR,604,-0.0068800243134760075,-0.0028762493568327274,0.08894637978931076,-0.0323368906485656,-0.026895903886197895,-0.19886389170640473
C3_EW_X,30,development_2022_2024,QAUR,604,-0.0068800243134760075,-0.0028762493568327274,0.08894637978931076,-0.0323368906485656,-0.026895903886197895,-0.19886389170640473
C3_EW_X,30,historical_holdout_2024_2025,AUR,312,0.19649231608415363,0.15591856297452833,0.13439345532607944,1.1601648502616622,1.2983105987738823,-0.1362586917149654
C3_EW_X,30,historical_holdout_2024_2025,QAUR,312,0.22260367714065632,0.17625094830007093,0.13087649164197301,1.3466967679896609,1.4924906137618499,-0.1362586917149654
C3_EW_X,30,observed_2026,AUR,160,-0.03140227820023589,-0.04901005938641689,0.1255735220844318,-0.39028975673282484,-0.35746841759868075,-0.09347420154204567
C3_EW_X,30,observed_2026,QAUR,160,-0.005581625364806997,-0.008776941606447264,0.12475913608346827,-0.07035109317024431,-0.06776566191983992,-0.10167252229470869
C3_EW_X,40,development_2022_2024,AUR,604,-0.08362475120978985,-0.03577963793648786,0.08520303400165953,-0.4199338480809377,-0.3240665715247172,-0.228089040156638
C3_EW_X,40,development_2022_2024,QAUR,604,-0.08362475120978985,-0.03577963793648786,0.08520303400165953,-0.4199338480809377,-0.3240665715247172,-0.228089040156638
C3_EW_X,40,historical_holdout_2024_2025,AUR,312,0.18349687986730379,0.1457675491103887,0.13204149442548296,1.1039525850917415,1.1721305303392233,-0.1362586917149654
C3_EW_X,40,historical_holdout_2024_2025,QAUR,312,0.1824493684536297,0.14494838468533633,0.1286234598178291,1.1269202748132292,1.199955028624565,-0.1362586917149654
C3_EW_X,40,observed_2026,AUR,160,-0.03964998565521005,-0.06173279494222006,0.11656356243620031,-0.5296062822034011,-0.4254697432548472,-0.08079257702026743
C3_EW_X,40,observed_2026,QAUR,160,-0.014065537873461986,-0.022063458609896558,0.115928761015345,-0.19031910991420078,-0.15990526821904255,-0.08952844201331278
C3_EW_M,0,development_2022_2024,AUR,604,-0.2715976487187167,-0.123849384100713,0.1558811990782799,-0.794511363994055,-0.8568302573885465,-0.42693611753912
C3_EW_M,0,development_2022_2024,QAUR,604,-0.28242368443134236,-0.12930610979465174,0.15551381095112873,-0.8314766965313908,-0.8968510761404246,-0.42693611753912
C3_EW_M,0,historical_holdout_2024_2025,AUR,312,0.33490397541017325,0.26277222624142516,0.13766829823550292,1.9087344698044615,2.409822848481793,-0.13188884362485942
C3_EW_M,0,historical_holdout_2024_2025,QAUR,312,0.3003406140930205,0.23629770866170974,0.13316496300340486,1.7744735802289668,2.258002542853232,-0.13188884362485942
C3_EW_M,0,observed_2026,AUR,160,0.07659631000626921,0.1232677677542342,0.14421191950303436,0.8547682339922015,1.043706311862127,-0.08774340117868684
C3_EW_M,0,observed_2026,QAUR,160,0.07659631000626921,0.1232677677542342,0.14421191950303436,0.8547682339922015,1.043706311862127,-0.08774340117868684
C3_EW_M,20,development_2022_2024,AUR,604,-0.059928736167490615,-0.02545436946669266,0.082211063763574,-0.30962218832121424,-0.24563956637665302,-0.16455978474262223
C3_EW_M,20,development_2022_2024,QAUR,604,-0.059637686548045465,-0.025328496385370936,0.08222631156779121,-0.30803396020614326,-0.24442486690610357,-0.16455978474262223
C3_EW_M,20,historical_holdout_2024_2025,AUR,312,0.3194947600403424,0.2509857099486954,0.09967916339505667,2.5179355584473373,3.1870400573425735,-0.05321207920898441
C3_EW_M,20,historical_holdout_2024_2025,QAUR,312,0.3258900426700453,0.2558806605478139,0.09365382082661286,2.7321967036619004,3.6809300946245744,-0.04278256789540147
C3_EW_M,20,observed_2026,AUR,160,-0.04216589151019279,-0.06560131260296231,0.11355032141125684,-0.5777289908794473,-0.4687383277772377,-0.08938591181794864
C3_EW_M,20,observed_2026,QAUR,160,-0.04216589151019279,-0.06560131260296231,0.11355032141125684,-0.5777289908794473,-0.4687383277772377,-0.08938591181794864
C3_EW_M,30,development_2022_2024,AUR,604,0.012714928791401903,0.0052853801076317986,0.0873566933371425,0.060503436035903045,0.05271211256130462,-0.16455978474262223
C3_EW_M,30,development_2022_2024,QAUR,604,-0.0023367634038811147,-0.0009756056907340716,0.08673669014842841,-0.011247900848701553,-0.009787310238898773,-0.16455978474262223
C3_EW_M,30,historical_holdout_2024_2025,AUR,312,0.21434463147907468,0.16982891037685532,0.13193330634531494,1.287233035245509,1.4424093723045472,-0.13188884362485898
C3_EW_M,30,historical_holdout_2024_2025,QAUR,312,0.22023027601769596,0.17440630457103046,0.1274487292427185,1.3684428680248673,1.556035981504053,-0.13188884362485898
C3_EW_M,30,observed_2026,AUR,160,-0.0007964229881439744,-0.0012540789596634516,0.1263631814323121,-0.009924401597432188,-0.009522085955628245,-0.09209322523508623
C3_EW_M,30,observed_2026,QAUR,160,-0.0007964229881439744,-0.0012540789596634516,0.1263631814323121,-0.009924401597432188,-0.009522085955628245,-0.09209322523508623
C3_EW_M,40,development_2022_2024,AUR,604,-0.04549968457015907,-0.019241221659166086,0.08414198518445132,-0.22867563223028983,-0.18551405745664476,-0.17443170500553729
C3_EW_M,40,development_2022_2024,QAUR,604,-0.05968614962533081,-0.02534945411168321,0.0834906233139902,-0.30362037203087333,-0.24596754580744337,-0.17443170500553729
C3_EW_M,40,historical_holdout_2024_2025,AUR,312,0.21776590214142932,0.17249022510432255,0.12902684794980088,1.3368552967474763,1.4305038032788793,-0.13188884362485898
C3_EW_M,40,historical_holdout_2024_2025,QAUR,312,0.18695701757840766,0.14847242141007055,0.12501382074527023,1.1876480578303408,1.2939437091153119,-0.13188884362485898
C3_EW_M,40,observed_2026,AUR,160,-0.017510214393621326,-0.027439405347734924,0.11119201767752884,-0.24677495669979413,-0.18924706329383437,-0.09555643752755938
C3_EW_M,40,observed_2026,QAUR,160,-0.017510214393621326,-0.027439405347734924,0.11119201767752884,-0.24677495669979413,-0.18924706329383437,-0.09555643752755938
C3_IV_X,0,development_2022_2024,AUR,604,-0.2088436106953372,-0.09311303094542078,0.14424035539971797,-0.6455407759318572,-0.6896610944224645,-0.4214600630105477
C3_IV_X,0,development_2022_2024,QAUR,604,-0.21744207659056536,-0.09723834017126398,0.14499407086193836,-0.6706366653009775,-0.7148750153330441,-0.4277477653971795
C3_IV_X,0,historical_holdout_2024_2025,AUR,312,0.2597457649420307,0.2050296489826522,0.1319188309235636,1.5542106274535623,1.9593239558157702,-0.13089707320259636
C3_IV_X,0,historical_holdout_2024_2025,QAUR,312,0.2660752616703188,0.2099175286318482,0.12864882639072936,1.6317096278382777,2.0250633369252227,-0.13089707320259636
C3_IV_X,0,observed_2026,AUR,160,0.028229935592060107,0.04482157924365593,0.13658816379895833,0.32815126872653483,0.3978039230970605,-0.08918469155025899
C3_IV_X,0,observed_2026,QAUR,160,0.05429094179681759,0.0868328293053604,0.13694108442362204,0.6340889563627694,0.8043007820348341,-0.08918469155025877
C3_IV_X,20,development_2022_2024,AUR,604,-0.014283610167409533,-0.0059843793177516424,0.07647861476368761,-0.07824905480104292,-0.060084664672843915,-0.17366392291064126
C3_IV_X,20,development_2022_2024,QAUR,604,-0.014283610167409533,-0.0059843793177516424,0.07647861476368761,-0.07824905480104292,-0.060084664672843915,-0.17366392291064126
C3_IV_X,20,historical_holdout_2024_2025,AUR,312,0.25492854775706353,0.20130644442007473,0.0896037963235775,2.2466285211077026,3.060810158564879,-0.04795000379146297
C3_IV_X,20,historical_holdout_2024_2025,QAUR,312,0.27878461329424264,0.2197180201304132,0.08500243165728802,2.584843937362524,3.546660519267853,-0.03329029845269604
C3_IV_X,20,observed_2026,AUR,160,-0.03592061478230335,-0.05598769670797754,0.10839179479179921,-0.5165307652255381,-0.3948910988810817,-0.08245181189807194
C3_IV_X,20,observed_2026,QAUR,160,-0.023987759251380858,-0.03751927371809016,0.10356843908858956,-0.3622655130101673,-0.2880592743396176,-0.09229412530043679
C3_IV_X,30,development_2022_2024,AUR,604,0.05448449259224586,0.022381065039749348,0.08220024577526057,0.27227491631765016,0.23039874179100336,-0.17286039834836986
C3_IV_X,30,development_2022_2024,QAUR,604,0.05448449259224586,0.022381065039749348,0.08220024577526057,0.27227491631765016,0.23039874179100336,-0.17286039834836986
C3_IV_X,30,historical_holdout_2024_2025,AUR,312,0.1676528446089165,0.1333623759932283,0.12638878340587476,1.0551757236633819,1.1712917915082601,-0.13089707320259636
C3_IV_X,30,historical_holdout_2024_2025,QAUR,312,0.1898498078029156,0.1507326209376152,0.12319539655237892,1.2235247838463532,1.329520933898309,-0.13089707320259636
C3_IV_X,30,observed_2026,AUR,160,-0.015272511334654237,-0.02394835724741251,0.11966088477425785,-0.20013521789172348,-0.18609977226156635,-0.0824518118980716
C3_IV_X,30,observed_2026,QAUR,160,0.009647911971977674,0.015237552730653636,0.12015568547613986,0.12681507887264695,0.12428062452397783,-0.09229412530043613
C3_IV_X,40,development_2022_2024,AUR,604,-0.010854069908601827,-0.004542924521126479,0.07923267295465497,-0.05733650464785411,-0.045305366036924005,-0.19480273671653026
C3_IV_X,40,development_2022_2024,QAUR,604,-0.010854069908601827,-0.004542924521126479,0.07923267295465497,-0.05733650464785411,-0.045305366036924005,-0.19480273671653026
C3_IV_X,40,historical_holdout_2024_2025,AUR,312,0.15268035487663156,0.12160980453352477,0.12422560794027711,0.978943122516173,1.0341697744446614,-0.13089707320259636
C3_IV_X,40,historical_holdout_2024_2025,QAUR,312,0.14947040111369936,0.11908635843872517,0.120854843715488,0.9853668647247095,1.0261993728451804,-0.13089707320259636
C3_IV_X,40,observed_2026,AUR,160,-0.023806718893161327,-0.03723807334378981,0.11230572995792568,-0.3315776795871477,-0.27165984906653784,-0.06965768751634926
C3_IV_X,40,observed_2026,QAUR,160,0.0008804289632682316,0.0013870265733275655,0.11309049496798887,0.012264749338307998,0.010566665786378722,-0.07937778087315661
C3_IV_M,0,development_2022_2024,AUR,604,-0.17892381185950224,-0.07895851716774138,0.1443949143293108,-0.5468233942621175,-0.5843188075361431,-0.3788346976656126
C3_IV_M,0,development_2022_2024,QAUR,604,-0.18690749682007513,-0.0827056390242038,0.14420465618953576,-0.5735296016759641,-0.6131252194695495,-0.3788346976656126
C3_IV_M,0,historical_holdout_2024_2025,AUR,312,0.2868888591330605,0.22595761696397876,0.13236031261574294,1.7071402484516598,2.155058422371836,-0.12737526771187113
C3_IV_M,0,historical_holdout_2024_2025,QAUR,312,0.25426500357191895,0.20079337906880057,0.12715263261224494,1.5791523537001777,2.0004668608413794,-0.12737526771187113
C3_IV_M,0,observed_2026,AUR,160,0.07186551258571816,0.11550358106042058,0.13892980898172416,0.8313808383312091,1.007354312075548,-0.08528124480436305
C3_IV_M,0,observed_2026,QAUR,160,0.07186551258571816,0.11550358106042058,0.13892980898172416,0.8313808383312091,1.007354312075548,-0.08528124480436305
C3_IV_M,20,development_2022_2024,AUR,604,0.004614477353663826,0.0019226630863391492,0.07663476754294107,0.025088652944132903,0.019756756448698315,-0.15225668429257588
C3_IV_M,20,development_2022_2024,QAUR,604,0.004830112756635918,0.002012383501352799,0.07664841388533143,0.026254731172433543,0.02067869872787106,-0.15225668429257588
C3_IV_M,20,historical_holdout_2024_2025,AUR,312,0.2907278868288039,0.2289107102194241,0.09415682778242591,2.431164214117137,3.113743835687121,-0.04983035274473113
C3_IV_M,20,historical_holdout_2024_2025,QAUR,312,0.29155300685053875,0.22954519618309122,0.0870584280846045,2.636679770510171,3.596028962648148,-0.038343693974916104
C3_IV_M,20,observed_2026,AUR,160,-0.042340753808539966,-0.06586996818360302,0.10732599847888101,-0.6137372968075814,-0.4898777854310153,-0.08940712033211906
C3_IV_M,20,observed_2026,QAUR,160,-0.042340753808539966,-0.06586996818360302,0.10732599847888101,-0.6137372968075814,-0.4898777854310153,-0.08940712033211906
C3_IV_M,30,development_2022_2024,AUR,604,0.07210222557789492,0.02947333527256979,0.0815351647103708,0.3614800482376526,0.3140537426360135,-0.15225668429257588
C3_IV_M,30,development_2022_2024,QAUR,604,0.06167770403144912,0.02528507436668348,0.08121866011609265,0.31132099853089673,0.27057233784619256,-0.15225668429257588
C3_IV_M,30,historical_holdout_2024_2025,AUR,312,0.18486483796152675,0.14683709615632523,0.12686819436945201,1.1573988018519592,1.292716999297619,-0.12737526771187135
C3_IV_M,30,historical_holdout_2024_2025,QAUR,312,0.1856222832068235,0.14742920755552769,0.12169278854253011,1.2114868047748204,1.3632786945870177,-0.12737526771187135
C3_IV_M,30,observed_2026,AUR,160,0.004508590859054751,0.0071102292303435455,0.1222255189221246,0.05817303369252859,0.05607594573269666,-0.09579892074786378
C3_IV_M,30,observed_2026,QAUR,160,0.004508590859054751,0.0071102292303435455,0.1222255189221246,0.05817303369252859,0.05607594573269666,-0.09579892074786378
C3_IV_M,40,development_2022_2024,AUR,604,0.011384161952449512,0.004734021570144797,0.07891721708347572,0.05998718334349428,0.048701960123854644,-0.15631494464657703
C3_IV_M,40,development_2022_2024,QAUR,604,0.001550028847910223,0.0006464089247515403,0.07858507856360464,0.008225593669520283,0.006680242126393526,-0.15631494464657703
C3_IV_M,40,historical_holdout_2024_2025,AUR,312,0.18347190328824392,0.14574801879830446,0.12422442522123743,1.1732637807640052,1.2508202279874907,-0.12737526771187135
C3_IV_M,40,historical_holdout_2024_2025,QAUR,312,0.15253633730383487,0.12149661674957435,0.1194326675759712,1.0172812783595433,1.0961912211584737,-0.12737526771187135
C3_IV_M,40,observed_2026,AUR,160,-0.005413854255118311,-0.008513538401196397,0.10832888757364037,-0.07858973346706823,-0.06163013173438432,-0.0889404047007949
C3_IV_M,40,observed_2026,QAUR,160,-0.005413854255118311,-0.008513538401196397,0.10832888757364037,-0.07858973346706823,-0.06163013173438432,-0.0889404047007949
C3_NMV_X,0,development_2022_2024,AUR,604,-0.30708194223616847,-0.14191654980499302,0.16917628643931373,-0.8388678625825067,-0.8982824952870438,-0.4770782458473055
C3_NMV_X,0,development_2022_2024,QAUR,604,-0.3116502605348971,-0.14428140218709518,0.16960675778575451,-0.8506819189913998,-0.9134100888786532,-0.4805258007082792
C3_NMV_X,0,historical_holdout_2024_2025,AUR,312,0.32520367081639456,0.25535552925654903,0.1412975560354749,1.8072183017265928,2.263551206923454,-0.14293226989692465
C3_NMV_X,0,historical_holdout_2024_2025,QAUR,312,0.3221507912302264,0.25301918944545365,0.13716645263111232,1.844614223026596,2.2617175439123676,-0.14293226989692465
C3_NMV_X,0,observed_2026,AUR,160,-0.001828065111921462,-0.0028776889403351325,0.14650575848993955,-0.019642155844220563,-0.024081632607478726,-0.09762233067442305
C3_NMV_X,0,observed_2026,QAUR,160,0.016114481935087577,0.02549762692217472,0.14759577667423632,0.17275309291844715,0.22336019079304897,-0.10225323012145515
C3_NMV_X,20,development_2022_2024,AUR,604,-0.0976524326443805,-0.041965511800310606,0.08566033102068764,-0.48990601951066015,-0.36915705619013617,-0.21576811006858831
C3_NMV_X,20,development_2022_2024,QAUR,604,-0.0976524326443805,-0.041965511800310606,0.08566033102068764,-0.48990601951066015,-0.36915705619013617,-0.21576811006858831
C3_NMV_X,20,historical_holdout_2024_2025,AUR,312,0.28648888691852537,0.22564984917475717,0.09789275893168323,2.305071913768742,3.1781352833046186,-0.04922274132856397
C3_NMV_X,20,historical_holdout_2024_2025,QAUR,312,0.3071740914008565,0.24154257701934445,0.09237899054190658,2.6146916696364166,3.7026750117663507,-0.03932239895259515
C3_NMV_X,20,observed_2026,AUR,160,-0.04565622683710546,-0.07095846710284737,0.11837607506370271,-0.5994325041159025,-0.47213731416802074,-0.10485861607348734
C3_NMV_X,20,observed_2026,QAUR,160,-0.05549511236855431,-0.08599908562684233,0.11852334483585587,-0.7255877375545154,-0.6048651665974298,-0.11839921882356863
C3_NMV_X,30,development_2022_2024,AUR,604,-0.01125671183307908,-0.004712006096637356,0.09384244878337032,-0.05021188340379672,-0.042760390573662634,-0.21576811006858831
C3_NMV_X,30,development_2022_2024,QAUR,604,-0.01125671183307908,-0.004712006096637356,0.09384244878337032,-0.05021188340379672,-0.042760390573662634,-0.21576811006858831
C3_NMV_X,30,historical_holdout_2024_2025,AUR,312,0.19375751591725843,0.15378412080270154,0.13602067426593853,1.1305937250541276,1.269682673804835,-0.14293226989692442
C3_NMV_X,30,historical_holdout_2024_2025,QAUR,312,0.21295171072932217,0.16874498179874453,0.13212882650738864,1.2771246537129302,1.4072233954306501,-0.14293226989692442
C3_NMV_X,30,observed_2026,AUR,160,-0.0524156491082165,-0.08130117533163694,0.12768593437692746,-0.6367277314323188,-0.5796625872485567,-0.10485861607348701
C3_NMV_X,30,observed_2026,QAUR,160,-0.035418405808113174,-0.05521306562873585,0.12900856336256525,-0.4279798502488957,-0.4158661773837228,-0.11839921882356874
C3_NMV_X,40,development_2022_2024,AUR,604,-0.09831377738752611,-0.04225852796234619,0.08950952678070455,-0.47211206987920096,-0.3708722482368172,-0.23659302193066645
C3_NMV_X,40,development_2022_2024,QAUR,604,-0.09831377738752611,-0.04225852796234619,0.08950952678070455,-0.47211206987920096,-0.3708722482368172,-0.23659302193066645
C3_NMV_X,40,historical_holdout_2024_2025,AUR,312,0.1742732275580141,0.13854975295571537,0.13451088654483245,1.030026316193647,1.107959233597631,-0.14293226989692442
C3_NMV_X,40,historical_holdout_2024_2025,QAUR,312,0.16154928199355045,0.12857493886250038,0.12949897578532052,0.9928645233121227,1.0456154813980607,-0.14293226989692442
C3_NMV_X,40,observed_2026,AUR,160,-0.061462087577440205,-0.09507701869751473,0.1169745647140115,-0.8128007907528136,-0.6597283293028284,-0.09762233067442305
C3_NMV_X,40,observed_2026,QAUR,160,-0.044641107256862766,-0.06940156674245901,0.11862494169481158,-0.5850503760078518,-0.5051756776964836,-0.1051724518233389
C3_NMV_M,0,development_2022_2024,AUR,604,-0.23874101878532628,-0.10757211312106651,0.16939627996864443,-0.6350323226754349,-0.6709622646275439,-0.450826219996309
C3_NMV_M,0,development_2022_2024,QAUR,604,-0.23531976662794385,-0.10590093929571476,0.16929300914746884,-0.6255482127053805,-0.6604185748203498,-0.450826219996309
C3_NMV_M,0,historical_holdout_2024_2025,AUR,312,0.3998495921065579,0.31216606812257663,0.14264023136075185,2.1884854304048096,2.748266258673432,-0.13808972511475603
C3_NMV_M,0,historical_holdout_2024_2025,QAUR,312,0.31769162278587193,0.24960476455868053,0.13878654243856972,1.7984795944402292,2.2158191925851316,-0.13808972511475603
C3_NMV_M,0,observed_2026,AUR,160,0.08608278380166334,0.13889612135506568,0.14396197158518903,0.964811191633857,1.258610938630502,-0.09726891195116427
C3_NMV_M,0,observed_2026,QAUR,160,0.08608278380166334,0.13889612135506568,0.14396197158518903,0.964811191633857,1.258610938630502,-0.09726891195116427
C3_NMV_M,20,development_2022_2024,AUR,604,-0.048331609250561125,-0.020456308496109132,0.08612723395580786,-0.23751266070619806,-0.19421192560483197,-0.18677867568307993
C3_NMV_M,20,development_2022_2024,QAUR,604,-0.048166843556915584,-0.02038555520401275,0.08613651900048348,-0.23666564937338977,-0.19354019477404533,-0.18677867568307993
C3_NMV_M,20,historical_holdout_2024_2025,AUR,312,0.33821852431443866,0.26530409841333324,0.10242231459032661,2.590295869357264,3.448958184581277,-0.05771019556482693
C3_NMV_M,20,historical_holdout_2024_2025,QAUR,312,0.3120544762412376,0.24528516911711917,0.0975816175328747,2.5136411479803966,3.3164304430068934,-0.05215689459292783
C3_NMV_M,20,observed_2026,AUR,160,-0.020427173856949143,-0.03198330321334664,0.1090695826981409,-0.2932376050421232,-0.24074681123052294,-0.08798585688434091
C3_NMV_M,20,observed_2026,QAUR,160,-0.020427173856949143,-0.03198330321334664,0.1090695826981409,-0.2932376050421232,-0.24074681123052294,-0.08798585688434091
C3_NMV_M,30,development_2022_2024,AUR,604,0.026614353457919293,0.011019077065046234,0.09132852385753634,0.12065318259424546,0.10790818077125047,-0.17732617519869942
C3_NMV_M,30,development_2022_2024,QAUR,604,0.03122816644172488,0.012912326529079587,0.0911275840570292,0.14169503847483583,0.12650846075974004,-0.17732617519869942
C3_NMV_M,30,historical_holdout_2024_2025,AUR,312,0.24266435989034507,0.19181507114358998,0.13671669477088674,1.4030113254642271,1.5793277070279137,-0.13808972511475592
C3_NMV_M,30,historical_holdout_2024_2025,QAUR,312,0.21836852968004128,0.1729588438751366,0.133101432143877,1.2994514115233218,1.4432390376835782,-0.13808972511475592
C3_NMV_M,30,observed_2026,AUR,160,0.0008379323651450665,0.001320061370908121,0.12333162717619156,0.01070334837164097,0.010865895173511244,-0.08798585688434091
C3_NMV_M,30,observed_2026,QAUR,160,0.0008379323651450665,0.001320061370908121,0.12333162717619156,0.01070334837164097,0.010865895173511244,-0.08798585688434091
C3_NMV_M,40,development_2022_2024,AUR,604,-0.027484938093455535,-0.011560421050773373,0.08735843641264161,-0.13233319557331807,-0.10960208322538861,-0.1959068076145558
C3_NMV_M,40,development_2022_2024,QAUR,604,-0.023114258290999334,-0.009709454293046926,0.08715028172684985,-0.11141047510871753,-0.09209585001331286,-0.1959068076145558
C3_NMV_M,40,historical_holdout_2024_2025,AUR,312,0.22763748588442922,0.1801610248431642,0.13398048696509726,1.3446810720287743,1.4483124175218147,-0.13808972511475592
C3_NMV_M,40,historical_holdout_2024_2025,QAUR,312,0.20381166713635368,0.1616265231982983,0.1303064161472235,1.2403573667139194,1.3177961791394257,-0.13808972511475592
C3_NMV_M,40,observed_2026,AUR,160,-0.017067858718942897,-0.02674964695132953,0.10627404313549264,-0.25170442529626386,-0.20650289996316273,-0.07380791551644428
C3_NMV_M,40,observed_2026,QAUR,160,-0.017067858718942897,-0.02674964695132953,0.10627404313549264,-0.25170442529626386,-0.20650289996316273,-0.07380791551644428
C3_NMVT_X,0,development_2022_2024,AUR,604,-0.2837081724579231,-0.12995671531905673,0.16789807912536756,-0.7740214539442083,-0.8301969425093879,-0.4651883787673642
C3_NMVT_X,0,development_2022_2024,QAUR,604,-0.2918757379259246,-0.13410966244476252,0.16818820991038258,-0.7973784994573729,-0.8578021735693956,-0.471286604081429
C3_NMVT_X,0,historical_holdout_2024_2025,AUR,312,0.2680008969334562,0.2114036447448575,0.13399466098832458,1.5777020008526896,1.9998178244282387,-0.1364011870820483
C3_NMVT_X,0,historical_holdout_2024_2025,QAUR,312,0.28296217588749273,0.22293534329934017,0.13305502337479275,1.6755124131718822,2.0750301023352926,-0.1364011870820483
C3_NMVT_X,0,observed_2026,AUR,160,0.01767677564288328,0.027982059126308245,0.1421325818937528,0.1968729390086324,0.2411235902994458,-0.09515031920952566
C3_NMVT_X,0,observed_2026,QAUR,160,0.028113999178986937,0.04463603895448154,0.1442887724975424,0.30935212894157654,0.40196410675676103,-0.09515031919378181
C3_NMVT_X,20,development_2022_2024,AUR,604,-0.08326132858675317,-0.03562011309247892,0.08311490556580199,-0.42856468223113736,-0.32906536602337294,-0.20338933887319488
C3_NMVT_X,20,development_2022_2024,QAUR,604,-0.08326148815333845,-0.03562018312635573,0.08311490568818734,-0.42856552421520977,-0.32906605349424883,-0.20338933887319488
C3_NMVT_X,20,historical_holdout_2024_2025,AUR,312,0.2570559775323562,0.20295106317036593,0.09278898732723825,2.1872322246024725,3.04742769191971,-0.04606217807732549
C3_NMVT_X,20,historical_holdout_2024_2025,QAUR,312,0.27853302005706726,0.21952419273301804,0.09092647485711094,2.4143044484897906,3.2957049142679975,-0.04043607569688623
C3_NMVT_X,20,observed_2026,AUR,160,-0.027339015292445756,-0.04271918343797709,0.11354282877223834,-0.3762384987225375,-0.29530349744131,-0.0876777064758687
C3_NMVT_X,20,observed_2026,QAUR,160,-0.04902114970586813,-0.07611247726593329,0.11431515541130714,-0.6658126561791373,-0.5543297868209504,-0.11235642262899947
C3_NMVT_X,30,development_2022_2024,AUR,604,0.010107764683544795,0.00420479186287559,0.09122160431578524,0.04609425469343539,0.04012409216000319,-0.20338933887319488
C3_NMVT_X,30,development_2022_2024,QAUR,604,0.010107588870739814,0.004204718939173624,0.09122160455863755,0.04609345515810146,0.04012340115919466,-0.20338933887319488
C3_NMVT_X,30,historical_holdout_2024_2025,AUR,312,0.16288681960168394,0.12962447317975934,0.12918967907700027,1.0033655482842396,1.1360372184472083,-0.1364011870820484
C3_NMVT_X,30,historical_holdout_2024_2025,QAUR,312,0.18275496399814428,0.14518737787667768,0.12788331946026224,1.1353113016572298,1.2594786734776016,-0.13640118708204818
C3_NMVT_X,30,observed_2026,AUR,160,-0.034324435355734595,-0.05352487058545474,0.12323356920114552,-0.43433677148545335,-0.3953615847268597,-0.08767770647586826
C3_NMVT_X,30,observed_2026,QAUR,160,-0.024732015438529653,-0.038674972236919736,0.12506118408557645,-0.3092484092462722,-0.300207688063012,-0.11235642262899936
C3_NMVT_X,40,development_2022_2024,AUR,604,-0.07882949639381231,-0.033677712306154683,0.08677404717231729,-0.38810811992296435,-0.3110388167592249,-0.2262509290164475
C3_NMVT_X,40,development_2022_2024,QAUR,604,-0.07882949620474222,-0.03367771222340454,0.08677404718057069,-0.3881081189324222,-0.3110388159815586,-0.22625092901736144
C3_NMVT_X,40,historical_holdout_2024_2025,AUR,312,0.1462272846477457,0.11653546547122606,0.1276051534514514,0.9132504630039342,0.9913645924683746,-0.1364011870820484
C3_NMVT_X,40,historical_holdout_2024_2025,QAUR,312,0.1326666696829999,0.10585418783170653,0.1251298298167619,0.8459548613365628,0.8961615657296781,-0.13640118708204818
C3_NMVT_X,40,observed_2026,AUR,160,-0.04252051554626968,-0.0661461217814312,0.1121365642755396,-0.5898711290895122,-0.4710531129332615,-0.07725218975555592
C3_NMVT_X,40,observed_2026,QAUR,160,-0.033133410348687664,-0.05168565200715736,0.11432160798644855,-0.4521074617257314,-0.387132864225005,-0.09863062924669286
C3_NMVT_M,0,development_2022_2024,AUR,604,-0.2661825631073711,-0.1211377054129461,0.16974966140502337,-0.7136256085006912,-0.7568003498776563,-0.4559187935503761
C3_NMVT_M,0,development_2022_2024,QAUR,604,-0.26434560987234135,-0.12022047589808316,0.16963115466058784,-0.7087169579115954,-0.7500263062759098,-0.4559187935503761
C3_NMVT_M,0,historical_holdout_2024_2025,AUR,312,0.29567664239847935,0.23271494833466533,0.13927466247270154,1.6709065683808677,2.111671138550632,-0.1376433551221088
C3_NMVT_M,0,historical_holdout_2024_2025,QAUR,312,0.22514894034866528,0.17822840081267088,0.13463692202627994,1.3237706130706275,1.6586265429038356,-0.13764335512210857
C3_NMVT_M,0,observed_2026,AUR,160,0.09639202956210569,0.15596915208551843,0.145356352255506,1.0730122878383557,1.4132549505661094,-0.0970524195039223
C3_NMVT_M,0,observed_2026,QAUR,160,0.09639202937495073,0.15596915177473192,0.14535635221366772,1.073012286009103,1.4132549478668737,-0.09705241949246268
C3_NMVT_M,20,development_2022_2024,AUR,604,-0.05461823145072431,-0.023161245905646055,0.08569539393370691,-0.2702741050885811,-0.2210192841108891,-0.18761240155616954
C3_NMVT_M,20,development_2022_2024,QAUR,604,-0.05438970472071081,-0.02306273469011666,0.08568962878030142,-0.26914266076758153,-0.21982240245251897,-0.18761240155616954
C3_NMVT_M,20,historical_holdout_2024_2025,AUR,312,0.2487006844710471,0.19648888118317287,0.09946739907470518,1.9754098630406483,2.606988882264151,-0.05604256506619987
C3_NMVT_M,20,historical_holdout_2024_2025,QAUR,312,0.22982161021442415,0.18185661224665672,0.09359849103072769,1.9429438471070495,2.626194418223181,-0.05150059202567481
C3_NMVT_M,20,observed_2026,AUR,160,-0.013659562942319847,-0.021429159927816688,0.11049472249308794,-0.19393831166151126,-0.16147182913471775,-0.0876639684811994
C3_NMVT_M,20,observed_2026,QAUR,160,-0.013659563022790033,-0.021429160053558882,0.1104947224612967,-0.19393831285530344,-0.1614718300900112,-0.08766396846722657
C3_NMVT_M,30,development_2022_2024,AUR,604,0.017263552467287946,0.007166767972157206,0.09097983941655359,0.07877314378786679,0.07054181589818269,-0.17732617519869942
C3_NMVT_M,30,development_2022_2024,QAUR,604,0.01981005172188799,0.008217903153409756,0.09075290117203794,0.09055251179057393,0.08085984301402106,-0.17732617519869942
C3_NMVT_M,30,historical_holdout_2024_2025,AUR,312,0.15392881702304972,0.1225908949180432,0.1333690889601659,0.9191852165583746,1.0399366497270879,-0.13764335512210868
C3_NMVT_M,30,historical_holdout_2024_2025,QAUR,312,0.13648259624791326,0.10886234955637253,0.12902747862678518,0.8437144607875293,0.9557667396460182,-0.13764335512210812
C3_NMVT_M,30,observed_2026,AUR,160,0.010858187465211167,0.01715495015215529,0.12510786132249568,0.1371212805559378,0.14102847928355872,-0.08766396848119895
C3_NMVT_M,30,observed_2026,QAUR,160,0.010858187322749124,0.017154949926379892,0.12510786128369775,0.1371212787938153,0.14102847744207483,-0.08766396846722635
C3_NMVT_M,40,development_2022_2024,AUR,604,-0.03412628987068034,-0.014382312813266296,0.08709636206274993,-0.165131039605355,-0.13709468492536228,-0.19663477684045616
C3_NMVT_M,40,development_2022_2024,QAUR,604,-0.03170843396999834,-0.01335366744964639,0.08686030621748686,-0.15373728266868586,-0.1271974021193315,-0.19663477684045616
C3_NMVT_M,40,historical_holdout_2024_2025,AUR,312,0.13997335520378384,0.11161247515335537,0.13055294279480426,0.854921174230301,0.9263649787319211,-0.13764335512210868
C3_NMVT_M,40,historical_holdout_2024_2025,QAUR,312,0.12160910223089871,0.09712627586234523,0.12645024510494413,0.7680987552197924,0.8321422310902764,-0.13764335512210812
C3_NMVT_M,40,observed_2026,AUR,160,-0.014152965942133888,-0.022200037317140153,0.10695969336382227,-0.20755516979304495,-0.1707023351260375,-0.07391291768558572
C3_NMVT_M,40,observed_2026,QAUR,160,-0.01415296600318905,-0.022200037412517082,0.10695969335082882,-0.2075551707099678,-0.17070233587236805,-0.07391291768802166
