config_id,market_gate_lookback,worst_return,worst_sharpe,mean_sharpe,worst_drawdown,positive_cells,total_cells,passes_positive_all,passes_drawdown_20pct,practical_gate_passed
C1_IV_X,30,0.08800517940501562,0.871414551514557,1.0470211493061603,-0.1576768981929032,6,6,True,True,True
C1_EW_X,30,0.06648587699377129,0.8447847061093743,0.8998542504240673,-0.16638467081660913,6,6,True,True,True
C1_IV_X,20,0.0503453826864213,0.6472133909082984,1.1497410187306834,-0.16374728273794992,6,6,True,True,True
C1_IV_X,40,0.04242514529237007,0.6185399014093719,0.7377678387961573,-0.16963346095223863,6,6,True,True,True
C1_NMV_X,20,0.0432945603159014,0.6164640216863211,1.0372961857198868,-0.19432351821350546,6,6,True,True,True
C1_NMVT_X,20,0.04191000030335279,0.6113830271372127,0.9563725460408464,-0.19239788129579782,6,6,True,True,True
C1_EW_X,20,0.047971557279746335,0.5357978471486282,1.0487265521048137,-0.17284495159164937,6,6,True,True,True
C1_EW_X,40,0.03307244205379134,0.4745437638522631,0.6368662457452016,-0.18142193904365667,6,6,True,True,True
C1_NMVT_X,30,0.033077819134543995,0.42287737961797434,0.7108161143713937,-0.1910305210209603,6,6,True,True,True
C1_NMV_X,30,0.022496934545826353,0.2794003323203574,0.7201077259053532,-0.19295101963521843,6,6,True,True,True
C2_IV_X,40,0.01776360517738773,0.26355422044294846,0.42196284378235077,-0.16847477988679005,6,6,True,True,True
C2_IV_X,30,0.018070451160679957,0.24991030700879044,0.577466480728144,-0.1538662687091854,6,6,True,True,True
C3_NMVT_M,30,0.010858187322749124,0.07877314378786679,0.36774464871234963,-0.17732617519869942,6,6,True,True,True
C3_IV_M,30,0.004508590859054751,0.05817303369252859,0.526338786796731,-0.15225668429257588,6,6,True,True,True
C3_NMV_M,30,0.0008379323651450665,0.01070334837164097,0.497702942466652,-0.17732617519869942,6,6,True,True,True
C2_NMV_X,30,0.009314935371668609,0.12223073564743363,0.5557848951706669,-0.25582336911998016,6,6,True,False,False
C2_NMV_X,20,0.009078026154371255,0.11365428891380942,0.8084491025442847,-0.25582336911998016,6,6,True,False,False
C2_NMVT_X,20,0.00035251329319208047,0.005326616825628795,0.7834659975147026,-0.23143809988992525,6,6,True,False,False
C3_EW_M,30,-0.0023367634038811147,-0.011247900848701553,0.4475137725437856,-0.16455978474262223,3,6,False,True,False
C2_EW_X,30,-0.0029782910151908704,-0.03967841555841513,0.4176305316134022,-0.1963695350514676,5,6,False,True,False
C2_EW_X,40,-0.009667145376482722,-0.04588416688490422,0.2668525555398781,-0.2079453184438872,3,6,False,False,False
C2_NMVT_X,30,-0.005331518521786038,-0.0703376135671801,0.48661854690579404,-0.23143809988992525,5,6,False,False,False
C3_IV_M,40,-0.005413854255118311,-0.07858973346706823,0.3502630615337377,-0.15631494464657703,4,6,False,True,False
C2_EW_M,40,-0.005768602517998378,-0.0871471558204227,0.3067097769218137,-0.1533020862185609,4,6,False,True,False
C3_IV_X,30,-0.015272511334654237,-0.20013521789172348,0.4583217001876598,-0.17286039834836986,5,6,False,True,False
C3_NMVT_M,40,-0.03412628987068034,-0.2075551707099678,0.14817354444550665,-0.19663477684045616,2,6,False,True,False
C2_EW_M,30,-0.016080828187698182,-0.21311943121492863,0.3533992347404829,-0.1505088971576406,4,6,False,True,False
C2_IV_M,30,-0.01563588032538421,-0.2183729047216774,0.4344056463460562,-0.1337524975255776,4,6,False,True,False
C1_NMVT_X,40,-0.015925735636607263,-0.21959224205249417,0.3820873509784514,-0.18803985758653818,4,6,False,True,False
C2_IV_M,40,-0.013959213747786747,-0.21971365532437936,0.33764866163173624,-0.13904756256375317,4,6,False,True,False
C2_NMV_X,40,-0.016258547764270492,-0.22296649308782054,0.27088042493222503,-0.25582336911998016,4,6,False,False,False
C3_NMV_M,40,-0.027484938093455535,-0.25170442529626386,0.30631431957802174,-0.1959068076145558,2,6,False,True,False
C2_NMVT_M,0,-0.11270921837444958,-0.2655979620549696,0.5341189253318023,-0.42239058826188147,4,6,False,False,False
C3_NMVT_M,20,-0.05461823145072431,-0.2702741050885811,0.49851005329578674,-0.18761240155616954,2,6,False,True,False
C3_NMV_M,20,-0.048331609250561125,-0.2932376050421232,0.6738805828623043,-0.18677867568307993,2,6,False,True,False
C3_EW_M,40,-0.05968614962533081,-0.30362037203087333,0.24977623948617764,-0.17443170500553729,2,6,False,True,False
C2_IV_X,20,-0.019379410837182864,-0.31035329673577344,0.6674764242508716,-0.1538662687091854,4,6,False,True,False
C1_NMVT_M,0,-0.13647797325569389,-0.311552135831027,0.40020613160305,-0.47576069678441735,4,6,False,False,False
C1_EW_M,0,-0.13589122570905643,-0.3237591369403937,0.3855277766496521,-0.4616836556906785,4,6,False,False,False
C2_EW_X,20,-0.051620512361750914,-0.3308872421391088,0.5082414140564538,-0.1963695350514676,3,6,False,True,False
C3_IV_X,40,-0.023806718893161327,-0.3315776795871477,0.2550540079493891,-0.19480273671653026,3,6,False,True,False
C1_IV_M,0,-0.13728416382716602,-0.33232207030446403,0.4086570617835124,-0.47570863608499314,4,6,False,False,False
C2_NMVT_X,40,-0.02455340803645112,-0.33828729402329655,0.2340294033957887,-0.23143809988992525,4,6,False,False,False
C1_NMV_X,40,-0.02804109641244512,-0.3720429697454868,0.38905957743451264,-0.1900467785826221,4,6,False,True,False
C1_NMV_M,0,-0.16472094512477797,-0.3740285463888839,0.36436397339584053,-0.5034105999823704,2,6,False,False,False
C3_EW_X,30,-0.03140227820023589,-0.39028975673282484,0.3302578311751871,-0.19886389170640473,2,6,False,True,False
C1_NMV_X,0,-0.16370913926351138,-0.3908217863270066,0.563796514642282,-0.5199093184409587,4,6,False,False,False
C1_IV_X,0,-0.15983494869259618,-0.4317367676844478,0.8882276971915761,-0.487181617801849,4,6,False,False,False
C3_NMVT_X,30,-0.034324435355734595,-0.43433677148545335,0.24787989651021347,-0.20338933887319488,4,6,False,False,False
C2_NMV_M,0,-0.18994736941132084,-0.4466974135365018,0.38124313255208997,-0.4741919895497756,4,6,False,False,False
C2_IV_X,0,-0.14623138493284427,-0.4639359870897046,0.5132949501700607,-0.4073370331661129,4,6,False,False,False
C2_EW_M,20,-0.03123410353780831,-0.49482365247217874,0.452793823711752,-0.1505088971576406,4,6,False,True,False
C3_IV_X,20,-0.03592061478230335,-0.5165307652255381,0.6326963451054058,-0.17366392291064126,2,6,False,True,False
C3_EW_X,40,-0.08362475120978985,-0.5296062822034011,0.11184662860424892,-0.228089040156638,2,6,False,False,False
C2_NMVT_M,20,-0.03792674743988822,-0.559106615477509,0.6002340124336986,-0.20437533419888032,4,6,False,False,False
C2_NMV_X,0,-0.23184285019515904,-0.5630931768311535,0.5913223281106245,-0.5076548754419614,4,6,False,False,False
C2_NMVT_X,0,-0.22117782795173546,-0.5660116387207411,0.4991325067167722,-0.4892762597236937,4,6,False,False,False
C3_IV_M,0,-0.18690749682007513,-0.5735296016759641,0.6381168804793623,-0.3788346976656126,4,6,False,False,False
C3_EW_M,20,-0.059928736167490615,-0.5777289908794473,0.5795030219704976,-0.16455978474262223,2,6,False,True,False
C2_IV_M,20,-0.03456358025977102,-0.5788481389069159,0.5686077156330382,-0.13339637759548761,4,6,False,True,False
C3_NMVT_X,40,-0.07882949639381231,-0.5898711290895122,-0.009831584221688866,-0.22625092901736144,2,6,False,False,False
C2_IV_M,0,-0.19730229267495625,-0.5973423933731049,0.3404708159609118,-0.4237874719455349,4,6,False,False,False
C1_EW_X,0,-0.2321395046490219,-0.6063402095028962,0.7452818820888559,-0.5318473540832386,4,6,False,False,False
C3_IV_M,20,-0.042340753808539966,-0.6137372968075814,0.6486187958547852,-0.15225668429257588,4,6,False,True,False
C2_EW_X,0,-0.21182756340669917,-0.6198363098486318,0.40391763814634446,-0.4367009676928929,4,6,False,False,False
C3_EW_X,20,-0.08584778032893514,-0.6237000530796426,0.4822579255185777,-0.2031542624110908,2,6,False,False,False
C3_NMV_M,0,-0.23874101878532628,-0.6350323226754349,0.776001145455323,-0.450826219996309,4,6,False,False,False
C3_NMV_X,30,-0.0524156491082165,-0.6367277314323188,0.20709783837970833,-0.21576811006858831,2,6,False,False,False
C1_NMVT_M,20,-0.04428454138281579,-0.6411911871182644,0.6334729723452504,-0.1820323207971698,4,6,False,True,False
C1_IV_M,30,-0.052416985426799734,-0.6448734563427598,0.38087401132054294,-0.1436326393176256,4,6,False,True,False
C2_NMV_M,20,-0.04762355245911776,-0.6473965534775504,0.4938079653241109,-0.20476974939363668,4,6,False,False,False
C2_NMVT_M,30,-0.05206801765040814,-0.6511503598759489,0.38073510649912073,-0.20437533419888032,4,6,False,False,False
C3_NMVT_X,20,-0.08326148815333845,-0.6658126561791373,0.45039255195737354,-0.20338933887319488,2,6,False,False,False
C3_IV_X,0,-0.21744207659056536,-0.6706366653009775,0.47199717319138496,-0.4277477653971795,4,6,False,False,False
C1_NMVT_X,0,-0.28832899795530065,-0.7115611369783263,0.4729209674208523,-0.5834195126228292,4,6,False,False,False
C3_NMVT_M,0,-0.2661825631073711,-0.7136256085006912,0.6197265314811112,-0.4559187935503761,4,6,False,False,False
C2_NMV_M,30,-0.06120328639328554,-0.7208399333062204,0.3151626528432944,-0.20476974939363668,4,6,False,False,False
C3_NMV_X,20,-0.0976524326443805,-0.7255877375545154,0.43582188378557,-0.21576811006858831,2,6,False,False,False
C2_NMV_M,40,-0.05374676178232052,-0.7517956496111101,0.2574447041084025,-0.20476974939363668,4,6,False,False,False
C1_NMV_M,20,-0.05297774355658458,-0.7584541946541052,0.7085788697377365,-0.1815340158001073,4,6,False,True,False
C2_NMVT_M,40,-0.05080156457415497,-0.7585757851946179,0.2875758509278505,-0.20437533419888032,4,6,False,False,False
C1_EW_M,30,-0.06317696878706736,-0.766854659153035,0.2692030622195816,-0.1661923275976549,4,6,False,True,False
C1_IV_M,40,-0.05607670902706208,-0.7701736251515522,0.2364156095765179,-0.1436326393176256,4,6,False,True,False
C1_EW_M,20,-0.05380496963020742,-0.7708046617936549,0.6872133591646022,-0.1661923275976549,4,6,False,True,False
C1_IV_M,20,-0.05446305057113898,-0.7900566578713454,0.7871617549869733,-0.14048159450495823,4,6,False,True,False
C3_NMVT_X,0,-0.2918757379259246,-0.7973784994573729,0.36467325476219986,-0.471286604081429,4,6,False,False,False
C3_NMV_X,40,-0.09831377738752611,-0.8128007907528136,-0.053197411168882956,-0.23659302193066645,2,6,False,False,False
C1_EW_M,40,-0.05989457298673895,-0.8240327776293264,0.1474396309130901,-0.1661923275976549,4,6,False,True,False
C3_EW_M,0,-0.28242368443134236,-0.8314766965313908,0.6277927429153976,-0.42693611753912,4,6,False,False,False
C2_EW_M,0,-0.29253133467527126,-0.8357070051562032,0.27282583901672997,-0.47835802426327256,4,6,False,False,False
C3_EW_X,0,-0.2875996870098423,-0.8500892783334846,0.4090871090624906,-0.4506934641178465,4,6,False,False,False
C3_NMV_X,0,-0.3116502605348971,-0.8506819189913998,0.35256561337558484,-0.4805258007082792,3,6,False,False,False
C1_NMVT_M,30,-0.07017134416064885,-0.8660639063517533,0.2033364253225679,-0.1815340158001073,4,6,False,True,False
C1_NMV_M,30,-0.08204403783054037,-1.0008776829966664,0.2585379313298556,-0.1815340158001073,4,6,False,True,False
C1_NMV_M,40,-0.09701576989223759,-1.3497954282561648,0.043395584981015145,-0.1907127521375207,4,6,False,True,False
C1_NMVT_M,40,-0.10209539779182764,-1.4092355283287725,-0.06842722352332727,-0.18621758324365045,4,6,False,True,False
