config_id,cumulative_return_AUR,cumulative_return_QAUR,maximum_drawdown_AUR,maximum_drawdown_QAUR,sharpe_zero_rf_AUR,sharpe_zero_rf_QAUR,worst_method_sharpe,worst_method_return
C1_IV_X,0.11161902734643814,0.11324402810700329,-0.10575803611759349,-0.10778780420055811,1.324846621749435,1.3626486114144145,1.324846621749435,0.11161902734643814
C1_EW_X,0.09740207532714917,0.09558085520509318,-0.10964671994214858,-0.11057419703129223,1.097843447075954,1.1180017392806112,1.097843447075954,0.09558085520509318
C2_IV_X,0.06399099607524872,0.07750236839271851,-0.06625212646838918,-0.06625212646838885,0.863414310506047,1.0196153381362096,0.863414310506047,0.06399099607524872
C3_NMVT_M,0.06630124457855202,0.06630124457855202,-0.09705241949760057,-0.09705241949760057,0.8208814431574084,0.8208814431574084,0.8208814431574084,0.06630124457855202
C3_IV_M,0.057615877497069645,0.057615877497069645,-0.08528124480436228,-0.08528124480436228,0.7453976401694175,0.7453976401694175,0.7453976401694175,0.057615877497069645
C3_NMV_M,0.05618478698388474,0.05618478698388474,-0.09726891195112675,-0.09726891195112675,0.7002235598542405,0.7002235598542405,0.7002235598542405,0.05618478698388474
C3_EW_M,0.05415390332875636,0.05415390332875636,-0.08774340117868662,-0.08774340117868662,0.6726969640791413,0.6726969640791413,0.6726969640791413,0.05415390332875636
C2_NMVT_X,0.04852652423443926,0.051623767489034744,-0.07300778034971611,-0.07270279178385786,0.6029026667598132,0.6306782328427326,0.6029026667598132,0.04852652423443926
C3_IV_X,0.045198487164223256,0.04300222834561529,-0.0891846915502601,-0.08918469155025965,0.5923107552857978,0.5640867943887925,0.5640867943887925,0.04300222834561529
C2_NMV_X,0.061112872494304415,0.047373195389308176,-0.08195668340082418,-0.08195668340082396,0.7515319217128983,0.5607373631885941,0.5607373631885941,0.047373195389308176
C2_EW_X,0.04261092152193369,0.05913211219566028,-0.07432306800311295,-0.07432306800311339,0.5519940843783686,0.7355837027794866,0.5519940843783686,0.04261092152193369
C2_EW_M,0.035744796833763415,0.035744796833763415,-0.08970537552645463,-0.08970537552645463,0.46141784979807055,0.46141784979807055,0.46141784979807055,0.035744796833763415
C2_IV_M,0.030040060016071735,0.030040060016071735,-0.09047040276827756,-0.09047040276827756,0.406293330125307,0.406293330125307,0.406293330125307,0.030040060016071735
C1_NMVT_X,0.0330264260635158,0.03832365531287252,-0.09989042755063726,-0.09598829621943006,0.3581238177304362,0.4469759829112982,0.3581238177304362,0.0330264260635158
C3_EW_X,0.02982680348654987,0.023314753557965417,-0.09843071617240529,-0.09843071617240551,0.37213651416555377,0.2899466334102117,0.2899466334102117,0.023314753557965417
C1_NMV_X,0.022134488122883322,0.023871818372742215,-0.1021114700529987,-0.09814904279279968,0.23222003620682674,0.27470633401003747,0.23222003620682674,0.022134488122883322
R_K10P6_CP20_S30,0.02821045436476277,0.01648432119776233,-0.08779291862204797,-0.08994520517670135,0.3725694572926943,0.2308666888063958,0.2308666888063958,0.01648432119776233
C2_NMVT_M,0.016224133680734498,0.016224133680734498,-0.08396877894072186,-0.08396877894072186,0.19708839361946942,0.19708839361946942,0.19708839361946942,0.016224133680734498
C1_IV_M,0.012765853172026276,0.012765853172026276,-0.08662726564555678,-0.08662726564555678,0.15170447521738714,0.15170447521738714,0.15170447521738714,0.012765853172026276
B00_current,0.04689890467285074,0.013056735294707744,-0.10129742597173919,-0.09491426082735033,0.4388824600343734,0.1299711825975689,0.1299711825975689,0.013056735294707744
C1_EW_M,0.008140924209889544,0.008140924209889544,-0.08788615445389336,-0.08788615445389336,0.09483693627606718,0.09483693627606718,0.09483693627606718,0.008140924209889544
R_K10P6_CP30_S30,0.03526134637900458,0.0065236461347522035,-0.08276402491514179,-0.08423026559933033,0.4635444541682499,0.07966501291457338,0.07966501291457338,0.0065236461347522035
C2_NMV_M,0.0059865780063683705,0.0059865780063683705,-0.08922122027500379,-0.08922122027500379,0.06915283382708465,0.06915283382708465,0.06915283382708465,0.0059865780063683705
C3_NMVT_X,0.01794440260534702,0.001296490936887107,-0.09515031919028971,-0.09515031920186134,0.2193848899642762,0.015578218010030112,0.015578218010030112,0.001296490936887107
R_K10P6_CP30_S15,0.028270103192427953,-0.00045514540435676043,-0.08808881237914978,-0.08063441108458014,0.3386154660096568,-0.006092988552801287,-0.006092988552801287,-0.00045514540435676043
C1_NMVT_M,-0.008514877637131768,-0.008514877637131768,-0.10027828419723017,-0.10027828419723017,-0.09584033633522002,-0.09584033633522002,-0.09584033633522002,-0.008514877637131768
C1_NMV_M,-0.011985562656484872,-0.011985562656484872,-0.09989665782585921,-0.09989665782585921,-0.13448847844550138,-0.13448847844550138,-0.13448847844550138,-0.011985562656484872
C3_NMV_X,0.006052669249507314,-0.014354844373480669,-0.10225323012145482,-0.10225323012145471,0.07187245995683719,-0.16641561903982266,-0.16641561903982266,-0.014354844373480669
P_K10P6_CP30_M200,-0.008260580940047113,-0.013407555343382449,-0.06203382398805202,-0.06122044566355067,-0.12280256814791592,-0.21469915175834547,-0.21469915175834547,-0.013407555343382449
R_K10P6_CP20_S15,-0.0032672002058365957,-0.01727393196037219,-0.08791015380404432,-0.0830223146315151,-0.04331038853577895,-0.22983143793212926,-0.22983143793212926,-0.01727393196037219
W_K8P4_CP30,-0.004792955813446409,-0.028712557284758078,-0.06759810044263648,-0.07990191367883381,-0.06484055663700836,-0.3867107178779424,-0.3867107178779424,-0.028712557284758078
P_K10P6_CP30_IC0_M120_VT15,-0.04135000453072568,-0.02591087572183215,-0.05144598266946765,-0.05062342316622259,-0.7925476914786622,-0.5051349631452068,-0.7925476914786622,-0.04135000453072568
P_K10P6_CP30_M120_VT15,-0.04135000453072568,-0.02591087572183215,-0.05144598266946765,-0.05062342316622259,-0.7925476914786622,-0.5051349631452068,-0.7925476914786622,-0.04135000453072568
P_K10P6_CP30_IC0_M120,-0.04135580209281475,-0.02591087572183215,-0.051445982973601145,-0.05062342316622259,-0.7926496139647304,-0.5051349631452068,-0.7926496139647304,-0.04135580209281475
P_K10P6_CP30_M120,-0.04135580209281475,-0.02591087572183215,-0.051445982973601145,-0.05062342316622259,-0.7926496139647304,-0.5051349631452068,-0.7926496139647304,-0.04135580209281475
W_K8P4_CP50,-0.013804661178359434,-0.14580591967524947,-0.06821547793878835,-0.19108797580177594,-0.17720143036856947,-1.5498839984747381,-1.5498839984747381,-0.14580591967524947
P_K10P6_CP30_IC0,-0.1271699557416348,-0.13165637808982134,-0.1665821894524525,-0.1772684650648786,-1.5261624080840477,-1.6649059432056446,-1.6649059432056446,-0.13165637808982134
P_K10P6_CP30_NONE,-0.1271699557416348,-0.13165637808982134,-0.1665821894524525,-0.1772684650648786,-1.5261624080840477,-1.6649059432056446,-1.6649059432056446,-0.13165637808982134
W_K10P6_CP30,-0.1271699557416348,-0.13165637808982134,-0.1665821894524525,-0.1772684650648786,-1.5261624080840477,-1.6649059432056446,-1.6649059432056446,-0.13165637808982134
W_K10P6_CP50,-0.14008706594225317,-0.1432980043161235,-0.16829334891368297,-0.16800787954203833,-1.6465689858591126,-1.6664236239380559,-1.6664236239380559,-0.1432980043161235
W_K10P6_CP75,-0.14365152996222097,-0.1408991822442882,-0.16873043157319978,-0.16677748961342753,-1.66082382881712,-1.6973710140719869,-1.6973710140719869,-0.14365152996222097
W_K8P4_CP75,-0.13973449931082316,-0.16268766586412953,-0.18090898127061317,-0.20330803129888964,-1.5274364485562697,-1.7143086042272118,-1.7143086042272118,-0.16268766586412953
P_K10P6_CP30_M60,-0.14511866728254097,-0.14156301697012463,-0.1859461269856295,-0.1889266941012523,-2.4314722366342543,-2.3668602191585983,-2.4314722366342543,-0.14511866728254097
